cell,kind,N,s_off,beta,design,estimand,n,truth,truth_pool,cover90,mcse90,cover50,mcse50,bias,rmse,width90,excl0,typeS,typeM,support@0.05,against@0.05,support@0.1,against@0.1,support@0.2,against@0.2,rhat>1.01,div>0,sec_median,truth_coder,tip_share_excl0,tip_median
L1-00,core,40,0.1,0.0,a,theta,200,-0.0012120472104771,-0.0006858612498394001,0.89,0.022124646889837583,0.59,0.0347778665245584,0.10649255928201466,0.17266126678237356,0.5427709307164723,0.11,1.0,306.78087120039703,0.04,0.0,0.03,0.0,0.015,0.07,,,,,,
L1-00,core,40,0.1,0.0,b10,gamma,100,,,,,,,,,3.378473983566528,0.05,,,,,,,,,0.12,0.31,1.2,,,
L1-00,core,40,0.1,0.0,b10,rho12,100,0.4672264818481,,0.76,0.04270831300812525,0.11,0.03128897569432403,-0.2627986617002235,0.2728584380573673,0.5487090371914691,1.0,0.0,0.43753474618833343,,,,,,,0.12,0.31,1.2,,,
L1-00,core,40,0.1,0.0,b10,theta,100,-0.0012120472104771001,-0.0006858612498394,0.96,0.019595917942265433,0.58,0.04935585071701227,0.015875357045562942,0.08734414840093467,0.32613123687930157,0.05,0.6,191.790822749812,0.01,0.12,0.0,0.25,0.0,0.55,0.12,0.31,1.2,,,
L1-00,core,40,0.1,0.0,b10,theta_fp,100,,,,,,,,,0.2916769052461827,0.11,,,,,,,,,0.12,0.31,1.2,,,
L1-00,core,40,0.1,0.0,b30,gamma,100,,,,,,,,,3.374009480264057,0.04,,,,,,,,,0.15,0.07,1.3,,,
L1-00,core,40,0.1,0.0,b30,rho12,100,0.4672264818481,,0.77,0.042083250825001625,0.22,0.04142463035441596,-0.21928368848063212,0.24439105275118225,0.5592678773241893,1.0,0.0,0.5306693926824047,,,,,,,0.15,0.07,1.3,,,
L1-00,core,40,0.1,0.0,b30,theta,100,-0.0012120472104771001,-0.0006858612498394,0.96,0.019595917942265433,0.6,0.04898979485566356,0.02215810796339037,0.09067727390068454,0.32717319810716183,0.04,0.75,218.11425517870268,0.01,0.1,0.0,0.21,0.0,0.56,0.15,0.07,1.3,,,
L1-00,core,40,0.1,0.0,b30,theta_fp,100,,,,,,,,,0.29200669384700356,0.16,,,,,,,,,0.15,0.07,1.3,,,
L1-00,core,40,0.1,0.0,c,gamma,100,,,,,,,,,3.491969410493934,0.05,,,,,,,,,0.23,0.0,5.3,,,
L1-00,core,40,0.1,0.0,c,theta_m,100,-0.00038991094178000005,,0.95,0.021794494717703377,0.63,0.048280430818293245,0.005141120681726237,0.05836635996293748,0.23114488074363826,0.05,0.6,379.0660366101347,0.0,0.11,0.0,0.39,0.0,0.76,0.23,0.0,5.3,-0.0012120472104771001,,
L1-00,core,40,0.1,0.0,c,theta_m_fp,100,,,,,,,,,0.09481134076665346,0.61,,,,,,,,,0.23,0.0,5.3,,,
L1-01,core,40,0.1,1.0,a,theta,200,0.1885045480235567,0.18810566438890455,0.975,0.011039701082909813,0.52,0.03532704346531139,0.009124505586247736,0.14249856571986516,0.558566963452344,0.29,0.0,1.9395152866936587,0.165,0.0,0.07,0.0,0.01,0.005,,,,,,
L1-01,core,40,0.1,1.0,b10,gamma,100,,,,,,,,,3.022907081525,0.19,,,,,,,,,0.06,0.26,1.2,,,
L1-01,core,40,0.1,1.0,b10,rho12,100,0.4510372482115557,,0.69,0.04624932431938871,0.13,0.03363034344160047,-0.25803715656308157,0.26924738408374366,0.5244201252542536,1.0,0.0,0.42790277834869384,,,,,,,0.06,0.26,1.2,,,
L1-01,core,40,0.1,1.0,b10,theta,100,0.18850454802355668,0.1881056643889045,0.8,0.04,0.33,0.04702127178203499,-0.07648468118320934,0.13357804975090878,0.3878263920864996,0.19,0.0,1.508626348811331,0.1,0.01,0.03,0.04,0.0,0.21,0.06,0.26,1.2,,,
L1-01,core,40,0.1,1.0,b10,theta_fp,100,,,,,,,,,0.37073507190172256,0.3,,,,,,,,,0.06,0.26,1.2,,,
L1-01,core,40,0.1,1.0,b30,gamma,100,,,,,,,,,3.017457138510325,0.21,,,,,,,,,0.2,0.06,1.2,,,
L1-01,core,40,0.1,1.0,b30,rho12,100,0.4510372482115557,,0.72,0.0448998886412873,0.25,0.04330127018922193,-0.2210986535614388,0.2482496491060255,0.5129714677036183,1.0,0.0,0.5097995687980651,,,,,,,0.2,0.06,1.2,,,
L1-01,core,40,0.1,1.0,b30,theta,100,0.18850454802355668,0.1881056643889045,0.79,0.0407308237088326,0.35,0.047696960070847276,-0.07303898865264474,0.12957618688188824,0.37885688915592064,0.21,0.0,1.4522681292000266,0.12,0.01,0.03,0.04,0.0,0.22,0.2,0.06,1.2,,,
L1-01,core,40,0.1,1.0,b30,theta_fp,100,,,,,,,,,0.34722967238036107,0.38,,,,,,,,,0.2,0.06,1.2,,,
L1-01,core,40,0.1,1.0,c,gamma,100,,,,,,,,,3.289934828231466,0.21,,,,,,,,,0.17,0.0,5.5,,,
L1-01,core,40,0.1,1.0,c,theta_m,100,0.17384931770766887,,0.75,0.04330127018922193,0.31,0.04624932431938871,-0.07958834748003339,0.12060019931651524,0.3060430590706466,0.21,0.0,1.3247756854288137,0.07,0.03,0.01,0.09,0.01,0.32,0.17,0.0,5.5,0.18850454802355668,,
L1-01,core,40,0.1,1.0,c,theta_m_fp,100,,,,,,,,,0.14440678393714185,0.83,,,,,,,,,0.17,0.0,5.5,,,
L1-02,core,40,0.2,0.0,a,theta,200,0.0007972374357420002,-0.0013446354622311002,0.91,0.02023610634484806,0.53,0.03529164207004259,0.037915316942355774,0.13038813213170536,0.43000918401884447,0.09,0.2222222222222222,361.9888858659557,0.05,0.04,0.01,0.105,0.0,0.355,,,,,,
L1-02,core,40,0.2,0.0,b10,gamma,100,,,,,,,,,2.7871307374173435,0.1,,,,,,,,,0.11,0.27,1.2,,,
L1-02,core,40,0.2,0.0,b10,rho12,100,0.4675216705994324,,0.7,0.045825756949558406,0.16,0.03666060555964672,-0.25827345996868795,0.27330802520937214,0.5478967012177635,1.0,0.0,0.44756900864607424,,,,,,,0.11,0.27,1.2,,,
L1-02,core,40,0.2,0.0,b10,theta,100,0.0007972374357420003,-0.0013446354622311002,0.9,0.03,0.45,0.049749371855331,-0.010203559460796952,0.0768503650182745,0.2708282157438092,0.1,0.8,174.86797972022796,0.0,0.21,0.0,0.44,0.0,0.71,0.11,0.27,1.2,,,
L1-02,core,40,0.2,0.0,b10,theta_fp,100,0.005886924709319068,,0.87,0.03363034344160047,0.44,0.04963869458396343,-0.010448809763399685,0.072453379980247,0.24056505367287467,0.18,0.7222222222222222,24.433368008477604,,,,,,,0.11,0.27,1.2,,,
L1-02,core,40,0.2,0.0,b30,gamma,100,,,,,,,,,2.7560648554420935,0.07,,,,,,,,,0.13,0.02,1.3,,,
L1-02,core,40,0.2,0.0,b30,rho12,100,0.4675216705994324,,0.75,0.04330127018922193,0.26,0.04386342439892262,-0.21925080143480657,0.24574718324397862,0.5464060551984736,1.0,0.0,0.5310360669406095,,,,,,,0.13,0.02,1.3,,,
L1-02,core,40,0.2,0.0,b30,theta,100,0.0007972374357420003,-0.0013446354622311002,0.93,0.02551470164434614,0.52,0.049959983987187186,-0.006424732605773547,0.07216506569098538,0.26349972866273264,0.07,0.8571428571428571,173.55079334726292,0.0,0.18,0.0,0.41,0.0,0.73,0.13,0.02,1.3,,,
L1-02,core,40,0.2,0.0,b30,theta_fp,100,0.0058869247093190705,,0.9,0.03,0.49,0.04998999899979995,-0.005643735014507993,0.06831134571572658,0.2257033409154843,0.22,0.6363636363636364,22.193753575228317,,,,,,,0.13,0.02,1.3,,,
L1-02,core,40,0.2,0.0,c,gamma,100,,,,,,,,,3.0462429671671076,0.1,,,,,,,,,0.22,0.0,5.6,,,
L1-02,core,40,0.2,0.0,c,theta_m,100,0.0009652169361439002,,0.89,0.031288975694324025,0.49,0.04998999899979995,-0.021292677236214242,0.04992274117827033,0.18766845222243944,0.1,1.0,95.94669196287934,0.0,0.38,0.0,0.58,0.0,0.97,0.22,0.0,5.6,0.0007972374357420003,,
L1-02,core,40,0.2,0.0,c,theta_m_fp,100,0.004318305704249199,,0.76,0.04270831300812525,0.38,0.048538644398046386,0.011754797761993894,0.04629108873873257,0.08055441136292665,0.68,0.4264705882352941,20.970057759655987,,,,,,,0.22,0.0,5.6,,,
L1-03,core,40,0.2,1.0,a,theta,200,0.17175717984951747,0.1732301946956783,0.935,0.01743201078476031,0.545,0.035211858797853886,0.02211361591455979,0.1348433551075907,0.483995932022039,0.355,0.0,1.951720392972421,0.23,0.0,0.125,0.01,0.025,0.05,,,,,,
L1-03,core,40,0.2,1.0,b10,gamma,100,,,,,,,,,2.5915770354147796,0.26,,,,,,,,,0.14,0.21,1.2,,,
L1-03,core,40,0.2,1.0,b10,rho12,100,0.4339636543276677,,0.83,0.037563279941985904,0.22,0.04142463035441596,-0.21807229835950875,0.23278519647122337,0.5470192045833395,1.0,0.0,0.49748718312052076,,,,,,,0.14,0.21,1.2,,,
L1-03,core,40,0.2,1.0,b10,theta,100,0.1717571798495175,0.1732301946956782,0.86,0.03469870314579494,0.39,0.048774993593028795,-0.04935913117354151,0.11470229583250616,0.3473836084046924,0.26,0.0,1.4681610953148687,0.11,0.02,0.07,0.04,0.0,0.21,0.14,0.21,1.2,,,
L1-03,core,40,0.2,1.0,b10,theta_fp,100,0.17675585898067403,,0.93,0.02551470164434614,0.47,0.04990991885387112,-0.029255227304974204,0.08592646406072718,0.3094298764616238,0.5,0.02,1.3299060757271406,,,,,,,0.14,0.21,1.2,,,
L1-03,core,40,0.2,1.0,b30,gamma,100,,,,,,,,,2.5817523386889456,0.32,,,,,,,,,0.16,0.04,1.3,,,
L1-03,core,40,0.2,1.0,b30,rho12,100,0.4339636543276677,,0.8,0.04,0.32,0.0466476151587624,-0.17861274909380553,0.20854071306391883,0.5518584046266748,1.0,0.0,0.5884154184051951,,,,,,,0.16,0.04,1.3,,,
L1-03,core,40,0.2,1.0,b30,theta,100,0.1717571798495175,0.1732301946956782,0.88,0.03249615361854384,0.45,0.049749371855331,-0.041973365515645254,0.1080713129950579,0.3346516487134355,0.32,0.0,1.349219650676929,0.13,0.02,0.1,0.03,0.0,0.16,0.16,0.04,1.3,,,
L1-03,core,40,0.2,1.0,b30,theta_fp,100,0.176755858980674,,0.92,0.027129319932501065,0.53,0.04990991885387112,-0.017290481451816206,0.07992541466804355,0.2850064988761866,0.57,0.0,1.321757473940688,,,,,,,0.16,0.04,1.3,,,
L1-03,core,40,0.2,1.0,c,gamma,100,,,,,,,,,2.8330608424920474,0.22,,,,,,,,,0.2,0.0,5.35,,,
L1-03,core,40,0.2,1.0,c,theta_m,100,0.15314339238921973,,0.74,0.04386342439892262,0.3,0.0458257569495584,-0.0710554056191865,0.09942178666787299,0.2498691554614727,0.22,0.0,1.134348008531516,0.07,0.01,0.0,0.07,0.0,0.44,0.2,0.0,5.35,0.1717571798495175,,
L1-03,core,40,0.2,1.0,c,theta_m_fp,100,0.156763161329282,,0.84,0.036660605559646724,0.5,0.05,0.004739034663985668,0.04770496088862398,0.10702909680727549,0.88,0.022727272727272728,1.1787932460319552,,,,,,,0.2,0.0,5.35,,,
L1-04,core,40,0.3,0.0,a,theta,200,-0.0013789479534839998,-0.0025104475813266004,0.93,0.01804161855266871,0.44,0.03509985754956849,0.04171787347149269,0.12205075454654875,0.39676140734984633,0.07,0.7142857142857143,187.3574122616382,0.02,0.07,0.02,0.155,0.0,0.34,,,,,,
L1-04,core,40,0.3,0.0,b10,gamma,100,,,,,,,,,2.6019180818000507,0.11,,,,,,,,,0.12,0.3,1.3,,,
L1-04,core,40,0.3,0.0,b10,rho12,100,0.4691890238420544,,0.74,0.04386342439892262,0.16,0.03666060555964672,-0.24624881293649112,0.26298896039493935,0.534064418067973,1.0,0.0,0.4751607552111296,,,,,,,0.12,0.3,1.3,,,
L1-04,core,40,0.3,0.0,b10,theta,100,-0.0013789479534840002,-0.0025104475813266004,0.89,0.031288975694324025,0.46,0.04983974317750845,-0.012909533490690012,0.06986349763895389,0.2423242608061043,0.11,0.09090909090909091,90.87266307280413,0.0,0.31,0.0,0.51,0.0,0.84,0.12,0.3,1.3,,,
L1-04,core,40,0.3,0.0,b10,theta_fp,100,-0.0013070057597760524,,0.91,0.028618176042508364,0.56,0.04963869458396342,-0.003713139529519456,0.06255173884903595,0.2115393157531794,0.19,0.3684210526315789,105.44564039761974,,,,,,,0.12,0.3,1.3,,,
L1-04,core,40,0.3,0.0,b30,gamma,100,,,,,,,,,2.5446685114395997,0.1,,,,,,,,,0.13,0.01,1.3,,,
L1-04,core,40,0.3,0.0,b30,rho12,100,0.4691890238420544,,0.8,0.04,0.29,0.045376205218153706,-0.1951734408360832,0.2296330364993756,0.5613891081310918,1.0,0.0,0.5840195935577008,,,,,,,0.13,0.01,1.3,,,
L1-04,core,40,0.3,0.0,b30,theta,100,-0.0013789479534840002,-0.0025104475813266004,0.9,0.03,0.46,0.04983974317750845,-0.007490283255437353,0.06650969937551054,0.2360697582509198,0.1,0.1,81.24335546375654,0.0,0.28,0.0,0.51,0.0,0.81,0.13,0.01,1.3,,,
L1-04,core,40,0.3,0.0,b30,theta_fp,100,-0.0013070057597760509,,0.87,0.03363034344160047,0.54,0.04983974317750845,0.0031702758314470013,0.05769988949936327,0.19569663401734394,0.21,0.47619047619047616,104.2452111154993,,,,,,,0.13,0.01,1.3,,,
L1-04,core,40,0.3,0.0,c,gamma,100,,,,,,,,,2.738755510243808,0.19,,,,,,,,,0.2,0.0,5.6,,,
L1-04,core,40,0.3,0.0,c,theta_m,100,-0.0007549393289524,,0.81,0.03923009049186606,0.34,0.04737087712930804,-0.033982596216587974,0.0578674398515526,0.1742831838942392,0.19,0.05263157894736842,118.62330243715832,0.0,0.55,0.0,0.74,0.0,0.97,0.2,0.0,5.6,-0.0013789479534840002,,
L1-04,core,40,0.3,0.0,c,theta_m_fp,100,0.0028288188376301092,,0.8,0.04,0.41,0.04918333050943175,0.006812743623892233,0.03177828699156924,0.07125357546223626,0.64,0.484375,30.216059880833082,,,,,,,0.2,0.0,5.6,,,
L1-05,core,40,0.3,1.0,a,theta,200,0.15713414166969636,0.15649116067096,0.92,0.019183326093250873,0.54,0.035242020373412196,-0.012359156116225926,0.1167230343301221,0.4230481821143352,0.275,0.0,1.7740942556479167,0.13,0.015,0.065,0.03,0.005,0.13,,,,,,
L1-05,core,40,0.3,1.0,b10,gamma,100,,,,,,,,,2.4107628618388643,0.25,,,,,,,,,0.07,0.21,1.2,,,
L1-05,core,40,0.3,1.0,b10,rho12,100,0.42726703899010743,,0.77,0.042083250825001625,0.2,0.04,-0.21608962871262682,0.23282203178234454,0.5549927137740873,1.0,0.0,0.49425158274933034,,,,,,,0.07,0.21,1.2,,,
L1-05,core,40,0.3,1.0,b10,theta,100,0.15713414166969633,0.15649116067096,0.76,0.04270831300812525,0.4,0.04898979485566356,-0.06725483266276883,0.10675055653207442,0.28557629368296017,0.25,0.0,1.2175496245150643,0.04,0.03,0.03,0.1,0.0,0.36,0.07,0.21,1.2,,,
L1-05,core,40,0.3,1.0,b10,theta_fp,100,0.14174372970256957,,0.87,0.03363034344160047,0.41,0.04918333050943175,-0.0312645123766134,0.08257858322726522,0.2531772749060439,0.48,0.0,1.2705346182080335,,,,,,,0.07,0.21,1.2,,,
L1-05,core,40,0.3,1.0,b30,gamma,100,,,,,,,,,2.321892246123543,0.33,,,,,,,,,0.18,0.03,1.3,,,
L1-05,core,40,0.3,1.0,b30,rho12,100,0.42726703899010743,,0.79,0.0407308237088326,0.27,0.044395945760846225,-0.1959855549328714,0.21885364298698493,0.5413695871769668,1.0,0.0,0.5413042967318404,,,,,,,0.18,0.03,1.3,,,
L1-05,core,40,0.3,1.0,b30,theta,100,0.15713414166969633,0.15649116067096,0.74,0.04386342439892262,0.37,0.048280430818293245,-0.05899488859099426,0.10158573582576637,0.27429154682503065,0.33,0.0,1.1694519982477989,0.1,0.02,0.02,0.07,0.0,0.33,0.18,0.03,1.3,,,
L1-05,core,40,0.3,1.0,b30,theta_fp,100,0.14174372970256957,,0.85,0.035707142142714254,0.41,0.04918333050943175,-0.020682077154784803,0.07834534926287554,0.23911466079855942,0.61,0.0,1.248490714874463,,,,,,,0.18,0.03,1.3,,,
L1-05,core,40,0.3,1.0,c,gamma,100,,,,,,,,,2.5130274315539034,0.18,,,,,,,,,0.24,0.0,5.4,,,
L1-05,core,40,0.3,1.0,c,theta_m,100,0.13639547333441038,,0.61,0.048774993593028795,0.17,0.0375632799419859,-0.07769455964356797,0.09904562744535042,0.19679890217750218,0.18,0.05555555555555555,1.1314290816619614,0.07,0.04,0.02,0.19,0.0,0.74,0.24,0.0,5.4,0.15713414166969633,,
L1-05,core,40,0.3,1.0,c,theta_m_fp,100,0.1142775914827748,,0.79,0.0407308237088326,0.42,0.04935585071701227,0.006219058347228213,0.036367114725562796,0.08361361983814805,0.83,0.012048192771084338,1.26294933844729,,,,,,,0.24,0.0,5.4,,,
L1-06,core,80,0.1,0.0,a,theta,200,-0.0008345912306207004,0.00033862539709990006,0.96,0.013856406460551024,0.575,0.03495532863527391,0.061134805210964774,0.1094453402652644,0.4129850295504939,0.04,1.0,311.1427896333934,0.01,0.005,0.0,0.03,0.0,0.22,,,,,,
L1-06,core,80,0.1,0.0,b10,gamma,100,,,,,,,,,2.71989826457689,0.05,,,,,,,,,0.21,0.49,2.1,,,
L1-06,core,80,0.1,0.0,b10,rho12,100,0.4682768962855917,,0.75,0.04330127018922193,0.23,0.042083250825001625,-0.23638903973973688,0.2584409097370225,0.5383818987888997,1.0,0.0,0.4951938871748893,,,,,,,0.21,0.49,2.1,,,
L1-06,core,80,0.1,0.0,b10,theta,100,-0.0008345912306207002,0.00033862539709989995,0.95,0.021794494717703377,0.53,0.04990991885387112,0.001999558421847667,0.0681554842141605,0.2448865929468997,0.05,0.2,145.03226535145842,0.0,0.17,0.0,0.37,0.0,0.74,0.21,0.49,2.1,,,
L1-06,core,80,0.1,0.0,b10,theta_fp,100,-0.010905946872713169,,0.82,0.0384187454245971,0.45,0.049749371855331,0.015180369355336808,0.07552049951712901,0.2208959237483324,0.17,0.35294117647058826,12.860602637531104,,,,,,,0.21,0.49,2.1,,,
L1-06,core,80,0.1,0.0,b30,gamma,100,,,,,,,,,2.658193904168229,0.05,,,,,,,,,0.29,0.24,2.1,,,
L1-06,core,80,0.1,0.0,b30,rho12,100,0.4682768962855917,,0.74,0.04386342439892262,0.23,0.042083250825001625,-0.2123272427508207,0.24484798633727334,0.5425126044364106,1.0,0.0,0.5465775816936156,,,,,,,0.29,0.24,2.1,,,
L1-06,core,80,0.1,0.0,b30,theta,100,-0.0008345912306207002,0.00033862539709989995,0.94,0.023748684174075843,0.51,0.04998999899979995,0.006523132735429624,0.06894042474582857,0.24228226077182816,0.05,0.6,183.8596352695209,0.0,0.17,0.0,0.39,0.0,0.76,0.29,0.24,2.1,,,
L1-06,core,80,0.1,0.0,b30,theta_fp,100,-0.010905946872713169,,0.79,0.0407308237088326,0.46,0.04983974317750845,0.019879129411559924,0.07739797917432854,0.2105524249623896,0.18,0.4444444444444444,13.279643233296685,,,,,,,0.29,0.24,2.1,,,
L1-06,core,80,0.1,0.0,c,gamma,100,,,,,,,,,2.9381424198814217,0.04,,,,,,,,,0.4,0.0,8.5,,,
L1-06,core,80,0.1,0.0,c,theta_m,100,2.8600462273598023e-05,,0.96,0.019595917942265433,0.59,0.04918333050943175,0.006113314960762942,0.04622196007671815,0.183830597475375,0.04,0.25,4251.633520327977,0.0,0.18,0.0,0.49,0.0,0.89,0.4,0.0,8.5,-0.0008345912306207002,,
L1-06,core,80,0.1,0.0,c,theta_m_fp,100,-0.007572116244051905,,0.59,0.04918333050943175,0.28,0.0448998886412873,0.04455279036370217,0.08272204119190021,0.07469265628573646,0.64,0.6875,13.326185773867998,,,,,,,0.4,0.0,8.5,,,
L1-07,core,80,0.1,1.0,a,theta,200,0.19287599846660483,0.19733706505518808,0.95,0.015411035007422448,0.525,0.035311117229563836,0.009502372655167216,0.12692577036381972,0.4596039814059515,0.45,0.0,1.627431170354486,0.27,0.005,0.14,0.005,0.02,0.045,,,,,,
L1-07,core,80,0.1,1.0,b10,gamma,100,,,,,,,,,2.591223308323858,0.37,,,,,,,,,0.22,0.41,2.1,,,
L1-07,core,80,0.1,1.0,b10,rho12,100,0.4504158988468873,,0.75,0.04330127018922193,0.15,0.035707142142714254,-0.2391967667685798,0.2522038235836109,0.5509984926206399,1.0,0.0,0.4689424432375749,,,,,,,0.22,0.41,2.1,,,
L1-07,core,80,0.1,1.0,b10,theta,100,0.1928759984666048,0.19733706505518803,0.88,0.03249615361854384,0.49,0.04998999899979995,-0.048702436839627467,0.10264588964074324,0.3473725222749591,0.37,0.0,1.1982895064294394,0.17,0.0,0.07,0.01,0.0,0.12,0.22,0.41,2.1,,,
L1-07,core,80,0.1,1.0,b10,theta_fp,100,0.19540150562176428,,0.89,0.031288975694324025,0.56,0.04963869458396342,-0.030251598877380173,0.09573598178174897,0.3153955357666729,0.56,0.0,1.1689997662762515,,,,,,,0.22,0.41,2.1,,,
L1-07,core,80,0.1,1.0,b30,gamma,100,,,,,,,,,2.502188719497564,0.46,,,,,,,,,0.27,0.25,2.2,,,
L1-07,core,80,0.1,1.0,b30,rho12,100,0.4504158988468873,,0.69,0.04624932431938871,0.29,0.045376205218153706,-0.20844534223794395,0.23729051775216076,0.5334441745346182,1.0,0.0,0.5372158425766362,,,,,,,0.27,0.25,2.2,,,
L1-07,core,80,0.1,1.0,b30,theta,100,0.1928759984666048,0.19733706505518803,0.87,0.03363034344160047,0.5,0.05,-0.04121049421910301,0.09830505412200964,0.3356529847431109,0.46,0.0,1.145661506649004,0.2,0.0,0.08,0.0,0.0,0.13,0.27,0.25,2.2,,,
L1-07,core,80,0.1,1.0,b30,theta_fp,100,0.19540150562176428,,0.89,0.031288975694324025,0.53,0.04990991885387112,-0.020548424495200442,0.09009659748378107,0.3026491877169811,0.69,0.0,1.1208479110861422,,,,,,,0.27,0.25,2.2,,,
L1-07,core,80,0.1,1.0,c,gamma,100,,,,,,,,,2.781758949131863,0.47,,,,,,,,,0.48,0.0,7.8,,,
L1-07,core,80,0.1,1.0,c,theta_m,100,0.18135647210982467,,0.82,0.0384187454245971,0.35,0.047696960070847276,-0.06090142339888988,0.09286586038668751,0.2616615459699263,0.47,0.0,0.9857157083515118,0.18,0.0,0.04,0.02,0.0,0.2,0.48,0.0,7.8,0.1928759984666048,,
L1-07,core,80,0.1,1.0,c,theta_m_fp,100,0.18674048982022498,,0.7,0.045825756949558406,0.38,0.048538644398046386,0.01752812956874769,0.06326882740252171,0.1067929059490498,0.95,0.010526315789473684,1.1562747923700925,,,,,,,0.48,0.0,7.8,,,
L1-08,core,80,0.2,0.0,a,theta,200,0.0028032460957646,0.0014674613545916997,0.905,0.02073342711661533,0.505,0.03535357124817803,0.029356928706236084,0.10048843311623487,0.33527983252055854,0.095,0.3157894736842105,73.26725016358625,0.015,0.07,0.005,0.185,0.0,0.46,,,,,,
L1-08,core,80,0.2,0.0,b10,gamma,100,,,,,,,,,2.3282743868545444,0.13,,,,,,,,,0.27,0.43,2.1,,,
L1-08,core,80,0.2,0.0,b10,rho12,100,0.4686182117233543,,0.84,0.036660605559646724,0.23,0.042083250825001625,-0.2209559872820715,0.24026108067363697,0.5773469975828591,1.0,0.0,0.5284946641968935,,,,,,,0.27,0.43,2.1,,,
L1-08,core,80,0.2,0.0,b10,theta,100,0.0028032460957646,0.0014674613545916995,0.87,0.03363034344160047,0.43,0.04950757517794625,-0.014286314742159937,0.06878418838305624,0.2203229394429994,0.13,0.8461538461538461,43.73438138368269,0.0,0.3,0.0,0.55,0.0,0.86,0.27,0.43,2.1,,,
L1-08,core,80,0.2,0.0,b10,theta_fp,100,-0.0015538110423332285,,0.88,0.03249615361854384,0.47,0.04990991885387112,-0.005399615072407887,0.06195005308799637,0.190169993584795,0.22,0.36363636363636365,78.38662861852282,,,,,,,0.27,0.43,2.1,,,
L1-08,core,80,0.2,0.0,b30,gamma,100,,,,,,,,,2.2517287520475318,0.09,,,,,,,,,0.35,0.35,2.4,,,
L1-08,core,80,0.2,0.0,b30,rho12,100,0.4686182117233543,,0.84,0.036660605559646724,0.3,0.0458257569495584,-0.18611276510080002,0.2187949193437564,0.5618520182573482,1.0,0.0,0.6028477757696057,,,,,,,0.35,0.35,2.4,,,
L1-08,core,80,0.2,0.0,b30,theta,100,0.0028032460957646,0.0014674613545916995,0.91,0.028618176042508364,0.45,0.049749371855331,-0.008988616044176728,0.06565034497086274,0.2146917171385009,0.09,0.6666666666666666,46.140135636843496,0.0,0.32,0.0,0.47,0.0,0.89,0.35,0.35,2.4,,,
L1-08,core,80,0.2,0.0,b30,theta_fp,100,-0.0015538110423332285,,0.92,0.027129319932501065,0.43,0.04950757517794625,-0.0006802106603108069,0.05503648931988309,0.1763367570118324,0.24,0.3333333333333333,72.7955143451838,,,,,,,0.35,0.35,2.4,,,
L1-08,core,80,0.2,0.0,c,gamma,100,,,,,,,,,2.570678174130196,0.11,,,,,,,,,0.38,0.0,7.5,,,
L1-08,core,80,0.2,0.0,c,theta_m,100,0.0007016059830903998,,0.89,0.031288975694324025,0.47,0.04990991885387112,-0.01586946237880076,0.043252664091646596,0.1523300798854138,0.11,0.9090909090909091,104.34771840752825,0.0,0.43,0.0,0.74,0.0,1.0,0.38,0.0,7.5,0.0028032460957646,,
L1-08,core,80,0.2,0.0,c,theta_m_fp,100,0.0020652517250056334,,0.63,0.048280430818293245,0.34,0.04737087712930804,0.01228663080287152,0.03337920531520407,0.060822704266413403,0.75,0.4666666666666667,35.04927842699806,,,,,,,0.38,0.0,7.5,,,
L1-09,core,80,0.2,1.0,a,theta,200,0.17304888255481438,0.1710481954066543,0.91,0.02023610634484806,0.51,0.03534826728426727,0.014060211789054361,0.11171406116544241,0.3713566871802818,0.565,0.0,1.5105070840687922,0.325,0.005,0.165,0.01,0.025,0.07,,,,,,
L1-09,core,80,0.2,1.0,b10,gamma,100,,,,,,,,,2.114825218975866,0.42,,,,,,,,,0.17,0.41,2.1,,,
L1-09,core,80,0.2,1.0,b10,rho12,100,0.4389969457780718,,0.75,0.04330127018922193,0.26,0.04386342439892262,-0.21686071929360715,0.2384242134290655,0.5316449555969469,1.0,0.0,0.5060085921344024,,,,,,,0.17,0.41,2.1,,,
L1-09,core,80,0.2,1.0,b10,theta,100,0.17304888255481432,0.17104819540665436,0.82,0.0384187454245971,0.34,0.04737087712930804,-0.05622688634774278,0.09746349498328619,0.26211494376342703,0.42,0.0,1.0910870784648614,0.19,0.0,0.06,0.05,0.0,0.32,0.17,0.41,2.1,,,
L1-09,core,80,0.2,1.0,b10,theta_fp,100,0.1740369392746339,,0.8,0.04,0.45,0.049749371855331,-0.04207724127712297,0.0832646183802214,0.22451821496569013,0.59,0.0,1.0641142664477887,,,,,,,0.17,0.41,2.1,,,
L1-09,core,80,0.2,1.0,b30,gamma,100,,,,,,,,,2.095148704311395,0.5,,,,,,,,,0.32,0.19,2.4,,,
L1-09,core,80,0.2,1.0,b30,rho12,100,0.4389969457780718,,0.79,0.0407308237088326,0.37,0.048280430818293245,-0.16772006905751577,0.20347814155788263,0.5468289722751996,1.0,0.0,0.6179470707700457,,,,,,,0.32,0.19,2.4,,,
L1-09,core,80,0.2,1.0,b30,theta,100,0.17304888255481432,0.17104819540665436,0.85,0.035707142142714254,0.37,0.048280430818293245,-0.0477197231974047,0.0888878344965082,0.2501751588642753,0.5,0.0,1.052853563116998,0.25,0.0,0.07,0.02,0.0,0.29,0.32,0.19,2.4,,,
L1-09,core,80,0.2,1.0,b30,theta_fp,100,0.17403693927463387,,0.84,0.036660605559646724,0.46,0.04983974317750845,-0.031480894387347524,0.07273065680418642,0.2095338689374627,0.71,0.0,1.0281227624507256,,,,,,,0.32,0.19,2.4,,,
L1-09,core,80,0.2,1.0,c,gamma,100,,,,,,,,,2.2843206041881414,0.6,,,,,,,,,0.42,0.0,7.5,,,
L1-09,core,80,0.2,1.0,c,theta_m,100,0.15278618029623853,,0.79,0.0407308237088326,0.33,0.04702127178203499,-0.045655714489070694,0.07777575612508743,0.19694343356096153,0.6,0.0,0.9431400015328053,0.2,0.01,0.06,0.05,0.0,0.48,0.42,0.0,7.5,0.17304888255481432,,
L1-09,core,80,0.2,1.0,c,theta_m_fp,100,0.15388797123484127,,0.63,0.048280430818293245,0.3,0.0458257569495584,0.010324680931465874,0.04134500466884536,0.0749168983252874,0.94,0.0,1.1257769820004944,,,,,,,0.42,0.0,7.5,,,
L1-10,core,80,0.3,0.0,a,theta,200,-0.0003308260915734,-0.0012969997721083003,0.935,0.01743201078476031,0.53,0.03529164207004259,0.02039343422538239,0.07810927031664767,0.2883763206401492,0.065,0.5384615384615384,488.2472546462086,0.005,0.085,0.0,0.25,0.0,0.645,,,,,,
L1-10,core,80,0.3,0.0,b10,gamma,100,,,,,,,,,2.048166985340657,0.07,,,,,,,,,0.28,0.3,2.1,,,
L1-10,core,80,0.3,0.0,b10,rho12,100,0.4677510653437462,,0.75,0.04330127018922193,0.28,0.0448998886412873,-0.21076509078015454,0.23688410187837566,0.5658094960229405,1.0,0.0,0.5494075665540916,,,,,,,0.28,0.3,2.1,,,
L1-10,core,80,0.3,0.0,b10,theta,100,-0.00033082609157340006,-0.0012969997721082999,0.93,0.02551470164434614,0.55,0.049749371855330994,-0.007225218265652086,0.04940545667809942,0.19495896820852154,0.07,0.0,288.7108127729743,0.0,0.26,0.0,0.53,0.0,0.95,0.28,0.3,2.1,,,
L1-10,core,80,0.3,0.0,b10,theta_fp,100,0.0005750147062714283,,0.93,0.02551470164434614,0.56,0.04963869458396342,-0.0013436043633594844,0.04390839530299894,0.16518353957340803,0.12,0.5833333333333334,175.21619138272834,,,,,,,0.28,0.3,2.1,,,
L1-10,core,80,0.3,0.0,b30,gamma,100,,,,,,,,,1.938173657921025,0.09,,,,,,,,,0.4,0.18,2.3,,,
L1-10,core,80,0.3,0.0,b30,rho12,100,0.4677510653437462,,0.75,0.04330127018922193,0.35,0.047696960070847276,-0.1897307050413336,0.22240392976109366,0.5318911099572978,1.0,0.0,0.5943767548623277,,,,,,,0.4,0.18,2.3,,,
L1-10,core,80,0.3,0.0,b30,theta,100,-0.00033082609157340006,-0.0012969997721082999,0.9,0.03,0.55,0.049749371855330994,0.00017616092648657398,0.05145444491596168,0.18413426199262378,0.09,0.2222222222222222,305.8763427669107,0.0,0.25,0.0,0.55,0.0,0.92,0.4,0.18,2.3,,,
L1-10,core,80,0.3,0.0,b30,theta_fp,100,0.0005750147062714271,,0.92,0.027129319932501065,0.55,0.049749371855330994,0.006498559883309361,0.046864784516342184,0.15230543929498694,0.19,0.47368421052631576,174.41307396600817,,,,,,,0.4,0.18,2.3,,,
L1-10,core,80,0.3,0.0,c,gamma,100,,,,,,,,,2.3009185464856143,0.21,,,,,,,,,0.51,0.0,7.4,,,
L1-10,core,80,0.3,0.0,c,theta_m,100,0.0007443168180398997,,0.78,0.04142463035441595,0.41,0.04918333050943175,-0.02482078208217644,0.045763558277044175,0.13094121693017025,0.21,0.9523809523809523,98.00358189279223,0.0,0.56,0.0,0.85,0.0,1.0,0.51,0.0,7.4,-0.00033082609157340006,,
L1-10,core,80,0.3,0.0,c,theta_m_fp,100,0.000560328105871958,,0.75,0.04330127018922193,0.31,0.04624932431938871,0.007708812992410902,0.02380932704477229,0.0500336928076934,0.66,0.45454545454545453,108.25065493451086,,,,,,,0.51,0.0,7.4,,,
L1-11,core,80,0.3,1.0,a,theta,200,0.16126088727419988,0.15997013171572533,0.925,0.01862458053218917,0.51,0.03534826728426727,0.002135099704008164,0.08756892868484577,0.316438373988286,0.555,0.0,1.3846673911525744,0.315,0.005,0.135,0.005,0.01,0.08,,,,,,
L1-11,core,80,0.3,1.0,b10,gamma,100,,,,,,,,,1.9006016059134014,0.51,,,,,,,,,0.22,0.22,2.1,,,
L1-11,core,80,0.3,1.0,b10,rho12,100,0.42594195633906706,,0.76,0.04270831300812525,0.25,0.04330127018922193,-0.19942379673933192,0.21996549758137104,0.5123551847167089,1.0,0.0,0.5318052289251765,,,,,,,0.22,0.22,2.1,,,
L1-11,core,80,0.3,1.0,b10,theta,100,0.16126088727419988,0.15997013171572536,0.83,0.037563279941985904,0.4,0.04898979485566356,-0.05410607932958155,0.07926700872086986,0.22611077414175926,0.51,0.0,0.9182562719112746,0.18,0.0,0.01,0.03,0.0,0.35,0.22,0.22,2.1,,,
L1-11,core,80,0.3,1.0,b10,theta_fp,100,0.16227243943135036,,0.83,0.037563279941985904,0.44,0.04963869458396343,-0.04161873862737552,0.0626022660300622,0.20109547495269936,0.72,0.0,0.9137468137375764,,,,,,,0.22,0.22,2.1,,,
L1-11,core,80,0.3,1.0,b30,gamma,100,,,,,,,,,1.8218345957736317,0.6,,,,,,,,,0.3,0.08,2.3,,,
L1-11,core,80,0.3,1.0,b30,rho12,100,0.42594195633906706,,0.86,0.03469870314579494,0.27,0.044395945760846225,-0.17484801289223342,0.20112343760167606,0.5078958676615739,1.0,0.0,0.5895027238099847,,,,,,,0.3,0.08,2.3,,,
L1-11,core,80,0.3,1.0,b30,theta,100,0.16126088727419988,0.15997013171572536,0.8,0.04,0.44,0.04963869458396343,-0.047168989249573974,0.07581396969902109,0.21636452726667144,0.6,0.0,0.9253460649347652,0.23,0.01,0.05,0.04,0.0,0.31,0.3,0.08,2.3,,,
L1-11,core,80,0.3,1.0,b30,theta_fp,100,0.16227243943135033,,0.86,0.03469870314579494,0.49,0.04998999899979995,-0.034047127739808905,0.057423671916091025,0.18568428498835898,0.78,0.0,0.9356679734629665,,,,,,,0.3,0.08,2.3,,,
L1-11,core,80,0.3,1.0,c,gamma,100,,,,,,,,,1.9733172703836686,0.62,,,,,,,,,0.46,0.0,7.6,,,
L1-11,core,80,0.3,1.0,c,theta_m,100,0.13786891863411624,,0.73,0.044395945760846225,0.38,0.048538644398046386,-0.046180990608857685,0.0652332844410797,0.1619990082066679,0.62,0.0,0.8757117075071178,0.19,0.0,0.02,0.09,0.0,0.66,0.46,0.0,7.6,0.16126088727419988,,
L1-11,core,80,0.3,1.0,c,theta_m_fp,100,0.13998512400288834,,0.81,0.03923009049186606,0.42,0.04935585071701227,0.002443687689772491,0.02274285883543614,0.06281838560794126,0.97,0.0,1.0467765382775245,,,,,,,0.46,0.0,7.6,,,
L1-12,core,160,0.1,0.0,a,theta,200,0.00019336489335270004,-0.0020771875553575003,0.895,0.021676600286945368,0.51,0.03534826728426727,0.05357576759167065,0.09965331672819927,0.30767482093981996,0.105,0.09523809523809523,1038.3924619964398,0.02,0.03,0.005,0.095,0.0,0.44,,,,,,
L1-12,core,160,0.1,0.0,b10,gamma,100,,,,,,,,,2.1661077368813326,0.1,,,,,,,,,0.8,0.57,3.5,,,
L1-12,core,160,0.1,0.0,b10,rho12,100,0.46918206071382484,,0.77,0.042083250825001625,0.24,0.04270831300812525,-0.2264110895068873,0.24618429163955685,0.5572168233230239,1.0,0.0,0.5174344706137738,,,,,,,0.8,0.57,3.5,,,
L1-12,core,160,0.1,0.0,b10,theta,100,0.0001933648933527,-0.0020771875553575,0.9,0.03,0.5,0.05,0.006709497332771869,0.06267908573226051,0.2042197092126647,0.1,0.4,673.2575111425705,0.01,0.22,0.0,0.48,0.0,0.82,0.8,0.57,3.5,,,
L1-12,core,160,0.1,0.0,b10,theta_fp,100,-0.005770031488787421,,0.87,0.03363034344160047,0.48,0.049959983987187186,0.015679265777331437,0.0562926698399524,0.1787848778783544,0.15,0.5333333333333333,21.869501237197433,,,,,,,0.8,0.57,3.5,,,
L1-12,core,160,0.1,0.0,b30,gamma,100,,,,,,,,,2.116589760462693,0.12,,,,,,,,,0.81,0.38,3.9,,,
L1-12,core,160,0.1,0.0,b30,rho12,100,0.46918206071382484,,0.83,0.037563279941985904,0.33,0.04702127178203499,-0.18692818048533122,0.22056418148465504,0.5532355783797149,1.0,0.0,0.6015871105537702,,,,,,,0.81,0.38,3.9,,,
L1-12,core,160,0.1,0.0,b30,theta,100,0.0001933648933527,-0.0020771875553575,0.88,0.03249615361854384,0.52,0.049959983987187186,0.012684803791195876,0.06377769790561692,0.2004189263439167,0.12,0.4166666666666667,673.1085542864329,0.02,0.18,0.0,0.4,0.0,0.84,0.81,0.38,3.9,,,
L1-12,core,160,0.1,0.0,b30,theta_fp,100,-0.005770031488787421,,0.87,0.03363034344160047,0.47,0.04990991885387112,0.02140668345195825,0.056347497284234806,0.16678036068979085,0.21,0.5714285714285714,20.424824380768765,,,,,,,0.81,0.38,3.9,,,
L1-12,core,160,0.1,0.0,c,gamma,100,,,,,,,,,2.5238426520463655,0.11,,,,,,,,,0.79,0.0,17.5,,,
L1-12,core,160,0.1,0.0,c,theta_m,100,-0.0010024821465484002,,0.89,0.031288975694324025,0.49,0.04998999899979995,0.008901679518002312,0.04604484294711934,0.1422458753921772,0.11,0.5454545454545454,90.64766739598006,0.0,0.27,0.0,0.63,0.0,0.96,0.79,0.0,17.5,0.0001933648933527,,
L1-12,core,160,0.1,0.0,c,theta_m_fp,100,-0.006129410828573089,,0.43,0.04950757517794625,0.25,0.04330127018922193,0.040714533759195,0.062159746085802985,0.054604662970256096,0.72,0.7222222222222222,13.738436005995567,,,,,,,0.79,0.0,17.5,,,
L1-13,core,160,0.1,1.0,a,theta,200,0.192247044280494,0.1907737250437036,0.955,0.014658615214269054,0.525,0.035311117229563836,0.012629271469521744,0.09877886660021866,0.355947992859568,0.64,0.0,1.3721509929624616,0.43,0.0,0.23,0.0,0.015,0.035,,,,,,
L1-13,core,160,0.1,1.0,b10,gamma,100,,,,,,,,,2.0198040796372005,0.62,,,,,,,,,0.71,0.38,3.5,,,
L1-13,core,160,0.1,1.0,b10,rho12,100,0.4496590139120212,,0.73,0.044395945760846225,0.17,0.0375632799419859,-0.2332306091013978,0.25129875239262034,0.49973020166595494,1.0,0.0,0.4813167269298178,,,,,,,0.71,0.38,3.5,,,
L1-13,core,160,0.1,1.0,b10,theta,100,0.1922470442804939,0.19077372504370366,0.83,0.037563279941985904,0.44,0.04963869458396343,-0.040743322791069,0.09491360013214124,0.2665252265778809,0.62,0.0,1.0395771115535821,0.32,0.0,0.13,0.0,0.02,0.18,0.71,0.38,3.5,,,
L1-13,core,160,0.1,1.0,b10,theta_fp,100,0.1886068420240886,,0.9,0.03,0.46,0.04983974317750845,-0.024287155159890196,0.07004913460156471,0.2357975136261533,0.75,0.0,1.0621333604815566,,,,,,,0.71,0.38,3.5,,,
L1-13,core,160,0.1,1.0,b30,gamma,100,,,,,,,,,1.9666069816652896,0.69,,,,,,,,,0.77,0.31,4.7,,,
L1-13,core,160,0.1,1.0,b30,rho12,100,0.4496590139120212,,0.8,0.04,0.27,0.044395945760846225,-0.19313343850588385,0.2200814488675552,0.5261416200847355,1.0,0.0,0.570489120576883,,,,,,,0.77,0.31,4.7,,,
L1-13,core,160,0.1,1.0,b30,theta,100,0.1922470442804939,0.19077372504370366,0.84,0.036660605559646724,0.44,0.04963869458396343,-0.03426759321836468,0.0873135976520613,0.25784725346681847,0.69,0.0,1.0209824660422258,0.35,0.0,0.16,0.0,0.02,0.17,0.77,0.31,4.7,,,
L1-13,core,160,0.1,1.0,b30,theta_fp,100,0.1886068420240886,,0.88,0.03249615361854384,0.48,0.049959983987187186,-0.016067835742178536,0.06655061455868938,0.21345723187724153,0.78,0.0,1.078315096587003,,,,,,,0.77,0.31,4.7,,,
L1-13,core,160,0.1,1.0,c,gamma,100,,,,,,,,,2.2807597595921445,0.81,,,,,,,,,0.86,0.0,16.7,,,
L1-13,core,160,0.1,1.0,c,theta_m,100,0.17510749276320237,,0.78,0.04142463035441595,0.4,0.04898979485566356,-0.03484075997182007,0.07283159042046897,0.20559062429722752,0.81,0.0,0.9144062874883652,0.41,0.0,0.15,0.02,0.01,0.28,0.86,0.0,16.7,0.1922470442804939,,
L1-13,core,160,0.1,1.0,c,theta_m_fp,100,0.17220381059718864,,0.64,0.048,0.29,0.045376205218153706,0.026904050681532784,0.053677931118921406,0.07447503231897251,0.96,0.0,1.200292152207565,,,,,,,0.86,0.0,16.7,,,
L1-14,core,160,0.2,0.0,a,theta,200,-0.0002662304587541,-0.0009660069832674,0.915,0.019719913792915014,0.52,0.03532704346531139,0.02239266232920946,0.0702008008390222,0.23895751913740354,0.085,0.5882352941176471,560.5298948210678,0.005,0.105,0.005,0.265,0.0,0.75,,,,,,
L1-14,core,160,0.2,0.0,b10,gamma,100,,,,,,,,,1.7488316438643332,0.13,,,,,,,,,0.72,0.37,3.5,,,
L1-14,core,160,0.2,0.0,b10,rho12,100,0.46753396144976284,,0.73,0.044395945760846225,0.31,0.04624932431938871,-0.2097125104575754,0.23545759015396756,0.5582737392620185,1.0,0.0,0.551449674784515,,,,,,,0.72,0.37,3.5,,,
L1-14,core,160,0.2,0.0,b10,theta,100,-0.0002662304587541,-0.0009660069832674001,0.87,0.03363034344160047,0.56,0.04963869458396342,-0.0033102729377429037,0.048308633595964906,0.16963960818596494,0.13,0.3076923076923077,342.4923377683626,0.0,0.28,0.0,0.6,0.0,0.97,0.72,0.37,3.5,,,
L1-14,core,160,0.2,0.0,b10,theta_fp,100,0.004769177395693662,,0.91,0.028618176042508364,0.51,0.04998999899979995,-0.004809072893387199,0.040516231014909365,0.14812202277029884,0.19,0.6842105263157895,18.406864103016076,,,,,,,0.72,0.37,3.5,,,
L1-14,core,160,0.2,0.0,b30,gamma,100,,,,,,,,,1.7125013901859778,0.13,,,,,,,,,0.75,0.31,4.6,,,
L1-14,core,160,0.2,0.0,b30,rho12,100,0.46753396144976284,,0.78,0.04142463035441595,0.3,0.0458257569495584,-0.1796833677999192,0.21873161627245027,0.512093883768304,1.0,0.0,0.6156784691260845,,,,,,,0.75,0.31,4.6,,,
L1-14,core,160,0.2,0.0,b30,theta,100,-0.0002662304587541,-0.0009660069832674001,0.87,0.03363034344160047,0.58,0.04935585071701227,-0.0004817664303734492,0.04658709553290315,0.16116104179358295,0.13,0.38461538461538464,340.7543322666416,0.0,0.25,0.0,0.65,0.0,0.99,0.75,0.31,4.6,,,
L1-14,core,160,0.2,0.0,b30,theta_fp,100,0.004769177395693662,,0.9,0.03,0.51,0.04998999899979995,-0.0019483360215692353,0.03946470683643182,0.13589745943195014,0.2,0.6,18.012125538109817,,,,,,,0.75,0.31,4.6,,,
L1-14,core,160,0.2,0.0,c,gamma,100,,,,,,,,,2.013848044600986,0.06,,,,,,,,,0.89,0.0,18.9,,,
L1-14,core,160,0.2,0.0,c,theta_m,100,-0.0011970323256649995,,0.94,0.023748684174075843,0.5,0.05,-0.0005052838527347656,0.03168761791213916,0.11350135323313534,0.06,0.3333333333333333,55.5502648552569,0.0,0.45,0.0,0.87,0.0,1.0,0.89,0.0,18.9,-0.0002662304587541,,
L1-14,core,160,0.2,0.0,c,theta_m_fp,100,0.005422230070897116,,0.62,0.048538644398046386,0.36,0.048,0.018552382977042075,0.029120277409139944,0.04168234294171125,0.62,0.22580645161290322,9.869439740639942,,,,,,,0.89,0.0,18.9,,,
L1-15,core,160,0.2,1.0,a,theta,200,0.1732378664447542,0.1733719157733775,0.905,0.02073342711661533,0.535,0.03526861210765175,0.01921740604673317,0.0792730606955164,0.2713030183699951,0.8,0.0,1.264401506716729,0.585,0.0,0.28,0.0,0.025,0.05,,,,,,
L1-15,core,160,0.2,1.0,b10,gamma,100,,,,,,,,,1.6463185714772233,0.77,,,,,,,,,0.71,0.27,3.4,,,
L1-15,core,160,0.2,1.0,b10,rho12,100,0.4376192748656706,,0.73,0.044395945760846225,0.26,0.04386342439892262,-0.19972763008077085,0.2241255206879939,0.5076805170385571,1.0,0.0,0.5436041290866861,,,,,,,0.71,0.27,3.4,,,
L1-15,core,160,0.2,1.0,b10,theta,100,0.17323786644475422,0.17337191577337743,0.88,0.03249615361854384,0.51,0.04998999899979995,-0.02795822951468381,0.06618854894688944,0.21015857190614134,0.77,0.0,0.9761981434743248,0.44,0.0,0.14,0.0,0.0,0.24,0.71,0.27,3.4,,,
L1-15,core,160,0.2,1.0,b10,theta_fp,100,0.16957924014685652,,0.96,0.019595917942265433,0.52,0.049959983987187186,-0.013763368544262798,0.04797039303524079,0.18037411999529063,0.89,0.0,0.990119729414454,,,,,,,0.71,0.27,3.4,,,
L1-15,core,160,0.2,1.0,b30,gamma,100,,,,,,,,,1.6180227258037048,0.83,,,,,,,,,0.75,0.15,4.6,,,
L1-15,core,160,0.2,1.0,b30,rho12,100,0.4376192748656706,,0.79,0.0407308237088326,0.33,0.04702127178203499,-0.17436934980295327,0.20428450475949303,0.5032854744360906,1.0,0.0,0.6015501148653095,,,,,,,0.75,0.15,4.6,,,
L1-15,core,160,0.2,1.0,b30,theta,100,0.17323786644475422,0.17337191577337743,0.88,0.03249615361854384,0.52,0.049959983987187186,-0.025296907242664715,0.06188772611666565,0.20177510641191404,0.83,0.0,0.9529933349756644,0.56,0.0,0.15,0.0,0.0,0.21,0.75,0.15,4.6,,,
L1-15,core,160,0.2,1.0,b30,theta_fp,100,0.16957924014685652,,0.96,0.019595917942265433,0.53,0.04990991885387112,-0.010769800818155966,0.04536264966596126,0.16850883378012727,0.94,0.0,0.9785995078445412,,,,,,,0.75,0.15,4.6,,,
L1-15,core,160,0.2,1.0,c,gamma,100,,,,,,,,,1.7716412622376407,0.97,,,,,,,,,0.84,0.0,19.6,,,
L1-15,core,160,0.2,1.0,c,theta_m,100,0.15374486192232717,,0.82,0.0384187454245971,0.46,0.04983974317750845,-0.025801915266680228,0.0506789533915775,0.15066443460878315,0.97,0.0,0.8475897724927196,0.56,0.0,0.13,0.0,0.0,0.44,0.84,0.0,19.6,0.17323786644475422,,
L1-15,core,160,0.2,1.0,c,theta_m_fp,100,0.15380994578512666,,0.79,0.0407308237088326,0.4,0.04898979485566356,0.012644637565456569,0.027377455614142666,0.05397199799346129,1.0,0.0,1.082209492376528,,,,,,,0.84,0.0,19.6,,,
L1-16,core,160,0.3,0.0,a,theta,200,-0.0025405227373076,0.0004545327168921,0.92,0.019183326093250873,0.535,0.03526861210765175,0.01701087026492224,0.06117558175660079,0.2101135562867692,0.085,0.7058823529411765,48.8024600589575,0.005,0.135,0.0,0.345,0.0,0.865,,,,,,
L1-16,core,160,0.3,0.0,b10,gamma,100,,,,,,,,,1.6142278606320635,0.06,,,,,,,,,0.78,0.39,3.4,,,
L1-16,core,160,0.3,0.0,b10,rho12,100,0.46683962077677194,,0.78,0.04142463035441595,0.29,0.045376205218153706,-0.17258193725130486,0.21548217074853884,0.5207397721943479,1.0,0.0,0.6303185728663161,,,,,,,0.78,0.39,3.4,,,
L1-16,core,160,0.3,0.0,b10,theta,100,-0.0025405227373076,0.00045453271689210005,0.93,0.02551470164434614,0.53,0.04990991885387112,-0.006452747246339034,0.03959339968993673,0.15045397676259592,0.06,0.3333333333333333,34.514006868340466,0.0,0.4,0.0,0.75,0.0,0.99,0.78,0.39,3.4,,,
L1-16,core,160,0.3,0.0,b10,theta_fp,100,0.000676696466172616,,0.88,0.03249615361854384,0.59,0.04918333050943175,-0.004431277633495312,0.03601501405027564,0.1261429270094203,0.11,0.6363636363636364,119.43666147436114,,,,,,,0.78,0.39,3.4,,,
L1-16,core,160,0.3,0.0,b30,gamma,100,,,,,,,,,1.5531860577518266,0.06,,,,,,,,,0.73,0.21,4.75,,,
L1-16,core,160,0.3,0.0,b30,rho12,100,0.46683962077677194,,0.78,0.04142463035441595,0.4,0.04898979485566356,-0.14839575914319064,0.2009793974073689,0.4884651373791919,1.0,0.0,0.6821268963926501,,,,,,,0.73,0.21,4.75,,,
L1-16,core,160,0.3,0.0,b30,theta,100,-0.0025405227373076,0.00045453271689210005,0.93,0.02551470164434614,0.56,0.04963869458396342,-0.006111750869548722,0.037479309799935835,0.14186418656123745,0.06,0.3333333333333333,34.426556011796464,0.0,0.4,0.0,0.79,0.0,1.0,0.73,0.21,4.75,,,
L1-16,core,160,0.3,0.0,b30,theta_fp,100,0.0006766964661726164,,0.9,0.03,0.58,0.04935585071701227,-0.004497377027047887,0.03229703834458768,0.11544570156608505,0.12,0.5833333333333334,116.85089536616044,,,,,,,0.73,0.21,4.75,,,
L1-16,core,160,0.3,0.0,c,gamma,100,,,,,,,,,1.8408977404119948,0.1,,,,,,,,,0.89,0.0,24.95,,,
L1-16,core,160,0.3,0.0,c,theta_m,100,-0.0007916565715884002,,0.9,0.03,0.5,0.05,-0.015185739095286326,0.03044817586838233,0.097236690125722,0.1,0.0,79.10567375157673,0.0,0.71,0.0,0.98,0.0,1.0,0.89,0.0,24.95,-0.0025405227373076,,
L1-16,core,160,0.3,0.0,c,theta_m_fp,100,0.0016479989626704192,,0.68,0.0466476151587624,0.29,0.045376205218153706,0.0072189433335880905,0.018298497618908005,0.03511384751982605,0.64,0.375,24.775656526626985,,,,,,,0.89,0.0,24.95,,,
L1-17,core,160,0.3,1.0,a,theta,200,0.158964893916673,0.16014530493246817,0.895,0.021676600286945368,0.54,0.035242020373412196,0.00046310892396731417,0.06787617783460138,0.23145297895885214,0.775,0.0,1.164636332518083,0.475,0.0,0.19,0.005,0.01,0.155,,,,,,
L1-17,core,160,0.3,1.0,b10,gamma,100,,,,,,,,,1.5132619065916708,0.85,,,,,,,,,0.71,0.2,3.4,,,
L1-17,core,160,0.3,1.0,b10,rho12,100,0.42810196110529836,,0.84,0.036660605559646724,0.36,0.048,-0.16389425546072794,0.18875450144768344,0.5036269575689964,1.0,0.0,0.6171606991998445,,,,,,,0.71,0.2,3.4,,,
L1-17,core,160,0.3,1.0,b10,theta,100,0.158964893916673,0.16014530493246817,0.82,0.0384187454245971,0.42,0.04935585071701227,-0.032854383431095965,0.0626914623957652,0.17836589453520746,0.85,0.0,0.8708257442741206,0.42,0.0,0.1,0.02,0.0,0.4,0.71,0.2,3.4,,,
L1-17,core,160,0.3,1.0,b10,theta_fp,100,0.1557893343621546,,0.87,0.03363034344160047,0.46,0.04983974317750845,-0.02039380721116764,0.04790561121851399,0.15101812585537394,0.94,0.0,0.9068929232061728,,,,,,,0.71,0.2,3.4,,,
L1-17,core,160,0.3,1.0,b30,gamma,100,,,,,,,,,1.4637460179845652,0.92,,,,,,,,,0.75,0.11,4.55,,,
L1-17,core,160,0.3,1.0,b30,rho12,100,0.42810196110529836,,0.83,0.037563279941985904,0.38,0.048538644398046386,-0.14753855027344823,0.17792146500839143,0.49203619316258895,1.0,0.0,0.6553658621592752,,,,,,,0.75,0.11,4.55,,,
L1-17,core,160,0.3,1.0,b30,theta,100,0.158964893916673,0.16014530493246817,0.88,0.03249615361854384,0.43,0.04950757517794625,-0.029362951155738237,0.059683692160453675,0.16998144380479058,0.92,0.0,0.8666315043563921,0.46,0.0,0.13,0.02,0.01,0.4,0.75,0.11,4.55,,,
L1-17,core,160,0.3,1.0,b30,theta_fp,100,0.1557893343621546,,0.85,0.035707142142714254,0.46,0.04983974317750845,-0.0170338537821788,0.04531213909133852,0.14034656477144053,0.94,0.0,0.9329215478758922,,,,,,,0.75,0.11,4.55,,,
L1-17,core,160,0.3,1.0,c,gamma,100,,,,,,,,,1.600198357289812,0.94,,,,,,,,,0.85,0.0,18.7,,,
L1-17,core,160,0.3,1.0,c,theta_m,100,0.1396755636501784,,0.71,0.04537620521815371,0.28,0.0448998886412873,-0.03529339815631221,0.050238888565224495,0.12262615925640225,0.94,0.0,0.7761048783326959,0.39,0.0,0.07,0.03,0.0,0.78,0.85,0.0,18.7,0.158964893916673,,
L1-17,core,160,0.3,1.0,c,theta_m_fp,100,0.1321235314899735,,0.81,0.03923009049186606,0.28,0.0448998886412873,0.005726206456137147,0.02016413104830182,0.04340698145725819,1.0,0.0,1.0433397926286256,,,,,,,0.85,0.0,18.7,,,
L1-18,core,80,0.1,0.5,a,theta,200,0.0938892037035538,0.09507284828912808,0.925,0.01862458053218917,0.54,0.035242020373412196,0.02711662580920633,0.1271829290602466,0.43752644541752894,0.205,0.0,3.0784101742147905,0.1,0.015,0.03,0.055,0.005,0.14,,,,,,
L1-18,core,80,0.1,0.5,b10,gamma,100,,,,,,,,,2.582100140748292,0.1,,,,,,,,,0.16,0.41,2.1,,,
L1-18,core,80,0.1,0.5,b10,rho12,100,0.4626659315258062,,0.71,0.04537620521815371,0.11,0.03128897569432403,-0.2562741556039388,0.2675683502531699,0.5256534887640578,1.0,0.0,0.4460924435071689,,,,,,,0.16,0.41,2.1,,,
L1-18,core,80,0.1,0.5,b10,theta,100,0.09388920370355383,0.09507284828912808,0.86,0.03469870314579494,0.52,0.049959983987187186,-0.021533153230594692,0.09044452691301091,0.2968514912724186,0.1,0.0,2.771278379095701,0.06,0.02,0.02,0.13,0.0,0.38,0.16,0.41,2.1,,,
L1-18,core,80,0.1,0.5,b10,theta_fp,100,0.08616161719385194,,0.92,0.027129319932501065,0.48,0.049959983987187186,-0.0023439808270913497,0.08336823414544117,0.2721258129478799,0.25,0.0,2.4631644425840435,,,,,,,0.16,0.41,2.1,,,
L1-18,core,80,0.1,0.5,b30,gamma,100,,,,,,,,,2.539739212889305,0.15,,,,,,,,,0.27,0.26,2.2,,,
L1-18,core,80,0.1,0.5,b30,rho12,100,0.4626659315258062,,0.77,0.042083250825001625,0.26,0.04386342439892262,-0.21319896111357584,0.2365323798068245,0.5353864970231634,1.0,0.0,0.5391945968217801,,,,,,,0.27,0.26,2.2,,,
L1-18,core,80,0.1,0.5,b30,theta,100,0.09388920370355383,0.09507284828912808,0.93,0.02551470164434614,0.55,0.049749371855330994,-0.015765458426792226,0.08424506964110215,0.2898078286769207,0.15,0.0,2.349244831769154,0.06,0.01,0.01,0.08,0.0,0.39,0.27,0.26,2.2,,,
L1-18,core,80,0.1,0.5,b30,theta_fp,100,0.08616161719385194,,0.91,0.028618176042508364,0.52,0.049959983987187186,0.005497974680695333,0.08162308106182987,0.25607114407399467,0.32,0.0,2.335037177741815,,,,,,,0.27,0.26,2.2,,,
L1-18,core,80,0.1,0.5,c,gamma,100,,,,,,,,,2.9183166500457354,0.12,,,,,,,,,0.52,0.0,7.8,,,
L1-18,core,80,0.1,0.5,c,theta_m,100,0.0848723926989929,,0.78,0.04142463035441595,0.38,0.048538644398046386,-0.03009433390893411,0.07567591317068248,0.20800769134506697,0.12,0.0,2.2704027994040406,0.04,0.04,0.01,0.23,0.0,0.7,0.52,0.0,7.8,0.09388920370355383,,
L1-18,core,80,0.1,0.5,c,theta_m_fp,100,0.08266610634448152,,0.62,0.048538644398046386,0.34,0.04737087712930804,0.02322995077583072,0.0634010703819729,0.08915972566465286,0.79,0.189873417721519,1.8866058735931353,,,,,,,0.52,0.0,7.8,,,
L1-19,core,80,0.2,0.5,a,theta,200,0.0921109186143175,0.08940265723349658,0.9,0.021213203435596423,0.53,0.03529164207004259,0.014872127563556287,0.10533045585241765,0.3534086843366571,0.255,0.0392156862745098,2.571865736005577,0.11,0.025,0.025,0.065,0.0,0.2,,,,,,
L1-19,core,80,0.2,0.5,b10,gamma,100,,,,,,,,,2.1516343876269985,0.14,,,,,,,,,0.3,0.41,2.1,,,
L1-19,core,80,0.2,0.5,b10,rho12,100,0.4599848141227955,,0.78,0.04142463035441595,0.18,0.03841874542459709,-0.23389397280456212,0.2509180314439659,0.5358404481597454,1.0,0.0,0.49151805532840287,,,,,,,0.3,0.41,2.1,,,
L1-19,core,80,0.2,0.5,b10,theta,100,0.09211091861431749,0.08940265723349655,0.89,0.031288975694324025,0.49,0.04998999899979995,-0.03501180229633607,0.07019211152312517,0.24194383576688017,0.14,0.07142857142857142,1.6199725014921513,0.01,0.03,0.0,0.14,0.0,0.57,0.3,0.41,2.1,,,
L1-19,core,80,0.2,0.5,b10,theta_fp,100,0.08378637579111001,,0.93,0.02551470164434614,0.47,0.04990991885387112,-0.01627578367579687,0.0580290008850125,0.21459215783898883,0.29,0.10344827586206896,1.7013572515479483,,,,,,,0.3,0.41,2.1,,,
L1-19,core,80,0.2,0.5,b30,gamma,100,,,,,,,,,2.1292070871647195,0.21,,,,,,,,,0.31,0.26,2.3,,,
L1-19,core,80,0.2,0.5,b30,rho12,100,0.4599848141227955,,0.77,0.042083250825001625,0.26,0.04386342439892262,-0.19919599927699091,0.22949402382371709,0.531937469717557,1.0,0.0,0.5669509228106505,,,,,,,0.31,0.26,2.3,,,
L1-19,core,80,0.2,0.5,b30,theta,100,0.09211091861431749,0.08940265723349655,0.9,0.03,0.48,0.049959983987187186,-0.027841181740481308,0.0679287608115761,0.24123823604396355,0.21,0.047619047619047616,1.578731045465838,0.03,0.03,0.0,0.14,0.0,0.55,0.31,0.26,2.3,,,
L1-19,core,80,0.2,0.5,b30,theta_fp,100,0.08378637579111001,,0.93,0.02551470164434614,0.56,0.04963869458396342,-0.007939790841443585,0.053757701209245924,0.20168470333314403,0.38,0.05263157894736842,1.7302827006761348,,,,,,,0.31,0.26,2.3,,,
L1-19,core,80,0.2,0.5,c,gamma,100,,,,,,,,,2.384432887590565,0.14,,,,,,,,,0.59,0.0,8.6,,,
L1-19,core,80,0.2,0.5,c,theta_m,100,0.07782454702386779,,0.84,0.036660605559646724,0.35,0.047696960070847276,-0.03468804432380183,0.059641834259071685,0.173454499646441,0.14,0.07142857142857142,1.6028387978030239,0.02,0.07,0.0,0.32,0.0,0.84,0.59,0.0,8.6,0.09211091861431749,,
L1-19,core,80,0.2,0.5,c,theta_m_fp,100,0.07616604957766858,,0.73,0.044395945760846225,0.37,0.048280430818293245,0.010254339009531314,0.034033200208974435,0.066992670212455,0.88,0.06818181818181818,1.3834834401789509,,,,,,,0.59,0.0,8.6,,,
L1-20,core,80,0.3,0.5,a,theta,200,0.08482096088311099,0.08507701077889732,0.93,0.01804161855266871,0.535,0.03526861210765175,0.016972046210446002,0.08846040545687615,0.3072590455259684,0.255,0.0,2.503900537298109,0.11,0.0,0.035,0.03,0.01,0.275,,,,,,
L1-20,core,80,0.3,0.5,b10,gamma,100,,,,,,,,,1.9616914898865345,0.14,,,,,,,,,0.38,0.3,2.1,,,
L1-20,core,80,0.3,0.5,b10,rho12,100,0.4576278686639565,,0.78,0.04142463035441595,0.27,0.044395945760846225,-0.1944861213791826,0.22376059699210502,0.5636203145842642,1.0,0.0,0.5750125053638357,,,,,,,0.38,0.3,2.1,,,
L1-20,core,80,0.3,0.5,b10,theta,100,0.08482096088311097,0.08507701077889733,0.87,0.03363034344160047,0.45,0.049749371855331,-0.030261660300335932,0.06970504574030084,0.21200870476271966,0.14,0.0,1.8851822570904606,0.05,0.07,0.02,0.19,0.0,0.7,0.38,0.3,2.1,,,
L1-20,core,80,0.3,0.5,b10,theta_fp,100,0.08697337071951203,,0.86,0.03469870314579494,0.48,0.049959983987187186,-0.02022027456870411,0.05691521490569304,0.18200089661351393,0.34,0.029411764705882353,1.5652514793543915,,,,,,,0.38,0.3,2.1,,,
L1-20,core,80,0.3,0.5,b30,gamma,100,,,,,,,,,1.8765462061016605,0.25,,,,,,,,,0.24,0.16,2.3,,,
L1-20,core,80,0.3,0.5,b30,rho12,100,0.4576278686639565,,0.75,0.04330127018922193,0.34,0.04737087712930804,-0.1771795105046445,0.21656053579779921,0.5279032161601818,1.0,0.0,0.612830593071354,,,,,,,0.24,0.16,2.3,,,
L1-20,core,80,0.3,0.5,b30,theta,100,0.08482096088311097,0.08507701077889733,0.87,0.03363034344160047,0.44,0.04963869458396343,-0.0247300397731124,0.06664522586072527,0.2012483662555326,0.25,0.04,1.6417910257637578,0.06,0.06,0.01,0.17,0.0,0.7,0.24,0.16,2.3,,,
L1-20,core,80,0.3,0.5,b30,theta_fp,100,0.08697337071951203,,0.92,0.027129319932501065,0.47,0.04990991885387112,-0.01404802763656666,0.05181780358603784,0.16535175909826869,0.46,0.021739130434782608,1.4796724540681283,,,,,,,0.24,0.16,2.3,,,
L1-20,core,80,0.3,0.5,c,gamma,100,,,,,,,,,2.150508998493973,0.21,,,,,,,,,0.49,0.0,8.05,,,
L1-20,core,80,0.3,0.5,c,theta_m,100,0.073202275354688,,0.73,0.044395945760846225,0.38,0.048538644398046386,-0.03638642530969328,0.06034850225032865,0.15395059525752094,0.21,0.0,1.4107442651223936,0.02,0.14,0.0,0.41,0.0,0.93,0.49,0.0,8.05,0.08482096088311097,,
L1-20,core,80,0.3,0.5,c,theta_m_fp,100,0.0785120900477519,,0.8,0.04,0.38,0.048538644398046386,0.005428083693041961,0.026052062863431046,0.058655536881296204,0.9,0.03333333333333333,1.2124093068136739,,,,,,,0.49,0.0,8.05,,,
L1-21,delta+,80,0.2,0.0,a,theta,200,-0.0008983456379701002,-0.00023506389159189993,0.665,0.0333747659167821,0.255,0.030820042180373472,0.12734171510899484,0.16422755496303468,0.3371855882848479,0.34,0.9852941176470589,262.3120216575938,0.13,0.015,0.065,0.03,0.015,0.175,,,,,,
L1-21,delta+,80,0.2,0.0,b10,gamma,100,,,,,,,,,2.160910170038644,0.29,,,,,,,,,0.17,0.26,2.1,,,
L1-21,delta+,80,0.2,0.0,b10,rho12,100,0.46891026952070824,,0.7,0.045825756949558406,0.16,0.03666060555964672,-0.24309299563544862,0.2606982509470421,0.5399234025296759,1.0,0.0,0.48157886180670906,,,,,,,0.17,0.26,2.1,,,
L1-21,delta+,80,0.2,0.0,b10,theta,100,-0.0008983456379701003,-0.0002350638915919,0.7,0.045825756949558406,0.3,0.0458257569495584,0.07428518440604774,0.1098343103632278,0.2329875740076372,0.29,0.9310344827586207,188.01929680631687,0.09,0.08,0.04,0.17,0.0,0.53,0.17,0.26,2.1,,,
L1-21,delta+,80,0.2,0.0,b10,theta_fp,100,-0.004314975597929505,,0.54,0.04983974317750845,0.16,0.03666060555964672,0.08889524314638729,0.10748362682998125,0.2034704565100491,0.42,0.9523809523809523,38.17433626852861,,,,,,,0.17,0.26,2.1,,,
L1-21,delta+,80,0.2,0.0,b30,gamma,100,,,,,,,,,2.0664007482661404,0.33,,,,,,,,,0.15,0.2,2.4,,,
L1-21,delta+,80,0.2,0.0,b30,rho12,100,0.46891026952070824,,0.76,0.04270831300812525,0.21,0.0407308237088326,-0.2086000247437449,0.2367538344830902,0.549902632176831,1.0,0.0,0.5551387156503034,,,,,,,0.15,0.2,2.4,,,
L1-21,delta+,80,0.2,0.0,b30,theta,100,-0.0008983456379701003,-0.0002350638915919,0.67,0.04702127178203499,0.34,0.04737087712930804,0.07810930629891549,0.11032035993314121,0.22754855949785807,0.33,0.9393939393939394,180.93757336087043,0.11,0.06,0.04,0.18,0.0,0.52,0.15,0.2,2.4,,,
L1-21,delta+,80,0.2,0.0,b30,theta_fp,100,-0.004314975597929503,,0.43,0.04950757517794625,0.14,0.03469870314579494,0.09442115559965064,0.11205971178307476,0.19039994312413516,0.48,0.9583333333333334,37.046716661653846,,,,,,,0.15,0.2,2.4,,,
L1-21,delta+,80,0.2,0.0,c,gamma,100,,,,,,,,,2.303260066176935,0.32,,,,,,,,,0.43,0.0,7.6,,,
L1-21,delta+,80,0.2,0.0,c,theta_m,100,-0.0006350168178526,,0.68,0.0466476151587624,0.36,0.048,0.05698534018497663,0.07893105368427869,0.16227766705129676,0.32,1.0,181.41117550911036,0.05,0.05,0.02,0.29,0.0,0.82,0.43,0.0,7.6,-0.0008983456379701003,,
L1-21,delta+,80,0.2,0.0,c,theta_m_fp,100,-0.006483318838239546,,0.01,0.0099498743710662,0.0,0.0,0.10814272859461649,0.11451345440376572,0.0649797072186064,0.88,0.9659090909090909,18.034583179167065,,,,,,,0.43,0.0,7.6,,,
L1-22,delta+,80,0.2,1.0,a,theta,200,0.17069578747705144,0.16975324392735666,0.81,0.02773986301336039,0.3,0.0324037034920393,0.1127608469741865,0.15548077158125867,0.37644329996671977,0.85,0.0,1.8300567145796356,0.73,0.0,0.49,0.0,0.135,0.0,,,,,,
L1-22,delta+,80,0.2,1.0,b10,gamma,100,,,,,,,,,2.0073276692237405,0.9,,,,,,,,,0.09,0.21,2.0,,,
L1-22,delta+,80,0.2,1.0,b10,rho12,100,0.4375567085849222,,0.59,0.04918333050943175,0.12,0.03249615361854384,-0.2523062053201102,0.2669327021644868,0.46825616653682,1.0,0.0,0.4233748440606026,,,,,,,0.09,0.21,2.0,,,
L1-22,delta+,80,0.2,1.0,b10,theta,100,0.17069578747705144,0.16975324392735666,0.9,0.03,0.46,0.04983974317750845,0.05135364519946279,0.09493167805412411,0.3001160219752382,0.9,0.0,1.3845835113347187,0.71,0.0,0.4,0.0,0.04,0.03,0.09,0.21,2.0,,,
L1-22,delta+,80,0.2,1.0,b10,theta_fp,100,0.1694325764867155,,0.84,0.036660605559646724,0.35,0.047696960070847276,0.07046087619343054,0.09674269561289502,0.2687080086395678,0.96,0.0,1.4560881429454156,,,,,,,0.09,0.21,2.0,,,
L1-22,delta+,80,0.2,1.0,b30,gamma,100,,,,,,,,,1.9486233867651395,0.96,,,,,,,,,0.16,0.11,2.3,,,
L1-22,delta+,80,0.2,1.0,b30,rho12,100,0.4375567085849222,,0.73,0.044395945760846225,0.23,0.042083250825001625,-0.2180558491888333,0.23994501952017946,0.4895785392266586,1.0,0.0,0.5016512262055458,,,,,,,0.16,0.11,2.3,,,
L1-22,delta+,80,0.2,1.0,b30,theta,100,0.17069578747705144,0.16975324392735666,0.87,0.03363034344160047,0.46,0.04983974317750845,0.05981499221665853,0.09776461539032125,0.2874301268323848,0.96,0.0,1.38408978996757,0.79,0.0,0.46,0.0,0.08,0.02,0.16,0.11,2.3,,,
L1-22,delta+,80,0.2,1.0,b30,theta_fp,100,0.16943257648671556,,0.74,0.04386342439892262,0.31,0.04624932431938871,0.08084847184980422,0.10434843103480962,0.25357090552863637,0.99,0.0,1.487082331174891,,,,,,,0.16,0.11,2.3,,,
L1-22,delta+,80,0.2,1.0,c,gamma,100,,,,,,,,,2.0529873262414613,0.97,,,,,,,,,0.46,0.0,7.4,,,
L1-22,delta+,80,0.2,1.0,c,theta_m,100,0.1536639160132217,,0.84,0.036660605559646724,0.38,0.048538644398046386,0.05669091900049871,0.0920084480355288,0.2269551051954956,0.97,0.0,1.3944833746911947,0.85,0.0,0.51,0.0,0.05,0.05,0.46,0.0,7.4,0.17069578747705144,,
L1-22,delta+,80,0.2,1.0,c,theta_m_fp,100,0.14898348907283746,,0.02,0.014,0.01,0.0099498743710662,0.13364545660138133,0.14100798373311996,0.08849351793830375,1.0,0.0,1.8970487765663924,,,,,,,0.46,0.0,7.4,,,
L1-23,delta-,80,0.2,0.0,a,theta,200,0.0029248642740225994,0.0017830954741889999,0.845,0.02559052559053839,0.37,0.034139420030223126,-0.06867450243904538,0.10674411583569411,0.3134263357173142,0.145,1.0,64.42002068606247,0.0,0.29,0.0,0.515,0.0,0.83,,,,,,
L1-23,delta-,80,0.2,0.0,b10,gamma,100,,,,,,,,,2.3531924809961615,0.43,,,,,,,,,0.26,0.52,2.1,,,
L1-23,delta-,80,0.2,0.0,b10,rho12,100,0.46811737931710873,,0.8,0.04,0.25,0.04330127018922193,-0.2215882216310688,0.24590479075407234,0.5525826215220289,1.0,0.0,0.5266396177080149,,,,,,,0.26,0.52,2.1,,,
L1-23,delta-,80,0.2,0.0,b10,theta,100,0.0029248642740226,0.001783095474189,0.53,0.04990991885387112,0.21,0.0407308237088326,-0.09199665449956969,0.1048887484101788,0.20673206666376348,0.43,1.0,45.479895261360575,0.0,0.66,0.0,0.88,0.0,1.0,0.26,0.52,2.1,,,
L1-23,delta-,80,0.2,0.0,b10,theta_fp,100,-0.00420519783162093,,0.47,0.04990991885387112,0.13,0.03363034344160047,-0.0877503123871037,0.09779020832398742,0.1774313734944338,0.53,0.0,31.437949766261564,,,,,,,0.26,0.52,2.1,,,
L1-23,delta-,80,0.2,0.0,b30,gamma,100,,,,,,,,,2.337157354162545,0.41,,,,,,,,,0.43,0.41,2.4,,,
L1-23,delta-,80,0.2,0.0,b30,rho12,100,0.46811737931710873,,0.81,0.03923009049186606,0.29,0.045376205218153706,-0.17960514772300687,0.2189524818106376,0.5479323412142151,1.0,0.0,0.616324546666019,,,,,,,0.43,0.41,2.4,,,
L1-23,delta-,80,0.2,0.0,b30,theta,100,0.0029248642740226,0.001783095474189,0.55,0.049749371855330994,0.19,0.039230090491866064,-0.0870026153227861,0.1008069671917435,0.19842444988144103,0.41,1.0,44.97134067555365,0.0,0.64,0.0,0.89,0.0,1.0,0.43,0.41,2.4,,,
L1-23,delta-,80,0.2,0.0,b30,theta_fp,100,-0.00420519783162093,,0.47,0.04990991885387112,0.13,0.03363034344160047,-0.08396608908322807,0.09394791233895103,0.1641131888886149,0.54,0.0,30.703532134891567,,,,,,,0.43,0.41,2.4,,,
L1-23,delta-,80,0.2,0.0,c,gamma,100,,,,,,,,,2.6899985847957604,0.66,,,,,,,,,0.58,0.0,7.65,,,
L1-23,delta-,80,0.2,0.0,c,theta_m,100,0.0002571686510612,,0.34,0.04737087712930804,0.06,0.023748684174075833,-0.0887902394050779,0.09614392066987476,0.13565606997023175,0.66,1.0,428.02964115322135,0.0,0.88,0.0,0.99,0.0,1.0,0.58,0.0,7.65,0.0029248642740226,,
L1-23,delta-,80,0.2,0.0,c,theta_m_fp,100,-0.0035165043760255177,,0.07,0.02551470164434615,0.04,0.019595917942265423,-0.0810091456914661,0.0893102405399713,0.05109923007394955,0.81,0.04938271604938271,30.308600224440738,,,,,,,0.58,0.0,7.65,,,
L1-24,delta-,80,0.2,1.0,a,theta,200,0.1741549601088113,0.17383971284301183,0.745,0.030820042180373472,0.295,0.03224709289222828,-0.11266386204377259,0.14763434321516203,0.3498478158005883,0.11,0.0,1.3696238512533319,0.04,0.01,0.015,0.065,0.0,0.37,,,,,,
L1-24,delta-,80,0.2,1.0,b10,gamma,100,,,,,,,,,2.223620703603428,0.07,,,,,,,,,0.29,0.4,2.1,,,
L1-24,delta-,80,0.2,1.0,b10,rho12,100,0.43626526465008225,,0.85,0.035707142142714254,0.27,0.044395945760846225,-0.1947738415303355,0.21858768131951142,0.5459289116222328,1.0,0.0,0.5535426326307258,,,,,,,0.29,0.4,2.1,,,
L1-24,delta-,80,0.2,1.0,b10,theta,100,0.17415496010881132,0.17383971284301186,0.31,0.04624932431938871,0.07,0.02551470164434615,-0.15989900767010612,0.17134357640378237,0.24826780015316235,0.07,0.14285714285714285,0.8525775475956369,0.0,0.1,0.0,0.26,0.0,0.81,0.29,0.4,2.1,,,
L1-24,delta-,80,0.2,1.0,b10,theta_fp,100,0.16300253409826224,,0.32,0.0466476151587624,0.05,0.021794494717703367,-0.14240389174538187,0.1534035336547281,0.21394834987437844,0.13,0.23076923076923078,0.9220511569651664,,,,,,,0.29,0.4,2.1,,,
L1-24,delta-,80,0.2,1.0,b30,gamma,100,,,,,,,,,2.1602324199333998,0.07,,,,,,,,,0.34,0.16,2.4,,,
L1-24,delta-,80,0.2,1.0,b30,rho12,100,0.43626526465008225,,0.86,0.03469870314579494,0.31,0.04624932431938871,-0.15952266211967978,0.19579188087136376,0.5352304484656981,1.0,0.0,0.6343448010979535,,,,,,,0.34,0.16,2.4,,,
L1-24,delta-,80,0.2,1.0,b30,theta,100,0.17415496010881132,0.17383971284301186,0.3,0.0458257569495584,0.06,0.023748684174075833,-0.15414374091036936,0.16502275841674993,0.23712649139301292,0.07,0.14285714285714285,0.8278326407315107,0.01,0.07,0.0,0.27,0.0,0.82,0.34,0.16,2.4,,,
L1-24,delta-,80,0.2,1.0,b30,theta_fp,100,0.16300253409826218,,0.26,0.04386342439892262,0.05,0.021794494717703367,-0.1357091059720684,0.14640141050726513,0.19625124021605844,0.13,0.15384615384615385,0.8888138645367009,,,,,,,0.34,0.16,2.4,,,
L1-24,delta-,80,0.2,1.0,c,gamma,100,,,,,,,,,2.4448867831487995,0.08,,,,,,,,,0.54,0.0,7.6,,,
L1-24,delta-,80,0.2,1.0,c,theta_m,100,0.15406165231227492,,0.2,0.04,0.04,0.019595917942265423,-0.14666089967542204,0.1546256634518533,0.1738053093349958,0.08,0.25,0.711591199986267,0.0,0.23,0.0,0.54,0.0,0.89,0.54,0.0,7.6,0.17415496010881132,,
L1-24,delta-,80,0.2,1.0,c,theta_m_fp,100,0.1483111386584373,,0.0,0.0,0.0,0.0,-0.10881986366961054,0.11465371536124894,0.0647012516343557,0.68,0.25,0.5904792202948376,,,,,,,0.54,0.0,7.6,,,
L1-25,selection,80,0.2,0.0,a,theta,200,-0.059488642068507305,0.0019445801803863005,0.93,0.01804161855266871,0.525,0.035311117229563836,0.03752926913525257,0.08470151620103118,0.2982769710279717,0.105,0.09523809523809523,2.522343880028353,0.0,0.165,0.0,0.355,0.0,0.75,,,,,,
L1-25,selection,80,0.2,0.0,b10,gamma,100,,,,,,,,,2.3488665730795684,0.24,,,,,,,,,0.29,0.45,2.1,,,
L1-25,selection,80,0.2,0.0,b10,rho12,100,0.4659997676632133,,0.77,0.042083250825001625,0.19,0.039230090491866064,-0.22918040156930886,0.2525344356273136,0.5613146033769807,1.0,0.0,0.5081963179540862,,,,,,,0.29,0.45,2.1,,,
L1-25,selection,80,0.2,0.0,b10,theta,100,-0.059488642068507326,0.0019445801803863003,0.91,0.028618176042508364,0.58,0.04935585071701227,0.009979784263164487,0.04931620433575762,0.1805934863464059,0.24,0.0,1.6011339463671135,0.0,0.58,0.0,0.85,0.0,0.96,0.29,0.45,2.1,,,
L1-25,selection,80,0.2,0.0,b10,theta_fp,100,-0.06416454067702666,,0.87,0.03363034344160047,0.51,0.04998999899979995,0.015474441433723165,0.04800898111254321,0.15840653224938145,0.33,0.0,1.4880623141307434,,,,,,,0.29,0.45,2.1,,,
L1-25,selection,80,0.2,0.0,b30,gamma,100,,,,,,,,,2.296525663056916,0.23,,,,,,,,,0.38,0.28,2.4,,,
L1-25,selection,80,0.2,0.0,b30,rho12,100,0.4659997676632133,,0.76,0.04270831300812525,0.3,0.0458257569495584,-0.18790007916201726,0.2236070523436101,0.5619638312369877,1.0,0.0,0.5967807449684911,,,,,,,0.38,0.28,2.4,,,
L1-25,selection,80,0.2,0.0,b30,theta,100,-0.059488642068507326,0.0019445801803863003,0.89,0.031288975694324025,0.5,0.05,0.01705923680501771,0.05419686715437412,0.1797965148404903,0.23,0.0,1.5965691898870338,0.0,0.54,0.0,0.82,0.0,0.95,0.38,0.28,2.4,,,
L1-25,selection,80,0.2,0.0,b30,theta_fp,100,-0.06416454067702666,,0.83,0.037563279941985904,0.48,0.049959983987187186,0.021995825734866248,0.05324350832149934,0.1514690545676178,0.37,0.08108108108108109,1.5061317357255386,,,,,,,0.38,0.28,2.4,,,
L1-25,selection,80,0.2,0.0,c,gamma,100,,,,,,,,,2.5831825763383818,0.44,,,,,,,,,0.45,0.0,7.15,,,
L1-25,selection,80,0.2,0.0,c,theta_m,100,-0.050516803007841594,,0.94,0.023748684174075843,0.52,0.049959983987187186,0.0005338936613795398,0.03224439037650871,0.1245638362347939,0.44,0.0,1.53890301768442,0.0,0.82,0.0,0.96,0.0,1.0,0.45,0.0,7.15,-0.059488642068507326,,
L1-25,selection,80,0.2,0.0,c,theta_m_fp,100,-0.05422820490389189,,0.58,0.04935585071701227,0.32,0.0466476151587624,0.020380388993810068,0.04291083843553866,0.0473956347808637,0.69,0.15942028985507245,1.2774634506454121,,,,,,,0.45,0.0,7.15,,,
L1-26,selection,80,0.2,1.0,a,theta,200,0.06869836870594419,0.17063652402562518,0.915,0.019719913792915014,0.515,0.03533942557541082,0.02435367931648563,0.09613611282765544,0.33356341615223534,0.2,0.025,3.2465077028071527,0.085,0.01,0.035,0.055,0.0,0.285,,,,,,
L1-26,selection,80,0.2,1.0,b10,gamma,100,,,,,,,,,2.103674797274348,0.23,,,,,,,,,0.15,0.33,2.1,,,
L1-26,selection,80,0.2,1.0,b10,rho12,100,0.425488235114049,,0.71,0.04537620521815371,0.17,0.0375632799419859,-0.22067277701016738,0.24183113943318216,0.5152128425677676,1.0,0.0,0.481365737524992,,,,,,,0.15,0.33,2.1,,,
L1-26,selection,80,0.2,1.0,b10,theta,100,0.06869836870594419,0.17063652402562515,0.88,0.03249615361854384,0.45,0.049749371855331,-0.01764271889082457,0.0677523124778445,0.2244895708389179,0.23,0.13043478260869565,1.9783072313788423,0.03,0.06,0.0,0.2,0.0,0.65,0.15,0.33,2.1,,,
L1-26,selection,80,0.2,1.0,b10,theta_fp,100,0.06970846770551226,,0.9,0.03,0.53,0.04990991885387112,-0.010224440175355863,0.05284475647908306,0.20204098339852172,0.31,0.0967741935483871,1.9873241158905477,,,,,,,0.15,0.33,2.1,,,
L1-26,selection,80,0.2,1.0,b30,gamma,100,,,,,,,,,2.085550722256856,0.24,,,,,,,,,0.26,0.19,2.3,,,
L1-26,selection,80,0.2,1.0,b30,rho12,100,0.425488235114049,,0.77,0.042083250825001625,0.28,0.0448998886412873,-0.19809759031797294,0.2242029076241731,0.5078110311803978,1.0,0.0,0.5344228724329487,,,,,,,0.26,0.19,2.3,,,
L1-26,selection,80,0.2,1.0,b30,theta,100,0.06869836870594419,0.17063652402562515,0.91,0.028618176042508364,0.41,0.04918333050943175,-0.012558441233457835,0.06695651771718739,0.21878013828073078,0.24,0.041666666666666664,2.086342451442293,0.05,0.05,0.0,0.17,0.0,0.64,0.26,0.19,2.3,,,
L1-26,selection,80,0.2,1.0,b30,theta_fp,100,0.06970846770551226,,0.88,0.03249615361854384,0.48,0.049959983987187186,-0.004359130089143636,0.053401876119179174,0.18551924296598826,0.39,0.05128205128205128,1.9905522871664625,,,,,,,0.26,0.19,2.3,,,
L1-26,selection,80,0.2,1.0,c,gamma,100,,,,,,,,,2.277614543728495,0.18,,,,,,,,,0.45,0.0,7.0,,,
L1-26,selection,80,0.2,1.0,c,theta_m,100,0.05749916618980059,,0.84,0.036660605559646724,0.38,0.048538644398046386,-0.026103114837368185,0.05142005792138897,0.14563658427769394,0.18,0.05555555555555555,1.7362015364264882,0.02,0.13,0.0,0.48,0.0,0.94,0.45,0.0,7.0,0.06869836870594419,,
L1-26,selection,80,0.2,1.0,c,theta_m_fp,100,0.04992429608946459,,0.65,0.047696960070847276,0.28,0.0448998886412873,0.01424714376775293,0.03735588933274427,0.06183968039022755,0.74,0.04054054054054054,1.7447029480463079,,,,,,,0.45,0.0,7.0,,,
L1-27,rootavail,80,0.2,0.0,a,theta,200,0.03428136544323019,0.00044027902915629984,0.91,0.02023610634484806,0.51,0.03534826728426727,0.041202627012579984,0.09635918856739592,0.31898212753479616,0.14,0.03571428571428571,6.166773789943918,0.065,0.04,0.02,0.085,0.0,0.325,,,,,,
L1-27,rootavail,80,0.2,0.0,b10,gamma,100,,,,,,,,,2.160774642885805,0.07,,,,,,,,,0.23,0.34,2.1,,,
L1-27,rootavail,80,0.2,0.0,b10,rho12,100,0.4533494219060921,,0.75,0.04330127018922193,0.17,0.0375632799419859,-0.23580400436725676,0.25085527065390273,0.5373527865983934,1.0,0.0,0.4798625674301582,,,,,,,0.23,0.34,2.1,,,
L1-27,rootavail,80,0.2,0.0,b10,theta,100,0.0342813654432302,0.00044027902915629973,0.88,0.03249615361854384,0.49,0.04998999899979995,-0.017053037179265217,0.060845337683326464,0.2044965162293275,0.07,0.14285714285714285,4.425010986349757,0.0,0.14,0.0,0.43,0.0,0.83,0.23,0.34,2.1,,,
L1-27,rootavail,80,0.2,0.0,b10,theta_fp,100,0.035504459569403055,,0.9,0.03,0.43,0.04950757517794625,-0.011822584180592463,0.05753556649579871,0.17830430294101704,0.16,0.3125,3.444901512341147,,,,,,,0.23,0.34,2.1,,,
L1-27,rootavail,80,0.2,0.0,b30,gamma,100,,,,,,,,,2.0911648544795804,0.07,,,,,,,,,0.31,0.15,2.3,,,
L1-27,rootavail,80,0.2,0.0,b30,rho12,100,0.4533494219060921,,0.77,0.042083250825001625,0.24,0.04270831300812525,-0.20151642653888457,0.22472193301592044,0.5485368748264943,1.0,0.0,0.5554942461564952,,,,,,,0.31,0.15,2.3,,,
L1-27,rootavail,80,0.2,0.0,b30,theta,100,0.0342813654432302,0.00044027902915629973,0.9,0.03,0.5,0.05,-0.011589788384195871,0.05547042245914508,0.1980300669557794,0.07,0.2857142857142857,4.274459573553651,0.01,0.09,0.0,0.38,0.0,0.85,0.31,0.15,2.3,,,
L1-27,rootavail,80,0.2,0.0,b30,theta_fp,100,0.03550445956940306,,0.89,0.031288975694324025,0.47,0.04990991885387112,-0.005773172769526773,0.05384481987812435,0.16993827922607768,0.18,0.2222222222222222,3.3273662917080067,,,,,,,0.31,0.15,2.3,,,
L1-27,rootavail,80,0.2,0.0,c,gamma,100,,,,,,,,,2.359581915427957,0.07,,,,,,,,,0.52,0.0,6.9,,,
L1-27,rootavail,80,0.2,0.0,c,theta_m,100,0.030997973966726402,,0.88,0.03249615361854384,0.56,0.04963869458396342,-0.018316487230800257,0.04053549037977031,0.14309226043800144,0.07,0.7142857142857143,2.4902138213693106,0.0,0.2,0.0,0.61,0.0,0.97,0.52,0.0,6.9,0.0342813654432302,,
L1-27,rootavail,80,0.2,0.0,c,theta_m_fp,100,0.033814407656597906,,0.58,0.04935585071701227,0.23,0.042083250825001625,0.01942337784263398,0.037833790016617505,0.05716575085981525,0.8,0.1,2.232612093236115,,,,,,,0.52,0.0,6.9,,,
L1-28,rootavail,80,0.2,1.0,a,theta,200,0.1902295425083469,0.16596219562412037,0.935,0.01743201078476031,0.505,0.03535357124817803,0.02332845342016613,0.10468833030449827,0.3579245178792384,0.67,0.0,1.4057433402851873,0.435,0.0,0.265,0.0,0.035,0.03,,,,,,
L1-28,rootavail,80,0.2,1.0,b10,gamma,100,,,,,,,,,2.0450416331228194,0.59,,,,,,,,,0.16,0.21,2.05,,,
L1-28,rootavail,80,0.2,1.0,b10,rho12,100,0.42432026239967263,,0.71,0.04537620521815371,0.22,0.04142463035441596,-0.2249299569356581,0.24156816303628986,0.49535068267362026,1.0,0.0,0.46990521813970376,,,,,,,0.16,0.21,2.05,,,
L1-28,rootavail,80,0.2,1.0,b10,theta,100,0.19022954250834695,0.16596219562412046,0.8,0.04,0.31,0.04624932431938871,-0.05125683878149874,0.09827723621640547,0.2500075752036886,0.59,0.0,0.986826760299378,0.25,0.0,0.12,0.02,0.03,0.22,0.16,0.21,2.05,,,
L1-28,rootavail,80,0.2,1.0,b10,theta_fp,100,0.18830252519454252,,0.88,0.03249615361854384,0.38,0.048538644398046386,-0.03533449688326378,0.07655363655974712,0.22693526522833685,0.76,0.0,0.9647809440226073,,,,,,,0.16,0.21,2.05,,,
L1-28,rootavail,80,0.2,1.0,b30,gamma,100,,,,,,,,,1.9998042488633567,0.67,,,,,,,,,0.17,0.1,2.3,,,
L1-28,rootavail,80,0.2,1.0,b30,rho12,100,0.42432026239967263,,0.72,0.0448998886412873,0.31,0.04624932431938871,-0.18928569659583785,0.21746488966539157,0.5324692210063913,1.0,0.0,0.5539084192553893,,,,,,,0.17,0.1,2.3,,,
L1-28,rootavail,80,0.2,1.0,b30,theta,100,0.19022954250834695,0.16596219562412046,0.82,0.0384187454245971,0.34,0.04737087712930804,-0.042341333388603755,0.08984550479156903,0.2455283472100498,0.67,0.0,0.9588606750073311,0.32,0.0,0.15,0.01,0.03,0.2,0.17,0.1,2.3,,,
L1-28,rootavail,80,0.2,1.0,b30,theta_fp,100,0.18830252519454252,,0.9,0.03,0.42,0.04935585071701227,-0.024277069012970415,0.06835736441762803,0.213921218792539,0.86,0.0,0.9615581593047285,,,,,,,0.17,0.1,2.3,,,
L1-28,rootavail,80,0.2,1.0,c,gamma,100,,,,,,,,,2.1085407176209463,0.75,,,,,,,,,0.42,0.0,7.0,,,
L1-28,rootavail,80,0.2,1.0,c,theta_m,100,0.16625132146360852,,0.74,0.04386342439892262,0.33,0.04702127178203499,-0.0474612209917039,0.07363096387153989,0.18854739083249875,0.75,0.0,0.8404068409721958,0.31,0.0,0.08,0.0,0.0,0.44,0.42,0.0,7.0,0.19022954250834695,,
L1-28,rootavail,80,0.2,1.0,c,theta_m_fp,100,0.16894815240052183,,0.71,0.04537620521815371,0.42,0.04935585071701227,0.010134853691213242,0.037587264026500526,0.07298400503445654,1.0,0.0,1.0599879522043352,,,,,,,0.42,0.0,7.0,,,
L1-29,orient,80,0.2,0.0,a,theta,200,-0.0012598604944584,-4.149274078610321e-05,0.84,0.025922962793631443,0.395,0.03456696399743547,0.08598231564831554,0.1253995727435014,0.3423732423031731,0.15,0.9666666666666667,174.00374947169323,0.06,0.03,0.01,0.075,0.0,0.255,,,,,,
L1-29,orient,80,0.2,0.0,b10,gamma,100,,,,,,,,,2.244210903060607,0.1,,,,,,,,,0.27,0.42,2.1,,,
L1-29,orient,80,0.2,0.0,b10,rho12,100,0.4666177782892067,,0.86,0.03469870314579494,0.38,0.048538644398046386,-0.1803206755005715,0.21024160627537003,0.6011847991456758,1.0,0.0,0.6135580685294638,,,,,,,0.27,0.42,2.1,,,
L1-29,orient,80,0.2,0.0,b10,theta,100,-0.0012598604944584,-4.149274078610321e-05,0.91,0.028618176042508364,0.54,0.04983974317750845,0.02954571089476113,0.07535977859871869,0.23347803365503023,0.1,0.7,129.05837469271677,0.04,0.1,0.01,0.25,0.0,0.77,0.27,0.42,2.1,,,
L1-29,orient,80,0.2,0.0,b10,theta_fp,100,-0.0007597688396257082,,0.78,0.04142463035441595,0.48,0.049959983987187186,0.041108179569597274,0.07870323935445794,0.1949253668925165,0.23,0.782608695652174,186.3891360006429,,,,,,,0.27,0.42,2.1,,,
L1-29,orient,80,0.2,0.0,b30,gamma,100,,,,,,,,,2.1963837112523397,0.08,,,,,,,,,0.4,0.3,2.3,,,
L1-29,orient,80,0.2,0.0,b30,rho12,100,0.4666177782892067,,0.88,0.03249615361854384,0.47,0.04990991885387112,-0.14101477010764965,0.18555142849646042,0.5728315381383107,1.0,0.0,0.6977938332640007,,,,,,,0.4,0.3,2.3,,,
L1-29,orient,80,0.2,0.0,b30,theta,100,-0.0012598604944584,-4.149274078610321e-05,0.92,0.027129319932501065,0.56,0.04963869458396342,0.034680344328015186,0.07282363264281976,0.22459167714016248,0.08,0.75,135.83570559397378,0.04,0.09,0.01,0.23,0.0,0.78,0.4,0.3,2.3,,,
L1-29,orient,80,0.2,0.0,b30,theta_fp,100,-0.0007597688396257082,,0.77,0.042083250825001625,0.45,0.049749371855331,0.04681094230118279,0.07719566586215543,0.1849073360624382,0.23,0.8260869565217391,191.5983333359066,,,,,,,0.4,0.3,2.3,,,
L1-29,orient,80,0.2,0.0,c,gamma,100,,,,,,,,,2.522847598790115,0.09,,,,,,,,,0.56,0.0,7.1,,,
L1-29,orient,80,0.2,0.0,c,theta_m,100,0.0006226346808119,,0.92,0.027129319932501065,0.56,0.04963869458396342,0.01765750812651785,0.05532952485070554,0.17439584228447774,0.09,0.2222222222222222,184.12349636885486,0.01,0.16,0.0,0.48,0.0,0.85,0.56,0.0,7.1,-0.0012598604944584,,
L1-29,orient,80,0.2,0.0,c,theta_m_fp,100,-0.0036508386704324275,,0.22,0.04142463035441596,0.07,0.02551470164434615,0.08692793809603858,0.10698917617289962,0.060327678686249955,0.76,0.9210526315789473,31.66505053629112,,,,,,,0.56,0.0,7.1,,,
L1-30,orient,80,0.2,1.0,a,theta,200,0.17047867359835073,0.17346783385820694,0.915,0.019719913792915014,0.495,0.03535357124817803,0.044732794133183755,0.11280203251293114,0.3607752779657707,0.685,0.0,1.5756658979483065,0.465,0.01,0.23,0.01,0.05,0.035,,,,,,
L1-30,orient,80,0.2,1.0,b10,gamma,100,,,,,,,,,2.0254255918800377,0.67,,,,,,,,,0.23,0.29,2.1,,,
L1-30,orient,80,0.2,1.0,b10,rho12,100,0.43547328103338323,,0.71,0.04537620521815371,0.23,0.042083250825001625,-0.2144298583625564,0.23759043431372312,0.5103736906314285,1.0,0.0,0.5075935362699825,,,,,,,0.23,0.29,2.1,,,
L1-30,orient,80,0.2,1.0,b10,theta,100,0.1704786735983507,0.17346783385820697,0.9,0.03,0.52,0.049959983987187186,-0.010917363853578667,0.08079831345890841,0.2724478641877742,0.67,0.0,1.169923889473264,0.38,0.01,0.14,0.01,0.01,0.1,0.23,0.29,2.1,,,
L1-30,orient,80,0.2,1.0,b10,theta_fp,100,0.17043459389424742,,0.93,0.02551470164434614,0.46,0.04983974317750845,0.006506011741218989,0.07005919130267581,0.2361463896476947,0.79,0.0,1.2027034527616844,,,,,,,0.23,0.29,2.1,,,
L1-30,orient,80,0.2,1.0,b30,gamma,100,,,,,,,,,1.99296760253005,0.71,,,,,,,,,0.34,0.18,2.3,,,
L1-30,orient,80,0.2,1.0,b30,rho12,100,0.43547328103338323,,0.7,0.045825756949558406,0.28,0.0448998886412873,-0.18611508271952887,0.2236918229170019,0.5062927663779573,1.0,0.0,0.5726142318585529,,,,,,,0.34,0.18,2.3,,,
L1-30,orient,80,0.2,1.0,b30,theta,100,0.1704786735983507,0.17346783385820697,0.87,0.03363034344160047,0.48,0.049959983987187186,-0.004830509720117222,0.07938188684060357,0.25957131460519023,0.71,0.0,1.181065267709681,0.44,0.0,0.16,0.01,0.01,0.12,0.34,0.18,2.3,,,
L1-30,orient,80,0.2,1.0,b30,theta_fp,100,0.17043459389424742,,0.87,0.03363034344160047,0.43,0.04950757517794625,0.014072142546039345,0.0705344569487919,0.21931154985730775,0.87,0.0,1.1910794838226815,,,,,,,0.34,0.18,2.3,,,
L1-30,orient,80,0.2,1.0,c,gamma,100,,,,,,,,,2.230248781929803,0.77,,,,,,,,,0.5,0.0,7.0,,,
L1-30,orient,80,0.2,1.0,c,theta_m,100,0.15499475357449355,,0.82,0.0384187454245971,0.42,0.04935585071701227,-0.0008769643652364547,0.07748523161924732,0.21975653276626722,0.77,0.0,1.169095746986215,0.44,0.0,0.22,0.02,0.01,0.26,0.5,0.0,7.0,0.1704786735983507,,
L1-30,orient,80,0.2,1.0,c,theta_m_fp,100,0.14856976450731743,,0.23,0.042083250825001625,0.07,0.02551470164434615,0.08061980999202689,0.10289876555396897,0.07667717813304645,0.99,0.0,1.5564844837353033,,,,,,,0.5,0.0,7.0,,,
L1-31,shared,80,0.2,0.0,a,theta,200,-0.0011490559669372,-0.0019805260302711994,0.885,0.022558257911461158,0.56,0.035099857549568486,0.04144330913505643,0.09935229847811128,0.33218634412987225,0.11,0.7727272727272727,173.13357301914792,0.025,0.025,0.0,0.125,0.0,0.445,,,,,,
L1-31,shared,80,0.2,0.0,b10,gamma,100,,,,,,,,,2.270786326235701,0.05,,,,,,,,,0.28,0.45,2.1,,,
L1-31,shared,80,0.2,0.0,b10,rho12,100,0.46784048336477235,,0.8,0.04,0.31,0.04624932431938871,-0.2083644223505646,0.23298693777866075,0.5853345792623086,1.0,0.0,0.5546250703830088,,,,,,,0.28,0.45,2.1,,,
L1-31,shared,80,0.2,0.0,b10,theta,100,-0.0011490559669372002,-0.0019805260302712,0.95,0.021794494717703377,0.6,0.04898979485566356,-0.00048448563537893186,0.05786676882559223,0.22269989303126575,0.05,0.0,89.11823260272865,0.0,0.18,0.0,0.43,0.0,0.85,0.28,0.45,2.1,,,
L1-31,shared,80,0.2,0.0,b10,theta_fp,100,0.0037156075627918623,,0.95,0.021794494717703377,0.58,0.04935585071701227,0.0008258402172188485,0.04653231580485699,0.1898083426540531,0.18,0.5,31.65939945280409,,,,,,,0.28,0.45,2.1,,,
L1-31,shared,80,0.2,0.0,b30,gamma,100,,,,,,,,,2.211460250770802,0.03,,,,,,,,,0.28,0.29,2.4,,,
L1-31,shared,80,0.2,0.0,b30,rho12,100,0.46784048336477235,,0.78,0.04142463035441595,0.41,0.04918333050943175,-0.16829722958794865,0.2123445694351682,0.5496858643418081,1.0,0.0,0.6402679212847676,,,,,,,0.28,0.29,2.4,,,
L1-31,shared,80,0.2,0.0,b30,theta,100,-0.0011490559669372002,-0.0019805260302712,0.97,0.017058722109231986,0.53,0.04990991885387112,0.002669950182665083,0.05559937583064748,0.21810149113397584,0.03,0.0,84.30572137253199,0.0,0.22,0.0,0.45,0.0,0.88,0.28,0.29,2.4,,,
L1-31,shared,80,0.2,0.0,b30,theta_fp,100,0.003715607562791861,,0.91,0.028618176042508364,0.56,0.04963869458396342,0.004387536391005516,0.04613229786498817,0.1779074651794222,0.19,0.47368421052631576,29.030730653286312,,,,,,,0.28,0.29,2.4,,,
L1-31,shared,80,0.2,0.0,c,gamma,100,,,,,,,,,2.5337819703372038,0.15,,,,,,,,,0.52,0.0,7.0,,,
L1-31,shared,80,0.2,0.0,c,theta_m,100,-0.0018596812035182005,,0.86,0.03469870314579494,0.47,0.04990991885387112,-0.013136563255570562,0.04768804132697157,0.15577786265005267,0.15,0.06666666666666667,43.166473383728466,0.0,0.43,0.0,0.69,0.0,0.99,0.52,0.0,7.0,-0.0011490559669372002,,
L1-31,shared,80,0.2,0.0,c,theta_m_fp,100,0.0009075633674499089,,0.63,0.048280430818293245,0.35,0.047696960070847276,0.013822157838492775,0.03774883578858399,0.0569837610440894,0.65,0.4461538461538462,89.98456932686788,,,,,,,0.52,0.0,7.0,,,
L1-32,shared,80,0.2,1.0,a,theta,200,0.1737230819390365,0.1716915820568721,0.93,0.01804161855266871,0.535,0.03526861210765175,-0.0029884025006213597,0.10291671370177387,0.36789304895461494,0.455,0.0,1.4888483676863218,0.25,0.0,0.115,0.0,0.025,0.06,,,,,,
L1-32,shared,80,0.2,1.0,b10,gamma,100,,,,,,,,,2.1638581572525233,0.4,,,,,,,,,0.24,0.34,2.1,,,
L1-32,shared,80,0.2,1.0,b10,rho12,100,0.4370629693610953,,0.76,0.04270831300812525,0.31,0.04624932431938871,-0.20949517779222251,0.23105707121963948,0.5291763399136258,1.0,0.0,0.5206750686326379,,,,,,,0.24,0.34,2.1,,,
L1-32,shared,80,0.2,1.0,b10,theta,100,0.17372308193903652,0.17169158205687216,0.84,0.036660605559646724,0.41,0.04918333050943175,-0.06440015452286497,0.09527209259696938,0.2715181128810905,0.4,0.0,1.0052118165961865,0.14,0.01,0.02,0.03,0.0,0.23,0.24,0.34,2.1,,,
L1-32,shared,80,0.2,1.0,b10,theta_fp,100,0.15084481905901578,,0.85,0.035707142142714254,0.5,0.05,-0.02611345672777824,0.07790256293167382,0.23750783123779473,0.54,0.0,1.1809101370152828,,,,,,,0.24,0.34,2.1,,,
L1-32,shared,80,0.2,1.0,b30,gamma,100,,,,,,,,,2.0908048275962643,0.48,,,,,,,,,0.34,0.22,2.4,,,
L1-32,shared,80,0.2,1.0,b30,rho12,100,0.4370629693610953,,0.8,0.04,0.34,0.04737087712930804,-0.17014481213110544,0.20685768655998313,0.5456454021143485,1.0,0.0,0.6107086986119519,,,,,,,0.34,0.22,2.4,,,
L1-32,shared,80,0.2,1.0,b30,theta,100,0.17372308193903652,0.17169158205687216,0.88,0.03249615361854384,0.38,0.048538644398046386,-0.05607822725205661,0.08749463590056607,0.261214291576312,0.48,0.0,0.9783753669340086,0.18,0.01,0.04,0.02,0.0,0.22,0.34,0.22,2.4,,,
L1-32,shared,80,0.2,1.0,b30,theta_fp,100,0.15084481905901578,,0.88,0.03249615361854384,0.48,0.049959983987187186,-0.015984925548109503,0.07013555276750877,0.2211776342647945,0.72,0.0,1.1068676264410096,,,,,,,0.34,0.22,2.4,,,
L1-32,shared,80,0.2,1.0,c,gamma,100,,,,,,,,,2.3894668416556595,0.39,,,,,,,,,0.49,0.0,7.0,,,
L1-32,shared,80,0.2,1.0,c,theta_m,100,0.1538999077549887,,0.77,0.042083250825001625,0.24,0.04270831300812525,-0.06844498935698272,0.08433010268174257,0.19956791984117828,0.39,0.0,0.860987585192162,0.08,0.02,0.03,0.07,0.0,0.58,0.49,0.0,7.0,0.17372308193903652,,
L1-32,shared,80,0.2,1.0,c,theta_m_fp,100,0.13294091255167093,,0.76,0.04270831300812525,0.37,0.048280430818293245,0.00996992865924563,0.03394899297656068,0.0757120609564898,0.93,0.0,1.147723056940516,,,,,,,0.49,0.0,7.0,,,
L1-33,cs_mnar,80,0.2,0.0,a,theta,200,-0.0013992709158854,-0.0002502635210819,0.94,0.01679285562374667,0.47,0.03529164207004259,0.035147681776698116,0.09932505547285424,0.3302229527729477,0.07,0.7142857142857143,145.2263243191604,0.02,0.085,0.01,0.185,0.0,0.45,,,,,,
L1-33,cs_mnar,80,0.2,0.0,b10,gamma,100,,,,,,,,,2.3532966566738085,0.13,,,,,,,,,0.27,0.48,2.1,,,
L1-33,cs_mnar,80,0.2,0.0,b10,rho12,100,0.46996479855633927,,0.79,0.0407308237088326,0.23,0.042083250825001625,-0.23172055503963945,0.2501848944457528,0.5740963821867139,1.0,0.0,0.5069406139535343,,,,,,,0.27,0.48,2.1,,,
L1-33,cs_mnar,80,0.2,0.0,b10,theta,100,-0.0013992709158854003,-0.0002502635210819,0.89,0.031288975694324025,0.48,0.049959983987187186,-0.018026270309156347,0.06205232026994056,0.20530604508342776,0.13,0.07692307692307693,82.0500749447975,0.0,0.31,0.0,0.56,0.0,0.92,0.27,0.48,2.1,,,
L1-33,cs_mnar,80,0.2,0.0,b10,theta_fp,100,-0.001863626199166764,,0.93,0.02551470164434614,0.52,0.049959983987187186,-0.014433872287806359,0.05022864915111527,0.1866423397720455,0.16,0.0625,61.203686208346056,,,,,,,0.27,0.48,2.1,,,
L1-33,cs_mnar,80,0.2,0.0,b30,gamma,100,,,,,,,,,2.307953249963325,0.12,,,,,,,,,0.45,0.28,2.3,,,
L1-33,cs_mnar,80,0.2,0.0,b30,rho12,100,0.46996479855633927,,0.76,0.04270831300812525,0.28,0.0448998886412873,-0.20536768297980415,0.23555050678501147,0.5570976756340608,1.0,0.0,0.5630147542738038,,,,,,,0.45,0.28,2.3,,,
L1-33,cs_mnar,80,0.2,0.0,b30,theta,100,-0.0013992709158854003,-0.0002502635210819,0.88,0.03249615361854384,0.46,0.04983974317750845,-0.013548700238154632,0.05910150151938095,0.199744576162876,0.12,0.16666666666666666,79.8187444551369,0.0,0.3,0.0,0.55,0.0,0.93,0.45,0.28,2.3,,,
L1-33,cs_mnar,80,0.2,0.0,b30,theta_fp,100,-0.0018636261991667646,,0.92,0.027129319932501065,0.55,0.049749371855330994,-0.009396258092882723,0.045890294809141884,0.1721286507291781,0.17,0.17647058823529413,58.90783823820345,,,,,,,0.45,0.28,2.3,,,
L1-34,cs_mnar,80,0.2,1.0,a,theta,200,0.17335201032961442,0.1748590399105847,0.91,0.02023610634484806,0.52,0.03532704346531139,0.00750878960771083,0.11210146585492328,0.3892202490739939,0.465,0.0,1.5932508759514485,0.29,0.0,0.135,0.015,0.02,0.075,,,,,,
L1-34,cs_mnar,80,0.2,1.0,b10,gamma,100,,,,,,,,,2.1632601621697507,0.52,,,,,,,,,0.1,0.32,2.1,,,
L1-34,cs_mnar,80,0.2,1.0,b10,rho12,100,0.43671750139050713,,0.78,0.04142463035441595,0.17,0.0375632799419859,-0.23216611021100725,0.24445849087526247,0.529584177271549,1.0,0.0,0.4683837733276295,,,,,,,0.1,0.32,2.1,,,
L1-34,cs_mnar,80,0.2,1.0,b10,theta,100,0.17335201032961448,0.1748590399105848,0.9,0.03,0.54,0.04983974317750845,-0.04065018847551318,0.08741098709115762,0.282902188416827,0.52,0.019230769230769232,1.1044189641556266,0.23,0.02,0.01,0.03,0.0,0.19,0.1,0.32,2.1,,,
L1-34,cs_mnar,80,0.2,1.0,b10,theta_fp,100,0.1797823564489237,,0.9,0.03,0.54,0.04983974317750845,-0.03195569352250039,0.07446529920025707,0.2552525013743113,0.68,0.029411764705882353,1.0562297721702105,,,,,,,0.1,0.32,2.1,,,
L1-34,cs_mnar,80,0.2,1.0,b30,gamma,100,,,,,,,,,2.0847635819276102,0.6,,,,,,,,,0.2,0.18,2.3,,,
L1-34,cs_mnar,80,0.2,1.0,b30,rho12,100,0.43671750139050713,,0.76,0.04270831300812525,0.25,0.04330127018922193,-0.202014934837851,0.22464528655041366,0.5310943064807174,1.0,0.0,0.5374242291764451,,,,,,,0.2,0.18,2.3,,,
L1-34,cs_mnar,80,0.2,1.0,b30,theta,100,0.17335201032961448,0.1748590399105848,0.88,0.03249615361854384,0.49,0.04998999899979995,-0.033715225302815434,0.0853987890476366,0.2697898117223201,0.6,0.016666666666666666,1.0826414349279787,0.3,0.02,0.09,0.03,0.0,0.2,0.2,0.18,2.3,,,
L1-34,cs_mnar,80,0.2,1.0,b30,theta_fp,100,0.1797823564489237,,0.91,0.028618176042508364,0.52,0.049959983987187186,-0.023932692984541575,0.06836138514449633,0.2375471252762233,0.76,0.013157894736842105,1.0544201703735658,,,,,,,0.2,0.18,2.3,,,
L1-35,floor,80,0.2,0.0,a,theta,200,-0.00048481249136220005,-0.0007301610542139001,0.885,0.022558257911461158,0.47,0.03529164207004259,0.04817445661459039,0.10284102674214522,0.3207649954117703,0.115,0.9130434782608695,444.6248849933143,0.05,0.05,0.0,0.13,0.0,0.415,,,,,,
L1-35,floor,80,0.2,0.0,b10,gamma,100,,,,,,,,,2.230905247615904,0.09,,,,,,,,,0.25,0.45,2.1,,,
L1-35,floor,80,0.2,0.0,b10,rho12,100,0.46647548390561333,,0.76,0.04270831300812525,0.28,0.0448998886412873,-0.20993569008473262,0.238044380553633,0.5720523785961416,1.0,0.0,0.5499534330785734,,,,,,,0.25,0.45,2.1,,,
L1-35,floor,80,0.2,0.0,b10,theta,100,-0.0004848124913622001,-0.0007301610542139002,0.91,0.028618176042508364,0.61,0.048774993593028795,-0.006095922451596879,0.05269799188985485,0.19889664402049262,0.09,0.3333333333333333,232.66962695213473,0.0,0.27,0.0,0.5,0.0,0.91,0.25,0.45,2.1,,,
L1-35,floor,80,0.2,0.0,b10,theta_fp,100,-0.0008157399321533743,,0.88,0.03249615361854384,0.44,0.04963869458396343,-0.0012063460375109662,0.05369530539737458,0.172658441849327,0.12,0.3333333333333333,144.42381814250845,,,,,,,0.25,0.45,2.1,,,
L1-35,floor,80,0.2,0.0,b30,gamma,100,,,,,,,,,2.192957980821343,0.07,,,,,,,,,0.4,0.2,2.3,,,
L1-35,floor,80,0.2,0.0,b30,rho12,100,0.46647548390561333,,0.79,0.0407308237088326,0.33,0.04702127178203499,-0.17917126345076917,0.21873443493913955,0.5576499154706112,1.0,0.0,0.615904222981582,,,,,,,0.4,0.2,2.3,,,
L1-35,floor,80,0.2,0.0,b30,theta,100,-0.0004848124913622001,-0.0007301610542139002,0.93,0.02551470164434614,0.53,0.04990991885387112,-0.0008668139101690652,0.05382902985626788,0.19177114070915313,0.07,0.2857142857142857,243.00438667278485,0.0,0.25,0.0,0.52,0.0,0.94,0.4,0.2,2.3,,,
L1-35,floor,80,0.2,0.0,b30,theta_fp,100,-0.0008157399321533741,,0.87,0.03363034344160047,0.44,0.04963869458396343,0.004571169890196937,0.05136721274831855,0.15884805968101245,0.17,0.47058823529411764,133.4467680490048,,,,,,,0.4,0.2,2.3,,,
L1-35,floor,80,0.2,0.0,c,gamma,100,,,,,,,,,2.5616105717867037,0.05,,,,,,,,,0.51,0.0,7.2,,,
L1-35,floor,80,0.2,0.0,c,theta_m,100,-0.0006776815408777,,0.95,0.021794494717703377,0.5,0.05,-0.009241628671345547,0.04054593685083293,0.13363212115508655,0.05,0.2,146.73060307375886,0.01,0.45,0.0,0.83,0.0,0.98,0.51,0.0,7.2,-0.0004848124913622001,,
L1-35,floor,80,0.2,0.0,c,theta_m_fp,100,0.0026133311540878896,,0.74,0.04386342439892262,0.33,0.04702127178203499,0.017268781969356346,0.04455557908894347,0.05686248031706365,0.66,0.3939393939393939,24.872474829180714,,,,,,,0.51,0.0,7.2,,,
L1-36,floor,80,0.2,1.0,a,theta,200,0.14749192633760771,0.14967713934453722,0.91,0.02023610634484806,0.505,0.03535357124817803,-0.001397468456685732,0.09959047190443467,0.3494646399889331,0.415,0.0,1.6279004708680753,0.22,0.0,0.065,0.02,0.005,0.15,,,,,,
L1-36,floor,80,0.2,1.0,b10,gamma,100,,,,,,,,,2.065868468989945,0.45,,,,,,,,,0.22,0.37,2.1,,,
L1-36,floor,80,0.2,1.0,b10,rho12,100,0.43669307279063924,,0.76,0.04270831300812525,0.19,0.039230090491866064,-0.21552282358822275,0.23708682853565982,0.5237092989871341,1.0,0.0,0.5064661268589679,,,,,,,0.22,0.37,2.1,,,
L1-36,floor,80,0.2,1.0,b10,theta,100,0.14749192633760771,0.1496771393445372,0.8,0.04,0.39,0.048774993593028795,-0.042794126872679555,0.08087707548064292,0.23617840360272485,0.45,0.0,1.093111087768048,0.18,0.0,0.04,0.05,0.0,0.36,0.22,0.37,2.1,,,
L1-36,floor,80,0.2,1.0,b10,theta_fp,100,0.1325279208532944,,0.91,0.028618176042508364,0.47,0.04990991885387112,-0.01576807495930872,0.06683815100792737,0.2103670086009561,0.63,0.0,1.2005103253805538,,,,,,,0.22,0.37,2.1,,,
L1-36,floor,80,0.2,1.0,b30,gamma,100,,,,,,,,,2.0111221115783375,0.5,,,,,,,,,0.32,0.16,2.3,,,
L1-36,floor,80,0.2,1.0,b30,rho12,100,0.43669307279063924,,0.73,0.044395945760846225,0.21,0.0407308237088326,-0.18923755866762096,0.2218527105525879,0.5167472418652552,1.0,0.0,0.5666577501256908,,,,,,,0.32,0.16,2.3,,,
L1-36,floor,80,0.2,1.0,b30,theta,100,0.14749192633760771,0.1496771393445372,0.83,0.037563279941985904,0.37,0.048280430818293245,-0.03657007534444734,0.07665516935227486,0.22961317838553352,0.5,0.0,1.0815199406200449,0.19,0.0,0.04,0.02,0.0,0.36,0.32,0.16,2.3,,,
L1-36,floor,80,0.2,1.0,b30,theta_fp,100,0.1325279208532944,,0.89,0.031288975694324025,0.43,0.04950757517794625,-0.008888769890914569,0.0631858525018089,0.20124784984494465,0.67,0.0,1.1926332347188238,,,,,,,0.32,0.16,2.3,,,
L1-36,floor,80,0.2,1.0,c,gamma,100,,,,,,,,,2.2500611596379123,0.53,,,,,,,,,0.61,0.0,7.0,,,
L1-36,floor,80,0.2,1.0,c,theta_m,100,0.1266100826373891,,0.75,0.04330127018922193,0.31,0.04624932431938871,-0.038064255653487464,0.0675348145130892,0.16505834970651131,0.53,0.0,1.009830854166441,0.18,0.01,0.03,0.11,0.0,0.64,0.61,0.0,7.0,0.14749192633760771,,
L1-36,floor,80,0.2,1.0,c,theta_m_fp,100,0.1121722081679186,,0.64,0.048,0.3,0.0458257569495584,0.020345121946489613,0.04521550142879265,0.0707277931124756,0.96,0.010416666666666666,1.2325921659750119,,,,,,,0.61,0.0,7.0,,,
L1-37,coder.4,80,0.2,0.0,a,theta,200,-0.0009137447782102999,0.0004999759722873998,0.895,0.021676600286945368,0.545,0.035211858797853886,0.03845320201013043,0.09719752014063972,0.3083533678651309,0.105,0.8095238095238095,224.03397323589502,0.02,0.065,0.015,0.16,0.0,0.505,,,,,,
L1-37,coder.4,80,0.2,0.0,b10,gamma,100,,,,,,,,,2.3165540678242484,0.08,,,,,,,,,0.34,0.44,2.1,,,
L1-37,coder.4,80,0.2,0.0,b10,rho12,100,0.5336975003037745,,0.7,0.045825756949558406,0.25,0.04330127018922193,-0.2580447329465404,0.2799912001431387,0.6015585382088628,1.0,0.0,0.5164962683923681,,,,,,,0.34,0.44,2.1,,,
L1-37,coder.4,80,0.2,0.0,b10,theta,100,-0.0009137447782102998,0.0004999759722874,0.93,0.02551470164434614,0.42,0.04935585071701227,-0.013236227924527404,0.05402875366901459,0.17567515291863484,0.08,0.25,125.23860773405325,0.0,0.42,0.0,0.65,0.0,0.96,0.34,0.44,2.1,,,
L1-37,coder.4,80,0.2,0.0,b10,theta_fp,100,-0.004209376872228343,,0.88,0.03249615361854384,0.42,0.04935585071701227,-0.004548117246876453,0.049783970016122815,0.15475585666162545,0.14,0.2857142857142857,25.370923180510538,,,,,,,0.34,0.44,2.1,,,
L1-37,coder.4,80,0.2,0.0,b30,gamma,100,,,,,,,,,2.2300245085598234,0.12,,,,,,,,,0.33,0.28,2.4,,,
L1-37,coder.4,80,0.2,0.0,b30,rho12,100,0.5336975003037745,,0.74,0.04386342439892262,0.35,0.047696960070847276,-0.2161350518360617,0.2515269255745221,0.5721472659159235,1.0,0.0,0.5950233011902061,,,,,,,0.33,0.28,2.4,,,
L1-37,coder.4,80,0.2,0.0,b30,theta,100,-0.0009137447782102998,0.0004999759722874,0.89,0.031288975694324025,0.44,0.04963869458396343,-0.00864127921645684,0.05161402682879711,0.17267287175484386,0.12,0.16666666666666666,101.65609221214844,0.0,0.37,0.0,0.61,0.0,0.95,0.33,0.28,2.4,,,
L1-37,coder.4,80,0.2,0.0,b30,theta_fp,100,-0.004209376872228342,,0.9,0.03,0.41,0.04918333050943175,-0.0002444689759316446,0.04866686403107827,0.1462519403426764,0.2,0.3,21.8516459710059,,,,,,,0.33,0.28,2.4,,,
L1-38,coder.4,80,0.2,1.0,a,theta,200,0.1794253290571384,0.1785157897762506,0.93,0.01804161855266871,0.435,0.03505531343462785,0.018159763624051875,0.1039242685366675,0.35553318376254744,0.585,0.0,1.4926411639831672,0.41,0.0,0.235,0.0,0.025,0.05,,,,,,
L1-38,coder.4,80,0.2,1.0,b10,gamma,100,,,,,,,,,2.158610381436995,0.48,,,,,,,,,0.32,0.3,2.1,,,
L1-38,coder.4,80,0.2,1.0,b10,rho12,100,0.5017778857710972,,0.71,0.04537620521815371,0.13,0.03363034344160047,-0.2634582436429787,0.27754288582714737,0.556834126908271,1.0,0.0,0.4749504688949883,,,,,,,0.32,0.3,2.1,,,
L1-38,coder.4,80,0.2,1.0,b10,theta,100,0.17942532905713843,0.17851578977625052,0.69,0.04624932431938871,0.32,0.0466476151587624,-0.06352215292136337,0.10440874050956792,0.25240435356139457,0.48,0.0,1.04508769642228,0.25,0.0,0.08,0.04,0.0,0.36,0.32,0.3,2.1,,,
L1-38,coder.4,80,0.2,1.0,b10,theta_fp,100,0.17802481976118772,,0.82,0.0384187454245971,0.37,0.048280430818293245,-0.045049939693306874,0.0762651636252656,0.21603352982233642,0.59,0.0,1.083882808950743,,,,,,,0.32,0.3,2.1,,,
L1-38,coder.4,80,0.2,1.0,b30,gamma,100,,,,,,,,,2.091036681524671,0.54,,,,,,,,,0.28,0.17,2.3,,,
L1-38,coder.4,80,0.2,1.0,b30,rho12,100,0.5017778857710972,,0.78,0.04142463035441595,0.22,0.04142463035441596,-0.21423027651299742,0.24050663029791175,0.5578066019518786,1.0,0.0,0.5730575567638193,,,,,,,0.28,0.17,2.3,,,
L1-38,coder.4,80,0.2,1.0,b30,theta,100,0.17942532905713843,0.17851578977625052,0.75,0.04330127018922193,0.33,0.04702127178203499,-0.05852631998783449,0.1014221075336354,0.24188946472290634,0.54,0.0,1.015703301093099,0.26,0.0,0.15,0.04,0.0,0.37,0.28,0.17,2.3,,,
L1-38,coder.4,80,0.2,1.0,b30,theta_fp,100,0.17802481976118772,,0.85,0.035707142142714254,0.36,0.048,-0.037706315282879016,0.07010396854299951,0.20173025897262895,0.69,0.0,1.0313460946900346,,,,,,,0.28,0.17,2.3,,,
L1-39,coder.9,80,0.2,0.0,a,theta,200,-0.0005526856745823001,0.0003125329702423,0.935,0.01743201078476031,0.495,0.03535357124817803,0.02591390237769845,0.09823906039538277,0.34843977071844884,0.065,0.6153846153846154,396.0403165370504,0.01,0.075,0.0,0.175,0.0,0.445,,,,,,
L1-39,coder.9,80,0.2,0.0,b10,gamma,100,,,,,,,,,2.2532539251285373,0.07,,,,,,,,,0.29,0.36,2.1,,,
L1-39,coder.9,80,0.2,0.0,b10,rho12,100,0.38077196174596173,,0.89,0.031288975694324025,0.36,0.048,-0.1562792693674865,0.18538888988740304,0.5323007873435727,1.0,0.0,0.5895725392938701,,,,,,,0.29,0.36,2.1,,,
L1-39,coder.9,80,0.2,0.0,b10,theta,100,-0.0005526856745823,0.0003125329702423,0.93,0.02551470164434614,0.51,0.04998999899979995,-0.013982186107557743,0.0674528014898261,0.2433637929678682,0.07,0.0,200.73524694838332,0.0,0.24,0.0,0.43,0.0,0.86,0.29,0.36,2.1,,,
L1-39,coder.9,80,0.2,0.0,b10,theta_fp,100,-0.002420094336273972,,0.93,0.02551470164434614,0.52,0.049959983987187186,-0.008765529048397778,0.05628630923365974,0.2130181804898239,0.17,0.23529411764705882,51.787248918231,,,,,,,0.29,0.36,2.1,,,
L1-39,coder.9,80,0.2,0.0,b30,gamma,100,,,,,,,,,2.190777989263165,0.09,,,,,,,,,0.26,0.2,2.2,,,
L1-39,coder.9,80,0.2,0.0,b30,rho12,100,0.38077196174596173,,0.88,0.03249615361854384,0.37,0.048280430818293245,-0.14285338472180734,0.1773396932813512,0.5184988510669057,1.0,0.0,0.6248321854719061,,,,,,,0.26,0.2,2.2,,,
L1-39,coder.9,80,0.2,0.0,b30,theta,100,-0.0005526856745823,0.0003125329702423,0.91,0.028618176042508364,0.55,0.049749371855330994,-0.006983927243155961,0.06536213980567833,0.23693734958114193,0.09,0.2222222222222222,229.90863100703206,0.0,0.21,0.0,0.44,0.0,0.86,0.26,0.2,2.2,,,
L1-39,coder.9,80,0.2,0.0,b30,theta_fp,100,-0.0024200943362739707,,0.95,0.021794494717703377,0.54,0.04983974317750845,-0.001364979886349594,0.05234309474937454,0.2027025603699989,0.16,0.3125,50.60690156941637,,,,,,,0.26,0.2,2.2,,,
L1-40,coder.9,80,0.2,1.0,a,theta,200,0.1624755102918267,0.1622137686936895,0.9,0.021213203435596423,0.49,0.03534826728426727,-0.006838260129946484,0.11409849259635883,0.38051547689724746,0.37,0.0,1.6729889152888984,0.22,0.01,0.11,0.025,0.02,0.11,,,,,,
L1-40,coder.9,80,0.2,1.0,b10,gamma,100,,,,,,,,,2.1249415453753344,0.4,,,,,,,,,0.17,0.32,2.1,,,
L1-40,coder.9,80,0.2,1.0,b10,rho12,100,0.3512831803703337,,0.89,0.031288975694324025,0.32,0.0466476151587624,-0.14854617374792986,0.17325141859319215,0.5026778470450135,1.0,0.0,0.5771326893837395,,,,,,,0.17,0.32,2.1,,,
L1-40,coder.9,80,0.2,1.0,b10,theta,100,0.1624755102918267,0.1622137686936895,0.9,0.03,0.44,0.04963869458396343,-0.03776141437310728,0.08595252800246748,0.2928835578496416,0.4,0.0,1.2334368229436992,0.18,0.01,0.03,0.03,0.0,0.19,0.17,0.32,2.1,,,
L1-40,coder.9,80,0.2,1.0,b10,theta_fp,100,0.15804134161647235,,0.96,0.019595917942265433,0.55,0.049749371855330994,-0.01871942752826418,0.070471128440568,0.25751412606150337,0.55,0.0,1.2556243439283095,,,,,,,0.17,0.32,2.1,,,
L1-40,coder.9,80,0.2,1.0,b30,gamma,100,,,,,,,,,2.008114439195647,0.53,,,,,,,,,0.3,0.08,2.3,,,
L1-40,coder.9,80,0.2,1.0,b30,rho12,100,0.3512831803703337,,0.84,0.036660605559646724,0.36,0.048,-0.1391709800224837,0.17116248202405926,0.4909366305570886,1.0,0.0,0.6038211112875795,,,,,,,0.3,0.08,2.3,,,
L1-40,coder.9,80,0.2,1.0,b30,theta,100,0.1624755102918267,0.1622137686936895,0.89,0.031288975694324025,0.49,0.04998999899979995,-0.026251369400927455,0.08103530492976145,0.2825386608018812,0.53,0.0,1.1817761287504807,0.19,0.0,0.1,0.02,0.0,0.18,0.3,0.08,2.3,,,
L1-40,coder.9,80,0.2,1.0,b30,theta_fp,100,0.15804134161647232,,0.94,0.023748684174075843,0.55,0.049749371855330994,-0.006278772055738798,0.06690511463853473,0.23782742229837178,0.68,0.0,1.228453627152893,,,,,,,0.3,0.08,2.3,,,
L1-41,confound,80,0.2,0.0,a,theta,200,0.0813996099315132,0.08235145878133057,0.92,0.019183326093250873,0.585,0.03484070894801081,0.019939510742630936,0.1050912803648963,0.34653355049624246,0.22,0.022727272727272728,2.997368094139808,0.11,0.025,0.03,0.055,0.01,0.185,,,,,,
L1-41,confound,80,0.2,0.0,b10,gamma,100,,,,,,,,,2.2084056965807024,0.17,,,,,,,,,0.25,0.43,2.1,,,
L1-41,confound,80,0.2,0.0,b10,rho12,100,0.45984636816994706,,0.77,0.042083250825001625,0.3,0.0458257569495584,-0.2166374619758,0.23990149855422033,0.540700863019032,1.0,0.0,0.52889165388442,,,,,,,0.25,0.43,2.1,,,
L1-41,confound,80,0.2,0.0,b10,theta,100,0.0813996099315132,0.08235145878133057,0.88,0.03249615361854384,0.38,0.048538644398046386,-0.030847607995094353,0.07996979945839604,0.2403730613873997,0.17,0.0,2.1688997600631694,0.07,0.06,0.0,0.25,0.0,0.62,0.25,0.43,2.1,,,
L1-41,confound,80,0.2,0.0,b10,theta_fp,100,0.0762570470529777,,0.93,0.02551470164434614,0.43,0.04950757517794625,-0.015245825698647601,0.060627547586232906,0.20999236363062773,0.27,0.037037037037037035,2.2211957795518864,,,,,,,0.25,0.43,2.1,,,
L1-41,confound,80,0.2,0.0,b30,gamma,100,,,,,,,,,2.149294971180677,0.2,,,,,,,,,0.34,0.27,2.6,,,
L1-41,confound,80,0.2,0.0,b30,rho12,100,0.45984636816994706,,0.86,0.03469870314579494,0.33,0.04702127178203499,-0.17945813941304478,0.21050637808078335,0.5578792248026646,1.0,0.0,0.6097432711554619,,,,,,,0.34,0.27,2.6,,,
L1-41,confound,80,0.2,0.0,b30,theta,100,0.0813996099315132,0.08235145878133057,0.84,0.036660605559646724,0.39,0.048774993593028795,-0.022902912777658303,0.07583450029232397,0.2325589190801121,0.2,0.0,2.068905942921695,0.08,0.05,0.01,0.19,0.0,0.57,0.34,0.27,2.6,,,
L1-41,confound,80,0.2,0.0,b30,theta_fp,100,0.0762570470529777,,0.91,0.028618176042508364,0.49,0.04998999899979995,-0.005773405658391921,0.055437220764064384,0.1947226544012006,0.36,0.027777777777777776,2.0484606434587027,,,,,,,0.34,0.27,2.6,,,
L1-41,confound,80,0.2,0.0,c,gamma,100,,,,,,,,,2.4244492764766514,0.17,,,,,,,,,0.48,0.0,7.9,,,
L1-41,confound,80,0.2,0.0,c,theta_m,100,0.0709501340238742,,0.75,0.04330127018922193,0.31,0.04624932431938871,-0.032855107807902455,0.0648841003470325,0.1699325593185933,0.17,0.058823529411764705,1.7956213695968393,0.04,0.11,0.0,0.45,0.0,0.81,0.48,0.0,7.9,0.0813996099315132,,
L1-41,confound,80,0.2,0.0,c,theta_m_fp,100,0.06975512121063968,,0.75,0.04330127018922193,0.31,0.04624932431938871,0.010225645962446583,0.03895164061837252,0.06441279662860065,0.71,0.04225352112676056,1.647687445404183,,,,,,,0.48,0.0,7.9,,,
L1-42,avail,80,0.2,0.0,c,gamma,100,,,,,,,,,2.4003501690494797,0.2,,,,,,,,,0.53,0.0,8.850000000000001,,,
L1-42,avail,80,0.2,0.0,c,theta_m,100,7.713006600416443e-05,,0.8,0.04,0.33,0.04702127178203499,0.03995922212480941,0.06548782852467636,0.1580348040774559,0.2,0.15,1403.8959051916534,0.02,0.14,0.0,0.32,0.0,0.85,0.53,0.0,8.850000000000001,0.0020006947007914,,
L1-42,avail,80,0.2,0.0,c,theta_m_fp,100,-0.0046258117171377325,,0.02,0.014,0.01,0.0099498743710662,0.08851771083574275,0.09666111961005634,0.06190635475362741,0.89,0.8876404494382022,22.887519778603068,,,,,,,0.53,0.0,8.850000000000001,,,
L1-43,avail,80,0.2,1.0,c,gamma,100,,,,,,,,,2.143256320076377,0.97,,,,,,,,,0.52,0.0,9.350000000000001,,,
L1-43,avail,80,0.2,1.0,c,theta_m,100,0.15451205898911224,,0.87,0.03363034344160047,0.48,0.049959983987187186,0.04197899642160127,0.07959910093104132,0.22514706508697763,0.97,0.0,1.298113174570587,0.77,0.0,0.38,0.0,0.04,0.07,0.52,0.0,9.350000000000001,0.1733952994678466,,
L1-43,avail,80,0.2,1.0,c,theta_m_fp,100,0.15324452080889114,,0.04,0.019595917942265423,0.0,0.0,0.11176921289446855,0.11778284054949333,0.08611622967064289,1.0,0.0,1.7293520988842024,,,,,,,0.52,0.0,9.350000000000001,,,
L1-44,word-0.4,80,0.2,0.0,word,kappa,200,-0.0012624413694232001,,0.47,0.03529164207004259,,,-0.3955510856702642,0.4578264496145807,0.7491184992061333,0.53,0.0,442.50078277354396,,,,,,,,,,,,
L1-45,word-0.4,80,0.2,1.0,word,kappa,200,0.6507664658512544,,0.385,0.034407484650872115,,,-0.46213143957755876,0.5280212887779535,0.8023647377296298,0.16,0.03125,0.8976964814985187,,,,,,,,,,,0.155,0.1
L1-46,word+0.0,80,0.2,0.0,word,kappa,200,0.0022824938200158994,,0.89,0.022124646889837583,,,0.0619573352265135,0.25355033515802766,0.7553895977469692,0.11,0.4090909090909091,215.24829000061783,,,,,,,,,,,0.065,0.05
L1-47,word+0.0,80,0.2,1.0,word,kappa,200,0.641938255694617,,0.93,0.01804161855266871,,,0.06389459155161964,0.2919183189969304,0.9169461514881613,0.835,0.0,1.213890268026488,,,,,,,,,,,0.835,0.25
L1-48,word+0.4,80,0.2,0.0,word,kappa,200,5.7483175595429756e-05,,0.405,0.0347113093962184,,,0.492839989169934,0.5743851001502674,0.8212833069996729,0.595,0.0,11716.68430551614,,,,,,,,,,,0.595,0.2
L1-49,word+0.4,80,0.2,1.0,word,kappa,200,0.645038507936671,,0.395,0.03456696399743547,,,0.7563192543112908,0.9099411565627245,1.2444358826323088,0.995,0.0,2.1790592139921894,,,,,,,,,,,0.995,0.475
