part,cell,kind,K,rho_zs,beta_z,story,fit,rep,n_neg,n_non,n_less,estimand,truth,mean,sd,q05,q25,q50,q75,q95,rhat_max,ess_min,divergences,seconds
L2,L2-12,core150,150,-0.5,0.0,A,adj,1,43,3,7,apc_z,0.0,0.00020059769066488987,0.04557024015954067,-0.0788588705793752,-0.029666702047729664,0.0026848364923235694,0.031171432509179475,0.06951636255038535,1.0023926136608514,1468.0093010705157,0,4.1
L2,L2-12,core150,150,-0.5,0.0,A,adj,1,43,3,7,apc_s,-0.07848227266245197,-0.03929121150500261,0.05936599912422887,-0.1324105236426404,-0.07807455206163677,-0.03957776619092052,-0.00017955346508262526,0.06000337119497665,1.0023926136608514,1468.0093010705157,0,4.1
L2,L2-12,core150,150,-0.5,0.0,A,adj,1,43,3,7,bzC,0.0,-0.033107387831532685,0.4043050743255056,-0.7010805567756458,-0.2916420852620184,-0.025201516600820213,0.2188599646273205,0.6144388005583735,1.0023926136608514,1468.0093010705157,0,4.1
L2,L2-12,core150,150,-0.5,0.0,A,adj,0,47,7,8,apc_z,0.0,0.09853934609041613,0.04271237555985538,0.031696409943778835,0.06885283812236477,0.09818859154044218,0.12500051705204498,0.1720835858690355,1.002818144416485,1325.6193164909137,0,4.2
L2,L2-12,core150,150,-0.5,0.0,A,adj,0,47,7,8,apc_s,-0.07848227266245197,0.09214412506401506,0.044195680763267,0.01968234322043631,0.062145884917203076,0.09165944859850317,0.12188746427754521,0.16471484957282662,1.002818144416485,1325.6193164909137,0,4.2
L2,L2-12,core150,150,-0.5,0.0,A,adj,0,47,7,8,bzC,0.0,0.8119733174300068,0.4493300624087586,0.10248395788088155,0.5136663967862238,0.8025169370918642,1.0956153340409984,1.5787413195758822,1.002818144416485,1325.6193164909137,0,4.2
L2,L2-12,core150,150,-0.5,0.0,A,adj,2,52,2,7,apc_z,0.0,0.07898830151673293,0.0626240114415931,-0.023553777138931666,0.039375868835087584,0.08325169577170113,0.11971950512141755,0.17600279744029185,1.0037362915068766,1057.3201121051202,0,4.2
L2,L2-12,core150,150,-0.5,0.0,A,adj,2,52,2,7,apc_s,-0.07848227266245197,-0.06603527905284223,0.07680182427935937,-0.1995497754020106,-0.11604619421145196,-0.06356278201070628,-0.01698582137871509,0.05760474334259974,1.0037362915068766,1057.3201121051202,0,4.2
L2,L2-12,core150,150,-0.5,0.0,A,adj,2,52,2,7,bzC,0.0,0.4456453237690177,0.4260028792840234,-0.24112265850068482,0.19181623607515585,0.4550670551057491,0.7027933780463157,1.13189649211172,1.0037362915068766,1057.3201121051202,0,4.2
L2,L2-12,core150,150,-0.5,0.0,A,adj,3,50,2,7,apc_z,0.0,0.010368648954465829,0.05450558641348845,-0.08085234284554245,-0.02412537319977521,0.012330553492125947,0.04779914697999688,0.09346847485050032,1.0040551912137037,1354.8787987926391,0,4.2
L2,L2-12,core150,150,-0.5,0.0,A,adj,3,50,2,7,apc_s,-0.07848227266245197,-0.09088115220045183,0.06622569046427526,-0.19595045240315448,-0.13614833936035528,-0.09233048107771819,-0.04847990027882279,0.019357243433481996,1.0040551912137037,1354.8787987926391,0,4.2
L2,L2-12,core150,150,-0.5,0.0,A,adj,3,50,2,7,bzC,0.0,0.07284209452073336,0.3787481654448168,-0.5686619164184619,-0.16072144414559475,0.08698201737074057,0.31895239650291674,0.666929138901936,1.0040551912137037,1354.8787987926391,0,4.2
L2,L2-12,core150,150,-0.5,0.0,A,adj,4,54,2,9,apc_z,0.0,-0.04980740680430058,0.05645934186778637,-0.14350943597022522,-0.0868932719148659,-0.04701038140837263,-0.013038059170269498,0.038674417428577364,1.0047719153489683,1063.6532540602102,0,4.2
L2,L2-12,core150,150,-0.5,0.0,A,adj,4,54,2,9,apc_s,-0.07848227266245197,-0.0665831055889374,0.07491405477732975,-0.18809724033928554,-0.11416843231932147,-0.06594984014266098,-0.019343306438524437,0.054090876612466574,1.0047719153489683,1063.6532540602102,0,4.2
L2,L2-12,core150,150,-0.5,0.0,A,adj,4,54,2,9,bzC,0.0,-0.2168847035048196,0.3818086410448206,-0.8877040053884209,-0.45135026279316703,-0.1997514056681288,0.03551159373796538,0.38766992616382645,1.0047719153489683,1063.6532540602102,0,4.2
L2,L2-12,core150,150,-0.5,0.0,A,adj,5,45,4,7,apc_z,0.0,-0.027985700540516346,0.0648489997940053,-0.13114570518903262,-0.07108048369330897,-0.026539222669396394,0.015823627312633353,0.07773016563465823,1.0039535885126933,1353.7703391464474,0,4.1
L2,L2-12,core150,150,-0.5,0.0,A,adj,5,45,4,7,apc_s,-0.07848227266245197,-0.009795272646810507,0.07015520017457286,-0.12563805008064632,-0.0552188605342202,-0.008551927011834177,0.03673907651615614,0.10673468481551197,1.0039535885126933,1353.7703391464474,0,4.1
L2,L2-12,core150,150,-0.5,0.0,A,adj,5,45,4,7,bzC,0.0,-0.15378690582726828,0.49284462615697827,-0.9667796534718971,-0.4622380611357045,-0.14904786023291036,0.15772951759481726,0.6542723534980465,1.0039535885126933,1353.7703391464474,0,4.1
L2,L2-12,core150,150,-0.5,0.0,A,adj,6,59,5,4,apc_z,0.0,0.10374504940053803,0.05807256568087579,0.009453712967281971,0.06534190294631237,0.10407892973649573,0.14164278233425273,0.20159746488573413,1.0029946538940209,1302.6272648253753,0,4.5
L2,L2-12,core150,150,-0.5,0.0,A,adj,6,59,5,4,apc_s,-0.07848227266245197,0.05053854096366285,0.0734034249661976,-0.0681459617210058,-0.001785917935965917,0.052212242657959894,0.10059258097542688,0.16965509718747043,1.0029946538940209,1302.6272648253753,0,4.5
L2,L2-12,core150,150,-0.5,0.0,A,adj,6,59,5,4,bzC,0.0,0.4985848945565664,0.39379532678432405,-0.10990330373853369,0.2541139795875681,0.4812116789095655,0.7348772556761906,1.1689076468045365,1.0029946538940209,1302.6272648253753,0,4.5
L2,L2-12,core150,150,-0.5,0.0,A,adj,7,47,4,7,apc_z,0.0,-0.09206214423008977,0.05670726093174083,-0.18043443174296472,-0.12909171944596437,-0.09274651070249784,-0.055044039880449175,0.003268635026254649,1.0049836876379483,1218.963856037056,0,4.5
L2,L2-12,core150,150,-0.5,0.0,A,adj,7,47,4,7,apc_s,-0.07848227266245197,-0.09675477412427713,0.062347439709819465,-0.1946941262089851,-0.138299666375636,-0.09967527046880759,-0.05945363226896238,0.007625460911538521,1.0049836876379483,1218.963856037056,0,4.5
L2,L2-12,core150,150,-0.5,0.0,A,adj,7,47,4,7,bzC,0.0,-0.5937872110506555,0.47300988412142586,-1.389773259583046,-0.8874162636788596,-0.5822638380945286,-0.2839629028622729,0.14522433867332915,1.0049836876379483,1218.963856037056,0,4.5
L2,L2-12,core150,150,-0.5,0.0,A,adj,8,57,3,13,apc_z,0.0,0.03609845915523087,0.046679586660604656,-0.04082379088530722,0.004599130836271005,0.036478042411306554,0.06755640231638442,0.11405082870564076,1.0034056682298038,1461.843155825375,0,4.4
L2,L2-12,core150,150,-0.5,0.0,A,adj,8,57,3,13,apc_s,-0.07848227266245197,-0.09139846248744211,0.0521418694738566,-0.1713631908153787,-0.12555515329696915,-0.09511831803421261,-0.05705131584837531,-0.0015995193213499868,1.0034056682298038,1461.843155825375,0,4.4
L2,L2-12,core150,150,-0.5,0.0,A,adj,8,57,3,13,bzC,0.0,0.27959873614435554,0.35883468253586753,-0.30260384403664253,0.046815526963046916,0.28342643262540623,0.5076241832597361,0.8631318348706651,1.0034056682298038,1461.843155825375,0,4.4
L2,L2-12,core150,150,-0.5,0.0,A,adj,9,48,2,6,apc_z,0.0,0.0346522265846337,0.04450921677741208,-0.040724654085436275,0.006159344899045687,0.03526229959897796,0.06570794876819361,0.10725843041248964,1.0041444795055323,1097.6113009556145,0,4.3
L2,L2-12,core150,150,-0.5,0.0,A,adj,9,48,2,6,apc_s,-0.07848227266245197,-0.13954753141442292,0.05388497605462017,-0.22619659751596877,-0.17804285744709558,-0.14121859024031702,-0.10138026741633918,-0.05156088512855787,1.0041444795055323,1097.6113009556145,0,4.3
L2,L2-12,core150,150,-0.5,0.0,A,adj,9,48,2,6,bzC,0.0,0.2738360806571205,0.3681100688855722,-0.2944194297125052,0.03423435633025769,0.25895147695633647,0.49955304852261173,0.8774097227732701,1.0041444795055323,1097.6113009556145,0,4.3
L2,L2-12,core150,150,-0.5,0.0,A,adj,10,54,6,5,apc_z,0.0,-0.008980194727795807,0.0804965977993501,-0.1434134288166106,-0.0631303403956543,-0.005197951762408944,0.045788626774717324,0.1138522772940427,1.004881864935876,1098.811417196425,0,4.4
L2,L2-12,core150,150,-0.5,0.0,A,adj,10,54,6,5,apc_s,-0.07848227266245197,-0.032355475261390945,0.08939433122947316,-0.18361834668967533,-0.0901248829614968,-0.03154210018728284,0.02816623609293111,0.11370165896062294,1.004881864935876,1098.811417196425,0,4.4
L2,L2-12,core150,150,-0.5,0.0,A,adj,10,54,6,5,bzC,0.0,-0.0612006740548734,0.5264868698389265,-0.9405845775276224,-0.3878205991286475,-0.058696854596305484,0.28121290426366524,0.7957121901258907,1.004881864935876,1098.811417196425,0,4.4
L2,L2-12,core150,150,-0.5,0.0,A,adj,11,55,2,8,apc_z,0.0,0.05987452912477866,0.0649378501555788,-0.05034066303880443,0.01659984090792397,0.06267264329921485,0.10109755496539391,0.1604339922640223,1.006355709338066,1059.162560038656,0,4.6
L2,L2-12,core150,150,-0.5,0.0,A,adj,11,55,2,8,apc_s,-0.07848227266245197,-0.06623613447562311,0.07493215483939795,-0.18419024230591152,-0.11655692447679458,-0.06719937241038368,-0.014111707851546536,0.059373609564596815,1.006355709338066,1059.162560038656,0,4.6
L2,L2-12,core150,150,-0.5,0.0,A,adj,11,55,2,8,bzC,0.0,0.2733166321741013,0.4497271775793918,-0.46017189848781276,-0.007261093575810576,0.27780935543760354,0.5476181393379903,1.0094066011000786,1.006355709338066,1059.162560038656,0,4.6
L2,L2-12,core150,150,-0.5,0.0,A,adj,12,47,2,6,apc_z,0.0,-0.04000266783300814,0.05273317107195855,-0.12935319421089653,-0.07229959395694215,-0.03769610326055634,-0.003776238858099377,0.04176443576618211,1.002189398795576,858.6968177083207,0,4.2
L2,L2-12,core150,150,-0.5,0.0,A,adj,12,47,2,6,apc_s,-0.07848227266245197,-0.1767205603668973,0.053945673307086224,-0.2607883351105326,-0.21420641112056255,-0.17865161405670446,-0.14213505859297176,-0.07949076418554073,1.002189398795576,858.6968177083207,0,4.2
L2,L2-12,core150,150,-0.5,0.0,A,adj,12,47,2,6,bzC,0.0,-0.28446799460960304,0.4261062618465843,-1.0041485901214917,-0.5433732953479606,-0.25860040397433653,-0.00024214639592312626,0.3723505475300666,1.002189398795576,858.6968177083207,0,4.2
L2,L2-12,core150,150,-0.5,0.0,A,adj,13,42,3,9,apc_z,0.0,-0.007977175016252213,0.052319418558495236,-0.09914892214670044,-0.041644916937818466,-0.007410080380507031,0.028326647963701948,0.07652391015348399,1.0046064649157804,1350.2351638066193,0,4.0
L2,L2-12,core150,150,-0.5,0.0,A,adj,13,42,3,9,apc_s,-0.07848227266245197,-0.04094284581667819,0.05939218897926382,-0.13649735183340284,-0.08185423804984333,-0.0408679841927064,-0.0007706949895314896,0.05292727492981442,1.0046064649157804,1350.2351638066193,0,4.0
L2,L2-12,core150,150,-0.5,0.0,A,adj,13,42,3,9,bzC,0.0,-0.04859109910518111,0.43968326822294185,-0.7455262592962812,-0.3259707360755666,-0.04906661506812297,0.2301329117796348,0.6714411156218602,1.0046064649157804,1350.2351638066193,0,4.0
L2,L2-12,core150,150,-0.5,0.0,A,adj,14,54,8,5,apc_z,0.0,-0.012236814483309861,0.06257090681462171,-0.11337361010543745,-0.053883599832035806,-0.01036759998387052,0.029152657074229364,0.08648961653853389,1.0019462348680914,1281.8162756322354,0,3.9
L2,L2-12,core150,150,-0.5,0.0,A,adj,14,54,8,5,apc_s,-0.07848227266245197,-0.004267871594842021,0.07236350109519717,-0.117976331667041,-0.05338492304728311,-0.007845902828837447,0.0436960907582558,0.10976977621846327,1.0019462348680914,1281.8162756322354,0,3.9
L2,L2-12,core150,150,-0.5,0.0,A,adj,14,54,8,5,bzC,0.0,-0.01156148109958622,0.44683391308513504,-0.758230359009412,-0.2787294124008656,-0.011260878771751536,0.266237726167528,0.7171493849044763,1.0019462348680914,1281.8162756322354,0,3.9
L2,L2-12,core150,150,-0.5,0.0,A,adj,15,44,0,10,apc_z,0.0,-0.05174973541974669,0.04548716924551343,-0.12939850079061618,-0.07927672591038386,-0.05008772211390935,-0.022796403654151608,0.02218732324808814,1.0015323974194426,1571.1809243791142,0,4.1
L2,L2-12,core150,150,-0.5,0.0,A,adj,15,44,0,10,apc_s,-0.07848227266245197,-0.053756802768749216,0.05676288161927136,-0.14713649052420866,-0.08970567195602705,-0.05347723862745998,-0.017354984922936544,0.0376398647012131,1.0015323974194426,1571.1809243791142,0,4.1
L2,L2-12,core150,150,-0.5,0.0,A,adj,15,44,0,10,bzC,0.0,-0.4139850971192069,0.38103289542807006,-1.047028013161311,-0.6504654397088931,-0.4023751822071625,-0.1711166296904378,0.19651155495923253,1.0015323974194426,1571.1809243791142,0,4.1
L2,L2-12,core150,150,-0.5,0.0,A,adj,16,44,2,5,apc_z,0.0,-0.07465084648421316,0.06841796577320773,-0.19222718391859397,-0.11760756762828227,-0.07402956465995358,-0.029985215153654314,0.036322035590291415,1.0025456512909325,1083.9768787841012,0,4.1
L2,L2-12,core150,150,-0.5,0.0,A,adj,16,44,2,5,apc_s,-0.07848227266245197,-0.13371967458690018,0.07399599797731006,-0.24643049232139083,-0.18569826831777247,-0.1362415972234981,-0.08784534903382288,-0.01107992822130047,1.0025456512909325,1083.9768787841012,0,4.1
L2,L2-12,core150,150,-0.5,0.0,A,adj,16,44,2,5,bzC,0.0,-0.46103230615930124,0.5138320797762457,-1.3556666128062536,-0.7797770599001844,-0.4367305469516693,-0.11409855088442658,0.32260051248146543,1.0025456512909325,1083.9768787841012,0,4.1
L2,L2-12,core150,150,-0.5,0.0,A,adj,17,39,2,4,apc_z,0.0,-0.03653552297607109,0.055081718516710766,-0.1287916957179464,-0.07206295789026382,-0.036040615064430764,-0.00042574746484125466,0.05562368946629245,1.0016365268280867,1072.2819626186622,0,4.2
L2,L2-12,core150,150,-0.5,0.0,A,adj,17,39,2,4,apc_s,-0.07848227266245197,-0.127642776513197,0.06349904496318884,-0.22852480645260145,-0.16777449393564772,-0.1286841684903747,-0.08802553323877503,-0.022306846444382068,1.0016365268280867,1072.2819626186622,0,4.2
L2,L2-12,core150,150,-0.5,0.0,A,adj,17,39,2,4,bzC,0.0,-0.37873609267193376,0.48856490443729966,-1.1889637716061174,-0.6842478164316295,-0.35021651833997547,-0.06169043868092554,0.3800038882130419,1.0016365268280867,1072.2819626186622,0,4.2
L2,L2-12,core150,150,-0.5,0.0,A,adj,18,43,6,3,apc_z,0.0,0.036138782519485706,0.049223244588971746,-0.04715265846612876,0.003115911776443217,0.03779475200842562,0.07032639075765126,0.11275731740381456,1.0029523060247336,1717.652736600692,0,4.1
L2,L2-12,core150,150,-0.5,0.0,A,adj,18,43,6,3,apc_s,-0.07848227266245197,-0.05380509829988924,0.0564074309696254,-0.145373802135178,-0.09111741221149162,-0.05462115130782938,-0.016841220648547806,0.0370564254572055,1.0029523060247336,1717.652736600692,0,4.1
L2,L2-12,core150,150,-0.5,0.0,A,adj,18,43,6,3,bzC,0.0,0.23060181936888446,0.3874164945661983,-0.38718287609352636,-0.010227380766724282,0.22520014650536405,0.4759974860988465,0.8571191322369414,1.0029523060247336,1717.652736600692,0,4.1
L2,L2-12,core150,150,-0.5,0.0,A,adj,19,56,3,8,apc_z,0.0,0.011361595028737782,0.07149907005517765,-0.11163143379555697,-0.03275544358104128,0.013833561603366091,0.05887098574909051,0.12709050979707867,1.0025905089254499,1011.0264411351823,0,4.2
L2,L2-12,core150,150,-0.5,0.0,A,adj,19,56,3,8,apc_s,-0.07848227266245197,-0.06089670616365419,0.08248758186688844,-0.19487886306882693,-0.11385883097475898,-0.06055104588719892,-0.008745203788643368,0.0747373680976413,1.0025905089254499,1011.0264411351823,0,4.2
L2,L2-12,core150,150,-0.5,0.0,A,adj,19,56,3,8,bzC,0.0,0.09169651854428312,0.4830483438140665,-0.7345053973605254,-0.2089564651950384,0.09862488949684405,0.39555532930390036,0.8879299459859831,1.0025905089254499,1011.0264411351823,0,4.2
L2,L2-12,core150,150,-0.5,0.0,A,adj,20,53,2,10,apc_z,0.0,0.07260646638747398,0.047787063793709623,-0.007217771211773745,0.04027925870365192,0.07435712209129332,0.10483050949235975,0.14654590937723627,1.0045417828955925,1467.0987582954508,0,4.3
L2,L2-12,core150,150,-0.5,0.0,A,adj,20,53,2,10,apc_s,-0.07848227266245197,-0.05086270774224106,0.061595587012060075,-0.15278639757128626,-0.09299534361282925,-0.049313419246182905,-0.008848421091863814,0.04958170817962742,1.0045417828955925,1467.0987582954508,0,4.3
L2,L2-12,core150,150,-0.5,0.0,A,adj,20,53,2,10,bzC,0.0,0.2501693911768169,0.42000376618520996,-0.4640946416093365,0.00847340952580615,0.27010572706519675,0.5297803204699316,0.8899035880764109,1.0045417828955925,1467.0987582954508,0,4.3
L2,L2-12,core150,150,-0.5,0.0,A,adj,21,49,4,8,apc_z,0.0,0.012947045524139751,0.052050483262726044,-0.07764932093996094,-0.02249386519316815,0.014257873303428724,0.047915883650685005,0.10067346536303731,1.0033151413789554,1080.947716174164,0,4.2
L2,L2-12,core150,150,-0.5,0.0,A,adj,21,49,4,8,apc_s,-0.07848227266245197,-0.08924178085316427,0.06291534520743085,-0.19079329865886402,-0.1325917341648218,-0.08792102674553312,-0.046535690247924186,0.014386924658246364,1.0033151413789554,1080.947716174164,0,4.2
L2,L2-12,core150,150,-0.5,0.0,A,adj,21,49,4,8,bzC,0.0,0.0056815247980369615,0.42328601874680516,-0.7064990435086059,-0.24670888706975452,0.013608396348469918,0.2802782176183862,0.6726907511558508,1.0033151413789554,1080.947716174164,0,4.2
L2,L2-12,core150,150,-0.5,0.0,A,adj,22,49,2,8,apc_z,0.0,0.15124173053896692,0.0768449260331778,0.029453866374222128,0.10271782482128036,0.14763026472746,0.20003850874161497,0.27735438481413216,1.003648181282268,1104.6836375867617,0,4.3
L2,L2-12,core150,150,-0.5,0.0,A,adj,22,49,2,8,apc_s,-0.07848227266245197,0.038641071558820704,0.0875636492144981,-0.10503641758143624,-0.019054667128569926,0.038032020361778815,0.09565647038373667,0.18546150809551876,1.003648181282268,1104.6836375867617,0,4.3
L2,L2-12,core150,150,-0.5,0.0,A,adj,22,49,2,8,bzC,0.0,0.8912467200814354,0.5762244292881029,-0.00459536996004139,0.5145801132344221,0.8604412027563625,1.249358530821054,1.8651984451726769,1.003648181282268,1104.6836375867617,0,4.3
L2,L2-12,core150,150,-0.5,0.0,A,adj,23,44,1,7,apc_z,0.0,-0.020163955269063165,0.06408781590491403,-0.12361246052893012,-0.058860448491578315,-0.02001567353435875,0.020553853214365717,0.07984540485324135,1.0033257819355725,1150.6735685113101,0,4.1
L2,L2-12,core150,150,-0.5,0.0,A,adj,23,44,1,7,apc_s,-0.07848227266245197,-0.06484094025094515,0.07409419966841095,-0.19193145353705351,-0.11166601370211643,-0.06494172400490272,-0.015942584766683997,0.05307385526242364,1.0033257819355725,1150.6735685113101,0,4.1
L2,L2-12,core150,150,-0.5,0.0,A,adj,23,44,1,7,bzC,0.0,-0.13290488608179038,0.46984560884847537,-0.9275552200536755,-0.4186367532920666,-0.12337719967574093,0.1585038795422818,0.614284431951928,1.0033257819355725,1150.6735685113101,0,4.1
L2,L2-12,core150,150,-0.5,0.0,A,adj,24,48,2,6,apc_z,0.0,0.09484802156674171,0.05829503778578482,-0.004709537634032575,0.05807299741632338,0.09659880550416666,0.13453489662360177,0.18757607944406152,1.0022980161480284,1126.0048469429603,0,4.0
L2,L2-12,core150,150,-0.5,0.0,A,adj,24,48,2,6,apc_s,-0.07848227266245197,-0.035553612964672396,0.06971153525998072,-0.15417482196647822,-0.07739624033873149,-0.034820598607938597,0.010224179756088152,0.08019337269508119,1.0022980161480284,1126.0048469429603,0,4.0
L2,L2-12,core150,150,-0.5,0.0,A,adj,24,48,2,6,bzC,0.0,0.5492055974833091,0.4444139032090525,-0.18068727249239902,0.27883376976603025,0.5538242992483386,0.8169487372573497,1.2789592542902075,1.0022980161480284,1126.0048469429603,0,4.0
L2,L2-12,core150,150,-0.5,0.0,A,adj,26,48,5,3,apc_z,0.0,0.030144339307360973,0.05504272621871564,-0.06630968102755665,-0.005054046736066807,0.031132966330941418,0.06892605070246742,0.11373356305388155,1.00159367431335,1197.3233824652732,0,4.1
L2,L2-12,core150,150,-0.5,0.0,A,adj,26,48,5,3,apc_s,-0.07848227266245197,-0.0637881403733784,0.06483992743397922,-0.16481420289555335,-0.10928538165348249,-0.0623355801174547,-0.022710375507955054,0.04087744894502258,1.00159367431335,1197.3233824652732,0,4.1
L2,L2-12,core150,150,-0.5,0.0,A,adj,26,48,5,3,bzC,0.0,0.2079875031654393,0.3950320997082852,-0.44182758527371313,-0.030290675691717985,0.2039770155721537,0.46203666455595493,0.8284531623485034,1.00159367431335,1197.3233824652732,0,4.1
L2,L2-12,core150,150,-0.5,0.0,A,adj,25,53,5,5,apc_z,0.0,-0.11415641775609618,0.055144087004605276,-0.20344840508643783,-0.14918322512584234,-0.11490387317618048,-0.07580924779650408,-0.028197414906395206,1.00359712409684,915.8722803922349,0,4.3
L2,L2-12,core150,150,-0.5,0.0,A,adj,25,53,5,5,apc_s,-0.07848227266245197,-0.1647236098844961,0.0590337861821762,-0.25764669682828184,-0.20714956765235543,-0.16498543313620928,-0.12645465149195553,-0.069425413582009,1.00359712409684,915.8722803922349,0,4.3
L2,L2-12,core150,150,-0.5,0.0,A,adj,25,53,5,5,bzC,0.0,-0.7011246954078315,0.460203521288979,-1.5166583738499202,-0.977627288425748,-0.6686430698552759,-0.3962893236894692,0.004086432549697178,1.00359712409684,915.8722803922349,0,4.3
L2,L2-12,core150,150,-0.5,0.0,A,adj,27,48,4,8,apc_z,0.0,0.0943615661289553,0.05155069098256852,0.011994131087035662,0.06145811444436815,0.09198143443030271,0.1263490290726038,0.18066818968664333,1.0026017687393634,1748.35684666285,0,4.7
L2,L2-12,core150,150,-0.5,0.0,A,adj,27,48,4,8,apc_s,-0.07848227266245197,0.043949619972408725,0.06225777100630799,-0.055893594669875216,0.0025907019142392927,0.04435573921875113,0.0855836692230098,0.14479443455140312,1.0026017687393634,1748.35684666285,0,4.7
L2,L2-12,core150,150,-0.5,0.0,A,adj,27,48,4,8,bzC,0.0,0.5353865088015766,0.4101299127822359,-0.12230230926797418,0.27479000731927317,0.5279380364465524,0.7872031807208418,1.2199544227991057,1.0026017687393634,1748.35684666285,0,4.7
L2,L2-12,core150,150,-0.5,0.0,A,adj,28,45,2,8,apc_z,0.0,-0.02559099582403645,0.04755637787660021,-0.10654213591600706,-0.05560728689784729,-0.023289214209580085,0.005663087331073733,0.04787579516362505,1.0040062803413619,1141.1289709695868,0,4.0
L2,L2-12,core150,150,-0.5,0.0,A,adj,28,45,2,8,apc_s,-0.07848227266245197,-0.11006399381774136,0.05373704988547569,-0.19945508509271,-0.14588120217268316,-0.10890791304590706,-0.07511596597115507,-0.02281742530539467,1.0040062803413619,1141.1289709695868,0,4.0
L2,L2-12,core150,150,-0.5,0.0,A,adj,28,45,2,8,bzC,0.0,-0.20674187055389273,0.3894320095585648,-0.8504385761662894,-0.44059107285890997,-0.18298847597768675,0.05306172629338672,0.3859197960560646,1.0040062803413619,1141.1289709695868,0,4.0
L2,L2-12,core150,150,-0.5,0.0,A,adj,29,56,3,9,apc_z,0.0,0.026595752166983764,0.05874279317688148,-0.07622707923112171,-0.010542761841542212,0.027202167748166743,0.0657578699076174,0.1188130168750971,1.0027925301486318,1057.915664911657,0,4.0
L2,L2-12,core150,150,-0.5,0.0,A,adj,29,56,3,9,apc_s,-0.07848227266245197,-0.09774697337151192,0.06886129145311753,-0.2052981909786948,-0.14411149267125473,-0.09494067625298624,-0.05438468973432019,0.017240612369720222,1.0027925301486318,1057.915664911657,0,4.0
L2,L2-12,core150,150,-0.5,0.0,A,adj,29,56,3,9,bzC,0.0,0.08426957826530643,0.4226784077712121,-0.6285961333502569,-0.17646302836234962,0.09861773620884991,0.3566486959855123,0.7409204615096303,1.0027925301486318,1057.915664911657,0,4.0
L2,L2-12,core150,150,-0.5,0.0,A,adj,30,48,3,12,apc_z,0.0,-0.0033442340620593023,0.05323462202106085,-0.09170511431051444,-0.03644092191733684,-0.004452976805233719,0.032148642244753854,0.07968347077078364,1.0021788365133966,1173.993073985292,0,4.2
L2,L2-12,core150,150,-0.5,0.0,A,adj,30,48,3,12,apc_s,-0.07848227266245197,-0.1222013765467235,0.0483375031663211,-0.20141935967667152,-0.1546009600497362,-0.12107620672950911,-0.08969535390382526,-0.04738215091204562,1.0021788365133966,1173.993073985292,0,4.2
L2,L2-12,core150,150,-0.5,0.0,A,adj,30,48,3,12,bzC,0.0,-0.056725017159671424,0.4441553191681168,-0.8120399642369148,-0.33119926290182533,-0.04545088526584797,0.2320800325317953,0.6369150906554911,1.0021788365133966,1173.993073985292,0,4.2
L2,L2-12,core150,150,-0.5,0.0,A,adj,32,53,4,10,apc_z,0.0,-0.003288453408399927,0.05667634791931713,-0.09826184775340924,-0.039572487499283056,-0.004361281035709227,0.03438037936136476,0.08754951295071176,1.0029975030851292,971.8557533203867,0,4.1
L2,L2-12,core150,150,-0.5,0.0,A,adj,32,53,4,10,apc_s,-0.07848227266245197,-0.08253667355002994,0.06243556930747117,-0.17918759050069316,-0.12621349317486286,-0.08307982927427282,-0.041983190368447075,0.022438974031374948,1.0029975030851292,971.8557533203867,0,4.1
L2,L2-12,core150,150,-0.5,0.0,A,adj,32,53,4,10,bzC,0.0,-0.03793575532797269,0.4180243901491508,-0.7503061932041661,-0.2834733839436261,-0.022828558176367,0.2273605185414101,0.6172202362447337,1.0029975030851292,971.8557533203867,0,4.1
L2,L2-12,core150,150,-0.5,0.0,A,adj,31,44,2,11,apc_z,0.0,-0.005312982224682783,0.051262834469379535,-0.09254789123763318,-0.039784778346562306,-0.0013512251948089823,0.029443728499712274,0.06955095803032245,1.0017631618648462,1229.4237131345449,0,4.3
L2,L2-12,core150,150,-0.5,0.0,A,adj,31,44,2,11,apc_s,-0.07848227266245197,-0.08294174025339146,0.05509677677596784,-0.18055687949889118,-0.11907566029255705,-0.08055106379793359,-0.04650124341967736,0.006598442792361148,1.0017631618648462,1229.4237131345449,0,4.3
L2,L2-12,core150,150,-0.5,0.0,A,adj,31,44,2,11,bzC,0.0,-0.13345342033354785,0.4170219467574162,-0.823649992992607,-0.39828291744115785,-0.11969827177275094,0.15158504417238466,0.5276712027014935,1.0017631618648462,1229.4237131345449,0,4.3
L2,L2-12,core150,150,-0.5,0.0,A,adj,35,48,4,11,apc_z,0.0,0.031470396178102614,0.05075946043027462,-0.052384860648130506,0.0002678293943078572,0.031367802041428465,0.06353242152585238,0.11627461977903371,1.0051834156600024,1515.3561448872267,0,3.8
L2,L2-12,core150,150,-0.5,0.0,A,adj,35,48,4,11,apc_s,-0.07848227266245197,-0.009711250683457785,0.057006568537960614,-0.10015354248260903,-0.0481548655630315,-0.008765036531331602,0.026676364386601273,0.0820033753083507,1.0051834156600024,1515.3561448872267,0,3.8
L2,L2-12,core150,150,-0.5,0.0,A,adj,35,48,4,11,bzC,0.0,0.34970968299366056,0.41013243968850105,-0.3128736670530577,0.08804553670294833,0.3412483550997878,0.6096571001703524,1.0260839230691827,1.0051834156600024,1515.3561448872267,0,3.8
L2,L2-12,core150,150,-0.5,0.0,A,adj,33,44,3,10,apc_z,0.0,0.09310016469926712,0.05276186339718486,0.00438154959620896,0.057035619388616635,0.09603917943885992,0.1283042783842834,0.17458895323285265,1.0016289378731908,1103.0845546020694,0,3.9
L2,L2-12,core150,150,-0.5,0.0,A,adj,33,44,3,10,apc_s,-0.07848227266245197,-0.007187069624931769,0.0608202484333756,-0.10677575183452372,-0.047351911926518206,-0.006865382893972214,0.03222466713996802,0.09549834444675454,1.0016289378731908,1103.0845546020694,0,3.9
L2,L2-12,core150,150,-0.5,0.0,A,adj,33,44,3,10,bzC,0.0,0.6612627196308305,0.46322811523975393,-0.09130050581119771,0.3543567065103908,0.6514000643766067,0.9638115257860111,1.4236740336519724,1.0016289378731908,1103.0845546020694,0,3.9
L2,L2-12,core150,150,-0.5,0.0,A,adj,34,49,2,6,apc_z,0.0,-0.021360982355762594,0.056571900853401885,-0.1128252927076984,-0.06078503349416268,-0.020851954564886588,0.01742913751634429,0.0709050225866412,1.0026189453257772,1008.4875935479735,0,3.9
L2,L2-12,core150,150,-0.5,0.0,A,adj,34,49,2,6,apc_s,-0.07848227266245197,-0.14591819134372935,0.0641194195759302,-0.24651202171906342,-0.191088231833393,-0.14809646250090602,-0.10422248859889348,-0.034714971009293175,1.0026189453257772,1008.4875935479735,0,3.9
L2,L2-12,core150,150,-0.5,0.0,A,adj,34,49,2,6,bzC,0.0,-0.16036536237582735,0.48095021052661524,-0.9882422371378712,-0.4600273364253802,-0.15135726412705108,0.1537389791591217,0.599237232778427,1.0026189453257772,1008.4875935479735,0,3.9
L2,L2-12,core150,150,-0.5,0.0,A,adj,36,49,2,8,apc_z,0.0,-0.024936205002523474,0.062353714632911915,-0.12948926079748765,-0.0630801577481673,-0.022881249256184406,0.015698661179337957,0.07291752049224691,1.0021677239735352,1297.3979765161907,0,4.2
L2,L2-12,core150,150,-0.5,0.0,A,adj,36,49,2,8,apc_s,-0.07848227266245197,-0.030828300388209336,0.07208100399489695,-0.14543813969602104,-0.0779531168217856,-0.03193065244620459,0.017839784294652196,0.08056152623908666,1.0021677239735352,1297.3979765161907,0,4.2
L2,L2-12,core150,150,-0.5,0.0,A,adj,36,49,2,8,bzC,0.0,-0.1933672979015456,0.4192083441411717,-0.9043008763929544,-0.4490944687949101,-0.18593634730500386,0.06522593191047804,0.46485125708415037,1.0021677239735352,1297.3979765161907,0,4.2
L2,L2-12,core150,150,-0.5,0.0,A,adj,37,44,3,7,apc_z,0.0,0.009170345652305699,0.06520950739173784,-0.10556216854988928,-0.03076173599717617,0.010341572727786972,0.04978920129897397,0.1138086059143755,1.001724537756931,918.7445440572312,0,4.2
L2,L2-12,core150,150,-0.5,0.0,A,adj,37,44,3,7,apc_s,-0.07848227266245197,-0.150914831614146,0.06470178038367812,-0.2514826033286834,-0.1936957550096109,-0.15401988461604338,-0.11309741025408365,-0.04437343140058339,1.001724537756931,918.7445440572312,0,4.2
L2,L2-12,core150,150,-0.5,0.0,A,adj,37,44,3,7,bzC,0.0,-0.04255340483371678,0.5824892791318608,-1.0233778237119493,-0.41247503824087595,-0.026002927250365973,0.3394261764546809,0.8793950059054193,1.001724537756931,918.7445440572312,0,4.2
L2,L2-12,core150,150,-0.5,0.0,A,adj,38,58,4,10,apc_z,0.0,-0.040261984261712784,0.07037748625661533,-0.1552478067626836,-0.08397822402523908,-0.04031649482084239,0.005642263092122796,0.0697903974582562,1.0034291407268479,1075.4177746191203,0,4.0
L2,L2-12,core150,150,-0.5,0.0,A,adj,38,58,4,10,apc_s,-0.07848227266245197,-0.04603205679085201,0.0783041536058271,-0.17243543794755412,-0.09979264426442337,-0.047571412696473386,0.006366299793012903,0.08140831030934441,1.0034291407268479,1075.4177746191203,0,4.0
L2,L2-12,core150,150,-0.5,0.0,A,adj,38,58,4,10,bzC,0.0,-0.20374450412210804,0.45023230407491044,-0.9375505299811631,-0.4828773995805543,-0.18978624020076235,0.0870874764369384,0.5012419721845282,1.0034291407268479,1075.4177746191203,0,4.0
L2,L2-12,core150,150,-0.5,0.0,A,adj,41,46,3,7,apc_z,0.0,0.10401061157304324,0.04524792913192829,0.02912887948911672,0.07395828001267633,0.10561470710018207,0.1342754145975564,0.17460166920040432,1.002849993130353,1613.9703058309394,0,3.9
L2,L2-12,core150,150,-0.5,0.0,A,adj,41,46,3,7,apc_s,-0.07848227266245197,-0.0075865875277879614,0.0573984629153225,-0.10225703064506352,-0.045919929710659585,-0.006590177711421487,0.0309571439782111,0.08673456278708638,1.002849993130353,1613.9703058309394,0,3.9
L2,L2-12,core150,150,-0.5,0.0,A,adj,41,46,3,7,bzC,0.0,0.6275278347089605,0.3788723531272276,0.015087237492679173,0.3944009730125438,0.6312003400869544,0.8597463658875907,1.241741713552579,1.002849993130353,1613.9703058309394,0,3.9
L2,L2-12,core150,150,-0.5,0.0,A,adj,39,49,3,7,apc_z,0.0,0.057314460434101495,0.06641964797045306,-0.05700145840527606,0.016176682913961196,0.05869113896246657,0.10231326858447541,0.16225563693297143,1.0042777256450266,1212.6287552623332,0,4.2
L2,L2-12,core150,150,-0.5,0.0,A,adj,39,49,3,7,apc_s,-0.07848227266245197,0.020430140362104297,0.0800283907595553,-0.11594349752519022,-0.0305133648879588,0.023602359902803696,0.0743421102837846,0.1492031461786967,1.0042777256450266,1212.6287552623332,0,4.2
L2,L2-12,core150,150,-0.5,0.0,A,adj,39,49,3,7,bzC,0.0,0.4516232733108377,0.48591208734016617,-0.35102816846574375,0.1404992367753391,0.4420588528657043,0.7525192323070439,1.2560714466466978,1.0042777256450266,1212.6287552623332,0,4.2
L2,L2-12,core150,150,-0.5,0.0,A,adj,40,55,2,7,apc_z,0.0,-0.08305266998037206,0.05739110060967278,-0.17850040559011449,-0.11935644987425295,-0.08085955333869835,-0.044755023577637616,0.005899836382183426,1.0095852962399126,698.1192681694857,0,4.1
L2,L2-12,core150,150,-0.5,0.0,A,adj,40,55,2,7,apc_s,-0.07848227266245197,-0.14244072000946598,0.06941434729582516,-0.2512352897448983,-0.19166084955926926,-0.14482156429198906,-0.0944286899504851,-0.021894799469585738,1.0095852962399126,698.1192681694857,0,4.1
L2,L2-12,core150,150,-0.5,0.0,A,adj,40,55,2,7,bzC,0.0,-0.5801551423005076,0.4729868863307535,-1.3996786150709484,-0.8652235192929222,-0.5535094374621522,-0.2589568790111366,0.1380549666968026,1.0095852962399126,698.1192681694857,0,4.1
L2,L2-12,core150,150,-0.5,0.0,A,adj,44,57,3,9,apc_z,0.0,0.0938729163802361,0.048451363803157226,0.009624312177004121,0.05935527787646687,0.09660161073383441,0.12510099019460225,0.16965989554840963,1.0023584316228868,1619.3081998638131,0,4.0
L2,L2-12,core150,150,-0.5,0.0,A,adj,44,57,3,9,apc_s,-0.07848227266245197,0.0034439925693112395,0.05750592930252772,-0.08736572860321153,-0.038045009653721866,0.0037220451354506626,0.04078978892739806,0.09926344988399963,1.0023584316228868,1619.3081998638131,0,4.0
L2,L2-12,core150,150,-0.5,0.0,A,adj,44,57,3,9,bzC,0.0,0.5655856629033044,0.3639062232139521,-0.017588381432029766,0.3384657832802402,0.5539083393123804,0.7888765111512803,1.1507592097431127,1.0023584316228868,1619.3081998638131,0,4.0
L2,L2-12,core150,150,-0.5,0.0,A,adj,42,52,2,8,apc_z,0.0,-0.058218861238178474,0.0609376548659368,-0.1618531565411006,-0.09765007352477587,-0.05534274933622015,-0.014877162071820849,0.03772218538301012,1.0022046980130566,1035.2903002442347,0,4.2
L2,L2-12,core150,150,-0.5,0.0,A,adj,42,52,2,8,apc_s,-0.07848227266245197,-0.13973477577898638,0.06258528198751087,-0.24068211903458117,-0.18152257899032215,-0.1400814220123148,-0.09990241969194216,-0.03784656266174248,1.0022046980130566,1035.2903002442347,0,4.2
L2,L2-12,core150,150,-0.5,0.0,A,adj,42,52,2,8,bzC,0.0,-0.10193370262759253,0.5038422704231497,-0.9259476827827154,-0.4132941231760954,-0.09640977238068568,0.2186905909622624,0.6984369640552625,1.0022046980130566,1035.2903002442347,0,4.2
L2,L2-12,core150,150,-0.5,0.0,A,adj,43,50,2,10,apc_z,0.0,0.03934033731154798,0.05286295844542896,-0.04914594442796629,0.005513937682197094,0.03971434099050291,0.07685771264012717,0.12108228965493437,1.005303481706771,1168.3433203214954,0,4.1
L2,L2-12,core150,150,-0.5,0.0,A,adj,43,50,2,10,apc_s,-0.07848227266245197,-0.0400612411601115,0.061783386074962365,-0.14167684003270098,-0.0785237873510996,-0.04060374715262124,-0.001219754225461708,0.06207738612481701,1.005303481706771,1168.3433203214954,0,4.1
L2,L2-12,core150,150,-0.5,0.0,A,adj,43,50,2,10,bzC,0.0,0.26144663465838097,0.4004483806942517,-0.3970566423686537,0.018287508412305448,0.2683903342009438,0.5281102226906116,0.8795886435438286,1.005303481706771,1168.3433203214954,0,4.1
L2,L2-12,core150,150,-0.5,0.0,A,adj,45,46,2,4,apc_z,0.0,0.05906749779847409,0.05089815377318084,-0.028235146980656385,0.02665052648896062,0.05851972911087888,0.09548330636276403,0.13782765504862113,1.0019275909155374,1115.357636402492,0,4.1
L2,L2-12,core150,150,-0.5,0.0,A,adj,45,46,2,4,apc_s,-0.07848227266245197,-0.12298631493362024,0.06559854071778237,-0.22449420593702993,-0.16931455696495445,-0.12435184638730026,-0.07795237602749172,-0.009207074275624515,1.0019275909155374,1115.357636402492,0,4.1
L2,L2-12,core150,150,-0.5,0.0,A,adj,45,46,2,4,bzC,0.0,0.30589532427525173,0.3844291827016603,-0.3495920208945184,0.06626676331959218,0.31429586336755766,0.5575359683164995,0.9198986578143247,1.0019275909155374,1115.357636402492,0,4.1
L2,L2-12,core150,150,-0.5,0.0,A,adj,46,55,3,6,apc_z,0.0,0.0007245909250772185,0.08398921345230544,-0.13411473547512656,-0.051020436419875415,-0.0020993599261578478,0.05295403987320922,0.13501812574217634,1.0089985389904512,768.1987932081425,0,4.0
L2,L2-12,core150,150,-0.5,0.0,A,adj,46,55,3,6,apc_s,-0.07848227266245197,-0.002706500486471927,0.09758257991859333,-0.1669415405337499,-0.06344112789349791,-0.004378252432153828,0.06047499338200869,0.1548460213215766,1.0089985389904512,768.1987932081425,0,4.0
L2,L2-12,core150,150,-0.5,0.0,A,adj,46,55,3,6,bzC,0.0,0.03240544042925417,0.5040851292947748,-0.7739925002527603,-0.27897820199856393,0.03368474016157559,0.32796634602661545,0.8714675884060786,1.0089985389904512,768.1987932081425,0,4.0
L2,L2-12,core150,150,-0.5,0.0,A,adj,47,51,3,4,apc_z,0.0,-0.001085645340689094,0.05782618162365595,-0.09759493802630395,-0.03918969129212896,0.000768407319527563,0.04027064676338543,0.09141445533479114,1.0013763440959007,800.922159433387,0,4.0
L2,L2-12,core150,150,-0.5,0.0,A,adj,47,51,3,4,apc_s,-0.07848227266245197,-0.17751540594509613,0.06277095051132218,-0.2792485723023738,-0.22245617689189018,-0.1787439830576269,-0.1353300987347316,-0.07134890743837644,1.0013763440959007,800.922159433387,0,4.0
L2,L2-12,core150,150,-0.5,0.0,A,adj,47,51,3,4,bzC,0.0,-0.0009777630996425394,0.4273954425101566,-0.7214799814227828,-0.2713429926858052,0.020589538957381692,0.28039425033406945,0.6657353591711221,1.0013763440959007,800.922159433387,0,4.0
L2,L2-12,core150,150,-0.5,0.0,A,adj,49,45,2,3,apc_z,0.0,-0.031672214905021895,0.057346401714301436,-0.12790597421846922,-0.06884196312406754,-0.03052959968605466,0.006952961462819033,0.059097602285899116,1.004250367768139,1119.1784825850757,0,4.2
L2,L2-12,core150,150,-0.5,0.0,A,adj,49,45,2,3,apc_s,-0.07848227266245197,-0.18822024555861916,0.0608049549075565,-0.28112002187695373,-0.22926029175212115,-0.19278975287668265,-0.14996513411361712,-0.08314126953203962,1.004250367768139,1119.1784825850757,0,4.2
L2,L2-12,core150,150,-0.5,0.0,A,adj,49,45,2,3,bzC,0.0,-0.25333862844483085,0.47579430521644206,-1.087180234030635,-0.5595411439927751,-0.23062845308206484,0.06226527672019003,0.4836692382181085,1.004250367768139,1119.1784825850757,0,4.2
L2,L2-12,core150,150,-0.5,0.0,A,adj,48,47,3,6,apc_z,0.0,0.010266920350154383,0.04879597766137763,-0.06873618857408371,-0.022888623002400618,0.009389815767561465,0.044553366828319514,0.08867292123882259,1.0020589648214664,1425.8989842591081,0,4.2
L2,L2-12,core150,150,-0.5,0.0,A,adj,48,47,3,6,apc_s,-0.07848227266245197,-0.09217009041809981,0.059991486839083515,-0.1902246614483323,-0.13467070818478466,-0.09309654933715963,-0.05205146901400071,0.0044951355411654665,1.0020589648214664,1425.8989842591081,0,4.2
L2,L2-12,core150,150,-0.5,0.0,A,adj,48,47,3,6,bzC,0.0,-0.05096022816371785,0.39672467907984155,-0.7279855206680814,-0.292317959733175,-0.038354877124965665,0.20450137449663022,0.5755771698834791,1.0020589648214664,1425.8989842591081,0,4.2
L2,L2-12,core150,150,-0.5,0.0,A,adj,50,46,4,6,apc_z,0.0,-0.08396168788402215,0.07496718011349618,-0.20687512793343435,-0.13261571437146394,-0.08236508780914353,-0.037046399446488076,0.03410974342047868,1.0018640442443325,853.365758618648,0,4.1
L2,L2-12,core150,150,-0.5,0.0,A,adj,50,46,4,6,apc_s,-0.07848227266245197,-0.1019455612154934,0.0811069386209612,-0.22478045313357667,-0.15890268958041975,-0.10180842424240832,-0.048932001357226404,0.02955741299865036,1.0018640442443325,853.365758618648,0,4.1
L2,L2-12,core150,150,-0.5,0.0,A,adj,50,46,4,6,bzC,0.0,-0.5207002427429681,0.5373521592367864,-1.4236102770216674,-0.8644341165112825,-0.5094297544272316,-0.16579827322066784,0.3242045282573243,1.0018640442443325,853.365758618648,0,4.1
L2,L2-12,core150,150,-0.5,0.0,A,adj,53,50,2,8,apc_z,0.0,0.036730819163397016,0.0494565005929778,-0.0466642944270834,0.004288130261562152,0.03847289896685914,0.07065821828178777,0.11568358715776224,1.0018086970330018,1395.9081551035183,0,3.9
L2,L2-12,core150,150,-0.5,0.0,A,adj,53,50,2,8,apc_s,-0.07848227266245197,-0.10177992853080588,0.056190067655622844,-0.18958141640137396,-0.141675462059155,-0.10130857561908793,-0.06440643262328742,-0.009297419015045705,1.0018086970330018,1395.9081551035183,0,3.9
L2,L2-12,core150,150,-0.5,0.0,A,adj,53,50,2,8,bzC,0.0,0.19368408883388424,0.351703438470177,-0.39118895250496516,-0.029486815683978075,0.2036071341367422,0.4245900007478261,0.7450134126065433,1.0018086970330018,1395.9081551035183,0,3.9
L2,L2-12,core150,150,-0.5,0.0,A,adj,51,49,7,8,apc_z,0.0,-0.005235453466180681,0.05122446632764175,-0.09046054565540913,-0.03741406167478392,-0.005596189521279902,0.028104648008790797,0.07863527440010605,1.0025779250389661,1509.214057770755,0,4.0
L2,L2-12,core150,150,-0.5,0.0,A,adj,51,49,7,8,apc_s,-0.07848227266245197,-0.027254636999883886,0.058329124662149144,-0.12424022640326068,-0.0641711298354627,-0.025108002658156034,0.011591239409226819,0.06613308865386527,1.0025779250389661,1509.214057770755,0,4.0
L2,L2-12,core150,150,-0.5,0.0,A,adj,51,49,7,8,bzC,0.0,-0.037245092646511234,0.4040367089823387,-0.7123412056985187,-0.2859922664251492,-0.03535603846474941,0.21763527470383942,0.6054057332491962,1.0025779250389661,1509.214057770755,0,4.0
L2,L2-12,core150,150,-0.5,0.0,A,adj,52,53,1,7,apc_z,0.0,-0.048544234616648654,0.07798161659851906,-0.18581644416142792,-0.09753519313935065,-0.04226013214064462,0.002982635802720359,0.0677425138797497,1.002770435895275,872.5545088978613,0,4.1
L2,L2-12,core150,150,-0.5,0.0,A,adj,52,53,1,7,apc_s,-0.07848227266245197,-0.12439688151355559,0.08860055062554062,-0.2687441369316117,-0.18381197964839846,-0.12301389820537707,-0.06073649649825462,0.016345564500865908,1.002770435895275,872.5545088978613,0,4.1
L2,L2-12,core150,150,-0.5,0.0,A,adj,52,53,1,7,bzC,0.0,-0.2660034378224668,0.5287225055648076,-1.2038673387772951,-0.5826942397805455,-0.2216816857872203,0.08254180484588874,0.5330052399122351,1.002770435895275,872.5545088978613,0,4.1
L2,L2-12,core150,150,-0.5,0.0,A,adj,54,54,4,5,apc_z,0.0,0.07670495134151617,0.064424960613244,-0.03584171697444797,0.0381887134436919,0.08062694848780022,0.12118060415211573,0.17634530186334907,1.0038061391197544,974.0751733852048,0,4.1
L2,L2-12,core150,150,-0.5,0.0,A,adj,54,54,4,5,apc_s,-0.07848227266245197,-0.04896628554978028,0.08015104301054572,-0.1814206883453842,-0.09795524163886549,-0.04964112343303141,0.00280519655042856,0.08100512319308643,1.0038061391197544,974.0751733852048,0,4.1
L2,L2-12,core150,150,-0.5,0.0,A,adj,54,54,4,5,bzC,0.0,0.406048047616016,0.4341119747352741,-0.3061151739721561,0.14996613658141833,0.4180076532777959,0.676700466571682,1.091191206734151,1.0038061391197544,974.0751733852048,0,4.1
L2,L2-12,core150,150,-0.5,0.0,A,adj,55,43,4,3,apc_z,0.0,0.11254898652325167,0.04675563160011109,0.03679560089178264,0.08181169369651123,0.11108524988867795,0.14423652415369845,0.1906736135558421,1.0024893253137868,1378.6686463201859,0,4.1
L2,L2-12,core150,150,-0.5,0.0,A,adj,55,43,4,3,apc_s,-0.07848227266245197,0.02167064936761212,0.06253372443269703,-0.08581207810428232,-0.020756354545050835,0.02490848132188588,0.06427546818333317,0.120098395129694,1.0024893253137868,1378.6686463201859,0,4.1
L2,L2-12,core150,150,-0.5,0.0,A,adj,55,43,4,3,bzC,0.0,0.6424191436254464,0.4196916526286995,-0.03250800292130588,0.3867091302117812,0.645372792004135,0.9132425595795486,1.3177819908835084,1.0024893253137868,1378.6686463201859,0,4.1
L2,L2-12,core150,150,-0.5,0.0,A,adj,56,50,2,9,apc_z,0.0,0.0883864951415817,0.06464477167176162,-0.016296573534576586,0.04626657201231548,0.087431622287681,0.13144245120118653,0.19216200410334622,1.002659287910958,1097.6257839821524,0,4.0
L2,L2-12,core150,150,-0.5,0.0,A,adj,56,50,2,9,apc_s,-0.07848227266245197,0.020122246365989117,0.07400990848758351,-0.10494787633977119,-0.02892222307867068,0.02132910653208364,0.07336422098360224,0.13410260170544944,1.002659287910958,1097.6257839821524,0,4.0
L2,L2-12,core150,150,-0.5,0.0,A,adj,56,50,2,9,bzC,0.0,0.6442239131403701,0.5187501164553115,-0.15280139486069175,0.29516080252809607,0.6195903963675741,0.9612603238266452,1.5484417257869934,1.002659287910958,1097.6257839821524,0,4.0
L2,L2-12,core150,150,-0.5,0.0,A,adj,58,51,3,6,apc_z,0.0,-0.018809163991239816,0.07151816441110967,-0.13100341025539938,-0.06763154318774983,-0.02172743943265242,0.027343926014718238,0.09722746249144205,1.0018426378502197,1203.343137839641,0,4.0
L2,L2-12,core150,150,-0.5,0.0,A,adj,58,51,3,6,apc_s,-0.07848227266245197,0.011750637785875324,0.08531843247391022,-0.1248720116560246,-0.043909334565672906,0.011272559945526242,0.06725674517846379,0.14873558904702366,1.0018426378502197,1203.343137839641,0,4.0
L2,L2-12,core150,150,-0.5,0.0,A,adj,58,51,3,6,bzC,0.0,-0.13915693745397403,0.4598637172015215,-0.8917791539951001,-0.41279729570504553,-0.13654827512935439,0.13346763735172762,0.62501215401394,1.0018426378502197,1203.343137839641,0,4.0
L2,L2-12,core150,150,-0.5,0.0,A,adj,57,47,2,4,apc_z,0.0,-0.023644446945160148,0.09759517035171734,-0.1806304500807142,-0.0903266064629501,-0.02378783088790931,0.03578234790339626,0.14367365416211908,1.0062826773928142,960.219094344719,0,4.1
L2,L2-12,core150,150,-0.5,0.0,A,adj,57,47,2,4,apc_s,-0.07848227266245197,-0.08491145748443225,0.10851679967976875,-0.2543846318614478,-0.16220673072369926,-0.09439856354790109,-0.017280248935414223,0.10612691398331765,1.0062826773928142,960.219094344719,0,4.1
L2,L2-12,core150,150,-0.5,0.0,A,adj,57,47,2,4,bzC,0.0,-0.1721868121196636,0.6246983068804479,-1.19934386183458,-0.5765949634949988,-0.1744684985825368,0.2087748142516777,0.8418163639585403,1.0062826773928142,960.219094344719,0,4.1
L2,L2-12,core150,150,-0.5,0.0,A,adj,59,54,6,6,apc_z,0.0,0.09161104570312134,0.045685659629513264,0.017876289077862158,0.06032604287800658,0.09241369440111583,0.12249894429100049,0.16537733247433778,1.004843422369085,1612.249410638039,0,4.1
L2,L2-12,core150,150,-0.5,0.0,A,adj,59,54,6,6,apc_s,-0.07848227266245197,0.05549113808464985,0.05666054271668655,-0.04180738265327788,0.017076605488502383,0.05587728446878164,0.0949331764283434,0.14637171386073744,1.004843422369085,1612.249410638039,0,4.1
L2,L2-12,core150,150,-0.5,0.0,A,adj,59,54,6,6,bzC,0.0,0.5908328523724765,0.36932831872575655,0.022937380126659863,0.35355936088527956,0.5763391713054691,0.8053244036544203,1.2211641082748748,1.004843422369085,1612.249410638039,0,4.1
L2,L2-13,core150,150,-0.5,0.0,B,adj,0,45,1,8,apc_z,0.0,0.033821904037221656,0.05586083373219232,-0.05910949066016672,-0.0021964483717228046,0.03464930822662385,0.07360067778147653,0.12407696276075611,1.005299414553628,1228.7111713309318,0,4.2
L2,L2-13,core150,150,-0.5,0.0,B,adj,0,45,1,8,apc_s,-0.08096805377541444,-0.05285648145546142,0.06612209548691135,-0.15930895474705234,-0.09388697992026392,-0.05437215535093354,-0.008337983659319669,0.054467981467141866,1.005299414553628,1228.7111713309318,0,4.2
L2,L2-13,core150,150,-0.5,0.0,B,adj,0,45,1,8,bzC,0.0,0.16057843032924904,0.43930600510166395,-0.5693956845685768,-0.10516061430075363,0.1745795288270907,0.4484102645112195,0.8456866191368326,1.005299414553628,1228.7111713309318,0,4.2
L2,L2-13,core150,150,-0.5,0.0,B,adj,2,54,4,5,apc_z,0.0,-0.007657903265667694,0.06053163437062282,-0.10539584411592978,-0.046982594731154854,-0.0056014913707166155,0.031521377004903955,0.08577048849501628,1.0048360236362242,1217.3569037003347,0,4.0
L2,L2-13,core150,150,-0.5,0.0,B,adj,2,54,4,5,apc_s,-0.08096805377541444,-0.05291121980001314,0.07054737941606788,-0.17002186486397614,-0.09996992344074834,-0.054211620430199,-0.008447690991912027,0.06215474332753772,1.0048360236362242,1217.3569037003347,0,4.0
L2,L2-13,core150,150,-0.5,0.0,B,adj,2,54,4,5,bzC,0.0,-0.06906271173836355,0.44901563434409447,-0.8289573207814259,-0.3401627057698555,-0.05206403414735487,0.22624622421966697,0.6350489035818816,1.0048360236362242,1217.3569037003347,0,4.0
L2,L2-13,core150,150,-0.5,0.0,B,adj,1,52,1,11,apc_z,0.0,-0.05531367123002208,0.04905574225404764,-0.13930364130670994,-0.08582699337913605,-0.05304529681051841,-0.023147056381194984,0.025164380983815855,1.0024160023059578,1251.1482056584052,0,5.0
L2,L2-13,core150,150,-0.5,0.0,B,adj,1,52,1,11,apc_s,-0.08096805377541444,-0.14878650324992468,0.049694742433166884,-0.2233082387906199,-0.18422700162317585,-0.14989384181657345,-0.11847948399711848,-0.061111832900208794,1.0024160023059578,1251.1482056584052,0,5.0
L2,L2-13,core150,150,-0.5,0.0,B,adj,1,52,1,11,bzC,0.0,-0.4853556132827837,0.437541316598955,-1.2551123858729623,-0.7523356320830118,-0.45924970062193304,-0.19122287412630454,0.1875316463997798,1.0024160023059578,1251.1482056584052,0,5.0
L2,L2-13,core150,150,-0.5,0.0,B,adj,4,46,2,9,apc_z,0.0,-0.0018666693843762963,0.048124612826104134,-0.08191790916932443,-0.033695307188881043,-0.003141465412758673,0.031174479901737627,0.0761987872414877,1.0031654935043832,1476.385601817925,0,3.9
L2,L2-13,core150,150,-0.5,0.0,B,adj,4,46,2,9,apc_s,-0.08096805377541444,-0.05089241214512684,0.05529230852005204,-0.1446122414734674,-0.08651009283848175,-0.050307837743605664,-0.015454144908628228,0.04106359823379779,1.0031654935043832,1476.385601817925,0,3.9
L2,L2-13,core150,150,-0.5,0.0,B,adj,4,46,2,9,bzC,0.0,-0.0492455627684168,0.3859530826741418,-0.6838793183791617,-0.28957578114159976,-0.039915218372546905,0.1949200912929269,0.5693711615887735,1.0031654935043832,1476.385601817925,0,3.9
L2,L2-13,core150,150,-0.5,0.0,B,adj,3,55,5,6,apc_z,0.0,-0.018750627390156226,0.07401187845726276,-0.14604254570477668,-0.06447162003089135,-0.017031106761167095,0.0321969826976265,0.09952844595521847,1.0027177296330454,1072.4628718136705,0,4.0
L2,L2-13,core150,150,-0.5,0.0,B,adj,3,55,5,6,apc_s,-0.08096805377541444,-0.1227234187472822,0.073996956848626,-0.23886385849846126,-0.1732076232105082,-0.12720908731855377,-0.0720499686995473,-0.003450187851684477,1.0027177296330454,1072.4628718136705,0,4.0
L2,L2-13,core150,150,-0.5,0.0,B,adj,3,55,5,6,bzC,0.0,-0.09043609197508388,0.5230036642147774,-1.010997381067441,-0.4147198505344988,-0.060395407027542626,0.26510011349697166,0.7170134078647179,1.0027177296330454,1072.4628718136705,0,4.0
L2,L2-13,core150,150,-0.5,0.0,B,adj,5,39,3,8,apc_z,0.0,0.06323970804213333,0.053084341548549296,-0.026019349006086392,0.031892155752613546,0.06000146548942472,0.09804042355098272,0.15050254319594705,1.0026387886840848,1224.9855460504575,0,4.1
L2,L2-13,core150,150,-0.5,0.0,B,adj,5,39,3,8,apc_s,-0.08096805377541444,-0.006652157020354606,0.05809020494844852,-0.09979095608527458,-0.04642901643731894,-0.0065076149496049,0.02996716595611049,0.09237878052191156,1.0026387886840848,1224.9855460504575,0,4.1
L2,L2-13,core150,150,-0.5,0.0,B,adj,5,39,3,8,bzC,0.0,0.44274623995193224,0.5062471153202808,-0.35204966258310183,0.10825047430777976,0.4339635295722924,0.7599071360041525,1.2781947259639188,1.0026387886840848,1224.9855460504575,0,4.1
L2,L2-13,core150,150,-0.5,0.0,B,adj,6,58,4,8,apc_z,0.0,-0.038217903477268035,0.050104032197240016,-0.12051123633607547,-0.07260764116355206,-0.03881509969589003,-0.0043142963042635705,0.04263950652156529,1.0022847063973084,1596.6526303868634,0,4.4
L2,L2-13,core150,150,-0.5,0.0,B,adj,6,58,4,8,apc_s,-0.08096805377541444,-0.04962923026575827,0.062242564212525824,-0.1521464576736749,-0.09160093026804032,-0.05045956922980775,-0.005972657611409505,0.05152759304938331,1.0022847063973084,1596.6526303868634,0,4.4
L2,L2-13,core150,150,-0.5,0.0,B,adj,6,58,4,8,bzC,0.0,-0.16372047350934374,0.3692555892142785,-0.7701308101566822,-0.3987694711548123,-0.16367253801550177,0.06629968492687746,0.4356621539944826,1.0022847063973084,1596.6526303868634,0,4.4
L2,L2-13,core150,150,-0.5,0.0,B,adj,7,45,0,11,apc_z,0.0,-0.007091420388020271,0.04928277150256186,-0.08896360783247256,-0.04048705092656012,-0.005765270088688346,0.027048631740597046,0.07295613918197674,1.0046358467136973,1393.5353012745438,0,4.3
L2,L2-13,core150,150,-0.5,0.0,B,adj,7,45,0,11,apc_s,-0.08096805377541444,-0.07197828142852083,0.05713394921964359,-0.16253868899213142,-0.10983211185542899,-0.0745725938254232,-0.03461802662999031,0.022301236919492068,1.0046358467136973,1393.5353012745438,0,4.3
L2,L2-13,core150,150,-0.5,0.0,B,adj,7,45,0,11,bzC,0.0,-0.12899981228096488,0.4285853386064826,-0.849692004422769,-0.40324437219266546,-0.12541790411939502,0.14756506534260022,0.5640657208006912,1.0046358467136973,1393.5353012745438,0,4.3
L2,L2-13,core150,150,-0.5,0.0,B,adj,8,55,3,6,apc_z,0.0,-0.04142423132629604,0.07074864331654147,-0.16268319769841674,-0.08445680748302588,-0.03972810735900538,0.00828842308646073,0.06832985884938099,1.0043380185441937,956.5011538792656,0,4.3
L2,L2-13,core150,150,-0.5,0.0,B,adj,8,55,3,6,apc_s,-0.08096805377541444,-0.1426946770211249,0.07661463970252033,-0.26995522777595016,-0.19190671081957922,-0.14317618484532268,-0.09042759018055699,-0.016683136465237208,1.0043380185441937,956.5011538792656,0,4.3
L2,L2-13,core150,150,-0.5,0.0,B,adj,8,55,3,6,bzC,0.0,-0.20763854043275523,0.5066875756744808,-1.0947473262157679,-0.5262551586229212,-0.17038609293225668,0.13862944620065235,0.5654662387573617,1.0043380185441937,956.5011538792656,0,4.3
L2,L2-13,core150,150,-0.5,0.0,B,adj,9,53,3,12,apc_z,0.0,-0.062309989128024976,0.05162957942010785,-0.15173883139231048,-0.09310798474491154,-0.06168708176225894,-0.027969330734975067,0.024312225372181764,1.0029227321898755,1308.2893395282438,0,4.4
L2,L2-13,core150,150,-0.5,0.0,B,adj,9,53,3,12,apc_s,-0.08096805377541444,-0.06451583508332392,0.06083691029847783,-0.1657225158776686,-0.10315478682104494,-0.06394923139267004,-0.025829302302865852,0.037604457222833475,1.0029227321898755,1308.2893395282438,0,4.4
L2,L2-13,core150,150,-0.5,0.0,B,adj,9,53,3,12,bzC,0.0,-0.2843888453124023,0.4116313941115981,-0.973935615460021,-0.5412132393522048,-0.27175343192441825,-0.01741634995170345,0.3836323480040717,1.0029227321898755,1308.2893395282438,0,4.4
L2,L2-13,core150,150,-0.5,0.0,B,adj,10,50,3,6,apc_z,0.0,0.05969613591141963,0.05986788639492407,-0.038129484730481326,0.02370371510514612,0.05984718071614532,0.0969566946254225,0.1565260406412558,1.0045438860854277,953.1924290136021,0,4.4
L2,L2-13,core150,150,-0.5,0.0,B,adj,10,50,3,6,apc_s,-0.08096805377541444,-0.06819829550645827,0.07298817733783187,-0.18924382425311523,-0.11608454615950567,-0.07001025939949777,-0.020326779787052017,0.0522848629698203,1.0045438860854277,953.1924290136021,0,4.4
L2,L2-13,core150,150,-0.5,0.0,B,adj,10,50,3,6,bzC,0.0,0.33725953461756036,0.46136877645203167,-0.4110738513748891,0.044957427193297816,0.33620334281225384,0.6337956991198948,1.054943213370392,1.0045438860854277,953.1924290136021,0,4.4
L2,L2-13,core150,150,-0.5,0.0,B,adj,11,39,2,5,apc_z,0.0,-0.015177583062939618,0.055789507938837656,-0.1174862412355424,-0.05284976424616714,-0.011749114737958326,0.02433041252213675,0.06858108228793705,1.0031914327699776,1165.183446093297,0,4.3
L2,L2-13,core150,150,-0.5,0.0,B,adj,11,39,2,5,apc_s,-0.08096805377541444,-0.05136207505637978,0.05912051371271651,-0.15154045512324768,-0.09384006510018866,-0.0497332014790034,-0.010672718313352592,0.04278810632415328,1.0031914327699776,1165.183446093297,0,4.3
L2,L2-13,core150,150,-0.5,0.0,B,adj,11,39,2,5,bzC,0.0,-0.1277564462092074,0.47351523972535164,-0.942283692704368,-0.40068519887782883,-0.11148854727913947,0.18202484948444383,0.6037375904194696,1.0031914327699776,1165.183446093297,0,4.3
L2,L2-13,core150,150,-0.5,0.0,B,adj,13,45,4,11,apc_z,0.0,0.0058547275907151995,0.04001231145990183,-0.06219744161006578,-0.02053680317437881,0.004909580311170938,0.03255671526676509,0.07179323809271418,1.001853350161289,1905.5612351742338,0,4.5
L2,L2-13,core150,150,-0.5,0.0,B,adj,13,45,4,11,apc_s,-0.08096805377541444,-0.04547023736325142,0.045984665414747335,-0.120494960080593,-0.07758930522359204,-0.044649972916826985,-0.01575314606039779,0.030400350145924498,1.001853350161289,1905.5612351742338,0,4.5
L2,L2-13,core150,150,-0.5,0.0,B,adj,13,45,4,11,bzC,0.0,0.11731140838407242,0.37241028586725067,-0.4981115851859003,-0.11266079596355279,0.12309016722940258,0.3595206277525345,0.7105498829130015,1.001853350161289,1905.5612351742338,0,4.5
L2,L2-13,core150,150,-0.5,0.0,B,adj,12,45,4,9,apc_z,0.0,0.026790558848357782,0.05203018440930094,-0.06565893976586387,-0.0065541386913120035,0.02918429436516247,0.06300299576917698,0.10905745099132705,1.0022550866768218,1070.8142914586879,0,4.6
L2,L2-13,core150,150,-0.5,0.0,B,adj,12,45,4,9,apc_s,-0.08096805377541444,-0.11379981696277242,0.053722368755894694,-0.20086909077994794,-0.15096328049386615,-0.1129647281263915,-0.07656963537780237,-0.027851311971197123,1.0022550866768218,1070.8142914586879,0,4.6
L2,L2-13,core150,150,-0.5,0.0,B,adj,12,45,4,9,bzC,0.0,0.21890377874556163,0.44558827448714916,-0.5277962452688657,-0.05087700850981083,0.22601756358130587,0.5070565191703387,0.9321764644006971,1.0022550866768218,1070.8142914586879,0,4.6
L2,L2-13,core150,150,-0.5,0.0,B,adj,14,47,3,9,apc_z,0.0,0.010439792141065525,0.09604830879190886,-0.15796219012023588,-0.05182585097928914,0.01716688833572106,0.07784737095060018,0.15393207197629455,1.0068319454981316,895.2743736169094,0,4.6
L2,L2-13,core150,150,-0.5,0.0,B,adj,14,47,3,9,apc_s,-0.08096805377541444,0.002211887406485463,0.10075227874640946,-0.17700406476650307,-0.0667734869899047,0.008357376917106245,0.07131170830862613,0.15690477049199847,1.0068319454981316,895.2743736169094,0,4.6
L2,L2-13,core150,150,-0.5,0.0,B,adj,14,47,3,9,bzC,0.0,0.18251596432578485,0.6804354510670136,-0.9821199488177981,-0.2604318556534485,0.208302327636203,0.6370359249735463,1.2637035508966332,1.0068319454981316,895.2743736169094,0,4.6
L2,L2-13,core150,150,-0.5,0.0,B,adj,16,49,5,7,apc_z,0.0,-0.07257037060074757,0.06327009117264393,-0.17261076917011273,-0.11243859510007069,-0.0747774037744264,-0.03280591860385491,0.03378591366935657,1.0065839117022715,904.5070692192722,0,4.6
L2,L2-13,core150,150,-0.5,0.0,B,adj,16,49,5,7,apc_s,-0.08096805377541444,-0.0007977507806815503,0.0680150245050232,-0.10855037426972641,-0.043922265336338355,-0.0034267709242891665,0.03993094134476354,0.11114057259886731,1.0065839117022715,904.5070692192722,0,4.6
L2,L2-13,core150,150,-0.5,0.0,B,adj,16,49,5,7,bzC,0.0,-0.6763677307282924,0.5234595055373377,-1.4951494585301122,-1.0083861852111047,-0.687306753714532,-0.35435612984403686,0.18063242623655937,1.0065839117022715,904.5070692192722,0,4.6
L2,L2-13,core150,150,-0.5,0.0,B,adj,15,43,7,7,apc_z,0.0,-0.017577333252287802,0.040335358849867,-0.08432370503431406,-0.043721952639158124,-0.016643321124950657,0.008920882777413295,0.04660596978532215,1.0019962075842257,1297.0579910462216,0,4.7
L2,L2-13,core150,150,-0.5,0.0,B,adj,15,43,7,7,apc_s,-0.08096805377541444,-0.1526701939591325,0.03256505642486885,-0.20677962019675028,-0.1756763423614836,-0.15172759346839615,-0.12949918762672874,-0.10113079144735342,1.0019962075842257,1297.0579910462216,0,4.7
L2,L2-13,core150,150,-0.5,0.0,B,adj,15,43,7,7,bzC,0.0,-0.2631117420987687,0.43331706168456474,-0.9971156276097518,-0.5408761986062229,-0.2532491906574894,0.02310944181310523,0.4369714962526192,1.0019962075842257,1297.0579910462216,0,4.7
L2,L2-13,core150,150,-0.5,0.0,B,adj,17,48,2,4,apc_z,0.0,-0.006965914773134172,0.0641500552346123,-0.11375513099689397,-0.04747950959792058,-0.0047966024000587575,0.03622858045175889,0.09123440797619894,1.0028211991821028,1240.877744445822,0,4.4
L2,L2-13,core150,150,-0.5,0.0,B,adj,17,48,2,4,apc_s,-0.08096805377541444,-0.10794440479540236,0.07047878086504115,-0.21631796068915907,-0.15574120715511808,-0.10841941582689131,-0.060807927109758686,0.006740906017874393,1.0028211991821028,1240.877744445822,0,4.4
L2,L2-13,core150,150,-0.5,0.0,B,adj,17,48,2,4,bzC,0.0,0.029044987274971318,0.469504105603119,-0.7723509315549381,-0.2600249680403056,0.045218768954459115,0.3403861888537001,0.7672952477138894,1.0028211991821028,1240.877744445822,0,4.4
L2,L2-13,core150,150,-0.5,0.0,B,adj,18,48,2,5,apc_z,0.0,0.12556862960426668,0.06797152714544649,0.0156979441011098,0.08512771439886178,0.12843772545697088,0.16881807800586948,0.22480864491294295,1.004133387519602,1219.2117666488693,0,4.5
L2,L2-13,core150,150,-0.5,0.0,B,adj,18,48,2,5,apc_s,-0.08096805377541444,0.012679287397934526,0.07878738800665398,-0.12095501402610181,-0.035359395441003846,0.016503716518588854,0.06710494129931364,0.13424204672677995,1.004133387519602,1219.2117666488693,0,4.5
L2,L2-13,core150,150,-0.5,0.0,B,adj,18,48,2,5,bzC,0.0,0.8037714553390477,0.5051809852221644,0.012588399586506278,0.5046799346997725,0.8058548464867148,1.1181195090142744,1.5997079404104388,1.004133387519602,1219.2117666488693,0,4.5
L2,L2-13,core150,150,-0.5,0.0,B,adj,19,51,4,9,apc_z,0.0,0.013140701952207198,0.04917539000032829,-0.06864700554234833,-0.017848568228688248,0.015166019358422576,0.04570752702103603,0.09066844407819674,1.0036804161403565,1584.450025030537,0,4.6
L2,L2-13,core150,150,-0.5,0.0,B,adj,19,51,4,9,apc_s,-0.08096805377541444,-0.053600554198065344,0.053441226277662936,-0.13624648017510968,-0.08949131751455527,-0.05475762742338346,-0.01965634095111121,0.037370117771533214,1.0036804161403565,1584.450025030537,0,4.6
L2,L2-13,core150,150,-0.5,0.0,B,adj,19,51,4,9,bzC,0.0,0.026811827694874796,0.4065236207118073,-0.6644910219850894,-0.21358061709193085,0.039521136066116846,0.2745504297528207,0.6602261144133144,1.0036804161403565,1584.450025030537,0,4.6
L2,L2-13,core150,150,-0.5,0.0,B,adj,20,51,5,7,apc_z,0.0,0.0016597868622880232,0.07873219194218926,-0.13079027757684064,-0.045693637404245514,0.0024369645652211154,0.05119813586195712,0.12633165731021112,1.0025022803065777,941.2730206273874,0,4.4
L2,L2-13,core150,150,-0.5,0.0,B,adj,20,51,5,7,apc_s,-0.08096805377541444,-0.06232225171278519,0.08445387598461832,-0.19799999989334072,-0.11647858922885819,-0.06352732941533001,-0.004066372706242057,0.07164789280837378,1.0025022803065777,941.2730206273874,0,4.4
L2,L2-13,core150,150,-0.5,0.0,B,adj,20,51,5,7,bzC,0.0,0.16215666787433605,0.5554156261642099,-0.7766624520996438,-0.1694830792796334,0.18177623423152842,0.5131147117483323,1.048495704128559,1.0025022803065777,941.2730206273874,0,4.4
L2,L2-13,core150,150,-0.5,0.0,B,adj,21,52,4,11,apc_z,0.0,0.0255638527117954,0.049115697475153854,-0.05476961197458055,-0.007947568742901782,0.026081801238009378,0.05936943890789991,0.10516070935135333,1.0038092149813655,1565.9412928159707,0,4.6
L2,L2-13,core150,150,-0.5,0.0,B,adj,21,52,4,11,apc_s,-0.08096805377541444,-0.0964179544676741,0.05107626766694256,-0.1788257403916876,-0.13279509775141649,-0.09592693358373972,-0.05956959358173078,-0.010510460877381084,1.0038092149813655,1565.9412928159707,0,4.6
L2,L2-13,core150,150,-0.5,0.0,B,adj,21,52,4,11,bzC,0.0,0.0796924805936619,0.4088467332645569,-0.6121102234268861,-0.17834875473395245,0.0933428880076782,0.34596099019594106,0.730085574079564,1.0038092149813655,1565.9412928159707,0,4.6
L2,L2-13,core150,150,-0.5,0.0,B,adj,22,57,3,7,apc_z,0.0,-0.06782191316575177,0.056500857383064325,-0.16458750374734177,-0.10380453997000064,-0.06814638682585114,-0.0307444864755479,0.024114034557852534,1.002606366321047,1258.3155546188314,0,4.6
L2,L2-13,core150,150,-0.5,0.0,B,adj,22,57,3,7,apc_s,-0.08096805377541444,-0.10391529635080468,0.06199441650211396,-0.2033460160962087,-0.1470763224897934,-0.1058760469521079,-0.06345388182647752,-0.0004131511892567334,1.002606366321047,1258.3155546188314,0,4.6
L2,L2-13,core150,150,-0.5,0.0,B,adj,22,57,3,7,bzC,0.0,-0.40400804005429825,0.4237875044327605,-1.117912128350674,-0.6617092459069741,-0.37576096995464525,-0.12907331489626916,0.24181054303768942,1.002606366321047,1258.3155546188314,0,4.6
L2,L2-13,core150,150,-0.5,0.0,B,adj,23,49,6,10,apc_z,0.0,-0.00794123048160714,0.06323439580982738,-0.10734726933290265,-0.04759040656824845,-0.007625985163091322,0.03459706378767048,0.08634750352371229,1.0042436979636993,1068.6369101351056,0,4.4
L2,L2-13,core150,150,-0.5,0.0,B,adj,23,49,6,10,apc_s,-0.08096805377541444,-0.05857084038406376,0.0696985473098418,-0.16703576562910086,-0.10567949912909473,-0.061690646625801066,-0.013627777084115396,0.059344216737427374,1.0042436979636993,1068.6369101351056,0,4.4
L2,L2-13,core150,150,-0.5,0.0,B,adj,23,49,6,10,bzC,0.0,-0.06086784636452253,0.4984244517007113,-0.8765390285168592,-0.3776285958027056,-0.051100405265828736,0.25969570234455247,0.7258701422221291,1.0042436979636993,1068.6369101351056,0,4.4
L2,L2-13,core150,150,-0.5,0.0,B,adj,24,42,3,4,apc_z,0.0,0.05444134560627084,0.049333152466298054,-0.027930565142691394,0.02059289662824358,0.05394264740672169,0.08752318249681276,0.1339979837739554,1.002614024308777,1633.8900071481114,0,4.4
L2,L2-13,core150,150,-0.5,0.0,B,adj,24,42,3,4,apc_s,-0.08096805377541444,-0.019162282970153523,0.06290695651446926,-0.12660321736055133,-0.06035140666585964,-0.017246314366711594,0.022783695001345743,0.08249880075147088,1.002614024308777,1633.8900071481114,0,4.4
L2,L2-13,core150,150,-0.5,0.0,B,adj,24,42,3,4,bzC,0.0,0.34433919924140244,0.40252634063830606,-0.32877384686543015,0.099060502077959,0.353460835008312,0.5962578681177231,0.9908599184031442,1.002614024308777,1633.8900071481114,0,4.4
L2,L2-13,core150,150,-0.5,0.0,B,adj,25,59,5,15,apc_z,0.0,0.04713705415288119,0.0483620146030616,-0.035215308686538584,0.017513381153641573,0.048133052440997325,0.0798647577013837,0.12697025524514385,1.003292995486309,1207.4557458243246,0,4.4
L2,L2-13,core150,150,-0.5,0.0,B,adj,25,59,5,15,apc_s,-0.08096805377541444,-0.0916112325912242,0.04539187094776062,-0.1607921537096489,-0.12423546856094023,-0.09148267831724444,-0.06145612781928913,-0.012907419387932637,1.003292995486309,1207.4557458243246,0,4.4
L2,L2-13,core150,150,-0.5,0.0,B,adj,25,59,5,15,bzC,0.0,0.21873159534569295,0.45125409219774865,-0.5437921565791759,-0.06470055506876754,0.2204336084627535,0.5111951494735915,0.9445487697103258,1.003292995486309,1207.4557458243246,0,4.4
L2,L2-13,core150,150,-0.5,0.0,B,adj,26,50,8,5,apc_z,0.0,-0.05116151178062694,0.04895731245178805,-0.12975255659537194,-0.0847700398013643,-0.05145124238399823,-0.016319888162347557,0.02705131160894998,1.0026705061122811,1310.1509681815846,0,4.3
L2,L2-13,core150,150,-0.5,0.0,B,adj,26,50,8,5,apc_s,-0.08096805377541444,-0.08126936237754398,0.05328167486250656,-0.16543069420307707,-0.11483107135932094,-0.08013906084815897,-0.047455057880027435,0.004303993456862101,1.0026705061122811,1310.1509681815846,0,4.3
L2,L2-13,core150,150,-0.5,0.0,B,adj,26,50,8,5,bzC,0.0,-0.32475701559729714,0.4015477927069225,-1.0171980320614176,-0.5713769260683067,-0.30087765105055886,-0.06980150238663047,0.2923045140138776,1.0026705061122811,1310.1509681815846,0,4.3
L2,L2-13,core150,150,-0.5,0.0,B,adj,27,50,2,5,apc_z,0.0,-0.16141415404034234,0.06905109932428363,-0.2842689563638239,-0.20524318846962558,-0.1594717775480915,-0.11300338238631456,-0.05595285481614289,1.0016904618693057,867.8134209672015,0,4.4
L2,L2-13,core150,150,-0.5,0.0,B,adj,27,50,2,5,apc_s,-0.08096805377541444,-0.1318263364004083,0.07797417701675805,-0.2606114089049532,-0.18102790819210401,-0.13289064016395563,-0.08102544950104958,-0.005797754442438,1.0016904618693057,867.8134209672015,0,4.4
L2,L2-13,core150,150,-0.5,0.0,B,adj,27,50,2,5,bzC,0.0,-0.9279828313558491,0.5428911033291836,-1.884647010995052,-1.2373769988117107,-0.9042500462827695,-0.5718758658553759,-0.11408483352093036,1.0016904618693057,867.8134209672015,0,4.4
L2,L2-13,core150,150,-0.5,0.0,B,adj,29,57,2,11,apc_z,0.0,-0.07835972747945695,0.06894075963007827,-0.20310214545984495,-0.12374752459500798,-0.07289822945294033,-0.035440076554985,0.032618280270088895,1.0034243445158653,913.1969302512488,0,4.4
L2,L2-13,core150,150,-0.5,0.0,B,adj,29,57,2,11,apc_s,-0.08096805377541444,-0.14309184792523855,0.07224865267186847,-0.26486866111824586,-0.18704909369753556,-0.143302250370824,-0.09530155053595403,-0.023304750088627167,1.0034243445158653,913.1969302512488,0,4.4
L2,L2-13,core150,150,-0.5,0.0,B,adj,29,57,2,11,bzC,0.0,-0.29092050355438687,0.4943543655335259,-1.1739044846308497,-0.5933150296345523,-0.25651573292905094,0.03901353960770433,0.4785105413365884,1.0034243445158653,913.1969302512488,0,4.4
L2,L2-13,core150,150,-0.5,0.0,B,adj,28,50,0,5,apc_z,0.0,0.05535721910559739,0.050743434169000644,-0.031565444464968395,0.021803787885928308,0.0564184970749407,0.09038495150719147,0.13447535655192386,1.0057794346453983,1568.6067556784185,0,4.9
L2,L2-13,core150,150,-0.5,0.0,B,adj,28,50,0,5,apc_s,-0.08096805377541444,-0.011830859780766168,0.06481195310003404,-0.11499925373839698,-0.05631356108634585,-0.011764869887955578,0.03293731598433391,0.09381838581490447,1.0057794346453983,1568.6067556784185,0,4.9
L2,L2-13,core150,150,-0.5,0.0,B,adj,28,50,0,5,bzC,0.0,0.3054715352735903,0.35883524583752463,-0.2911582310324292,0.0848560523024883,0.3077108478455042,0.533991197274841,0.8771187026953521,1.0057794346453983,1568.6067556784185,0,4.9
L2,L2-13,core150,150,-0.5,0.0,B,adj,30,50,4,7,apc_z,0.0,0.010244679595127976,0.06133754320128396,-0.08699752393095947,-0.029533064806087073,0.01014206902080493,0.049142711799143424,0.11007066130096846,1.0035216538896208,1003.6292807300956,0,4.4
L2,L2-13,core150,150,-0.5,0.0,B,adj,30,50,4,7,apc_s,-0.08096805377541444,-0.02262875113268275,0.06873909684025337,-0.1352720609726395,-0.06768547045434553,-0.022046612890984293,0.022643584838327686,0.08675057994071725,1.0035216538896208,1003.6292807300956,0,4.4
L2,L2-13,core150,150,-0.5,0.0,B,adj,30,50,4,7,bzC,0.0,0.010796380626506015,0.4843304002075657,-0.7630992673554072,-0.28867419884685974,0.016314973569533965,0.3113772583242296,0.7707106110074593,1.0035216538896208,1003.6292807300956,0,4.4
L2,L2-13,core150,150,-0.5,0.0,B,adj,31,47,3,9,apc_z,0.0,0.026169138878015894,0.043610303666775714,-0.04859143908958772,-3.6307599614153485e-06,0.027249096642635952,0.055928119777889425,0.09453087954705636,1.003927701231213,1124.4918886116775,0,4.3
L2,L2-13,core150,150,-0.5,0.0,B,adj,31,47,3,9,apc_s,-0.08096805377541444,-0.11001776042713148,0.04437784296231061,-0.18122981277519035,-0.1418108625385347,-0.1108907693317655,-0.08090525518846751,-0.03477868705115294,1.003927701231213,1124.4918886116775,0,4.3
L2,L2-13,core150,150,-0.5,0.0,B,adj,31,47,3,9,bzC,0.0,0.08482803348527389,0.3868286020940162,-0.5659276704093372,-0.1492450301010331,0.09240376289803362,0.33268703319217313,0.6971727365635169,1.003927701231213,1124.4918886116775,0,4.3
L2,L2-13,core150,150,-0.5,0.0,B,adj,32,63,5,15,apc_z,0.0,-0.08099196743763412,0.05747722184082916,-0.17753003697254807,-0.12010584753831757,-0.08251914458916615,-0.0417899137165774,0.00898535283994701,1.0076079072093065,967.4859942942878,0,4.2
L2,L2-13,core150,150,-0.5,0.0,B,adj,32,63,5,15,apc_s,-0.08096805377541444,-0.13164429801655653,0.06005454879423058,-0.22564077389790754,-0.17256617122590068,-0.13402469728356087,-0.09539477627890466,-0.025690467124879292,1.0076079072093065,967.4859942942878,0,4.2
L2,L2-13,core150,150,-0.5,0.0,B,adj,32,63,5,15,bzC,0.0,-0.6266958172557477,0.4868531121255153,-1.4678819820503983,-0.9356086697814491,-0.6005137303900886,-0.3042043142508849,0.1350721298290101,1.0076079072093065,967.4859942942878,0,4.2
L2,L2-13,core150,150,-0.5,0.0,B,adj,33,47,2,9,apc_z,0.0,0.06413946433633333,0.05562137081246191,-0.029551900349829026,0.028484823880968783,0.06416661515646932,0.10008123999444432,0.15937853648513015,1.0025222663916356,1211.7296487960036,0,4.1
L2,L2-13,core150,150,-0.5,0.0,B,adj,33,47,2,9,apc_s,-0.08096805377541444,-0.004985694760533738,0.0666113299510875,-0.11538931676676673,-0.04673376463457188,-0.003049764326189905,0.03894112270237844,0.10602226737615127,1.0025222663916356,1211.7296487960036,0,4.1
L2,L2-13,core150,150,-0.5,0.0,B,adj,33,47,2,9,bzC,0.0,0.3852983442961437,0.4327612183849512,-0.33322693078083226,0.1218563442032656,0.38698460528587686,0.6557825301297044,1.1157336724492295,1.0025222663916356,1211.7296487960036,0,4.1
L2,L2-13,core150,150,-0.5,0.0,B,adj,34,52,2,10,apc_z,0.0,-0.04254880201216624,0.049580784078133246,-0.12210928799102612,-0.07463036484715145,-0.04192798562293889,-0.011887903931773452,0.03840624079295866,1.0018556582622935,1519.7684143377153,0,4.1
L2,L2-13,core150,150,-0.5,0.0,B,adj,34,52,2,10,apc_s,-0.08096805377541444,-0.04275883326315544,0.05737424768662878,-0.13256575962474296,-0.08327787238639132,-0.04398108034177993,-0.00632760141560186,0.05476628194342609,1.0018556582622935,1519.7684143377153,0,4.1
L2,L2-13,core150,150,-0.5,0.0,B,adj,34,52,2,10,bzC,0.0,-0.3921283067028859,0.4065843901163952,-1.0786456310108092,-0.6345670858518069,-0.37686000150203436,-0.13469215983972746,0.22814058115311994,1.0018556582622935,1519.7684143377153,0,4.1
L2,L2-13,core150,150,-0.5,0.0,B,adj,35,53,3,6,apc_z,0.0,0.072454960213324,0.08326329601342393,-0.05448942215428171,0.018460719272354827,0.0727786946031149,0.12356179264843468,0.2104033251658103,1.0059158615250783,774.4796424883035,0,3.9
L2,L2-13,core150,150,-0.5,0.0,B,adj,35,53,3,6,apc_s,-0.08096805377541444,0.0015217683430837833,0.09312790303729152,-0.15295767237274244,-0.05867018307731463,-0.0009565463678965284,0.0598687476327403,0.16115097473079804,1.0059158615250783,774.4796424883035,0,3.9
L2,L2-13,core150,150,-0.5,0.0,B,adj,35,53,3,6,bzC,0.0,0.3590455463100537,0.543664957518046,-0.49079487450256587,0.022610163845808898,0.35518176236124066,0.6799998709453061,1.2548798431843704,1.0059158615250783,774.4796424883035,0,3.9
L2,L2-13,core150,150,-0.5,0.0,B,adj,36,49,2,9,apc_z,0.0,-0.012509410608780532,0.06255513631480417,-0.1260287669706119,-0.050781035805546014,-0.008639954226635115,0.029424244793486064,0.08648844789926911,1.0044663432979342,1105.0594178809931,0,4.1
L2,L2-13,core150,150,-0.5,0.0,B,adj,36,49,2,9,apc_s,-0.08096805377541444,-0.0778408861022809,0.07215269520388697,-0.19898784285585838,-0.12694200459519833,-0.07784959984419118,-0.02927308053503775,0.041412825198305823,1.0044663432979342,1105.0594178809931,0,4.1
L2,L2-13,core150,150,-0.5,0.0,B,adj,36,49,2,9,bzC,0.0,-0.07419924541886437,0.43725171188948153,-0.8271262498940607,-0.3495373656646053,-0.04519611731004205,0.2192423222248855,0.5994664090231885,1.0044663432979342,1105.0594178809931,0,4.1
L2,L2-13,core150,150,-0.5,0.0,B,adj,37,61,5,10,apc_z,0.0,0.0599111082556685,0.06450499800662987,-0.048065273094694626,0.01930037407990122,0.06015641376643012,0.09993854960733073,0.166437338281931,1.0045228682953908,1055.9211596326666,0,4.1
L2,L2-13,core150,150,-0.5,0.0,B,adj,37,61,5,10,apc_s,-0.08096805377541444,-0.029037319513183814,0.0749372478323655,-0.14991394153466905,-0.07731204416043812,-0.028683350593656322,0.020803614230528678,0.09556790337009877,1.0045228682953908,1055.9211596326666,0,4.1
L2,L2-13,core150,150,-0.5,0.0,B,adj,37,61,5,10,bzC,0.0,0.2882923759002548,0.4503985389019466,-0.4506386037080524,0.008190834769060198,0.2971797810073965,0.5686364831465514,1.0046926006413033,1.0045228682953908,1055.9211596326666,0,4.1
L2,L2-13,core150,150,-0.5,0.0,B,adj,38,50,0,8,apc_z,0.0,0.09050006687917898,0.05832884520840052,-0.0056663001755660304,0.05146157822098826,0.09221420736002334,0.12983918119131996,0.18312996449012778,1.0020141246292873,1250.103622635492,0,4.2
L2,L2-13,core150,150,-0.5,0.0,B,adj,38,50,0,8,apc_s,-0.08096805377541444,0.05872466225443101,0.07342913125268424,-0.0604801581957976,0.010731520978115153,0.057763774705635845,0.108036801118512,0.1776691544798409,1.0020141246292873,1250.103622635492,0,4.2
L2,L2-13,core150,150,-0.5,0.0,B,adj,38,50,0,8,bzC,0.0,0.46890847542734354,0.4247241188668447,-0.1796463056312539,0.19311461085129408,0.45076663981836107,0.7195041844616992,1.2038596896462035,1.0020141246292873,1250.103622635492,0,4.2
L2,L2-13,core150,150,-0.5,0.0,B,adj,39,43,2,4,apc_z,0.0,-0.06550078482268576,0.0560090427003913,-0.15933267760483344,-0.10141800836391343,-0.06337688964758716,-0.027717219745073733,0.021237426735305515,1.00318630862097,1526.0075164184223,0,4.1
L2,L2-13,core150,150,-0.5,0.0,B,adj,39,43,2,4,apc_s,-0.08096805377541444,-0.08019532578484137,0.06934827743682892,-0.19218763841493786,-0.1274733017520387,-0.08291465833991873,-0.032397734007842356,0.03471054893760606,1.00318630862097,1526.0075164184223,0,4.1
L2,L2-13,core150,150,-0.5,0.0,B,adj,39,43,2,4,bzC,0.0,-0.38012006069901544,0.4371849539985891,-1.1115071787892272,-0.64938836969872,-0.3624048730513021,-0.09052113432372505,0.29359951068128465,1.00318630862097,1526.0075164184223,0,4.1
L2,L2-13,core150,150,-0.5,0.0,B,adj,40,53,6,6,apc_z,0.0,0.04066002996870533,0.05179924835677883,-0.041542578936145366,0.006888827243004509,0.04096431833696125,0.07540866702271068,0.12278507856744081,1.0022364234825185,1519.0197997895398,0,4.1
L2,L2-13,core150,150,-0.5,0.0,B,adj,40,53,6,6,apc_s,-0.08096805377541444,-0.053813121363835266,0.06186761127734452,-0.14973470603948308,-0.09595569824855413,-0.0550095922969823,-0.01217706966377644,0.04569356880437307,1.0022364234825185,1519.0197997895398,0,4.1
L2,L2-13,core150,150,-0.5,0.0,B,adj,40,53,6,6,bzC,0.0,0.309359042814929,0.3648350016168051,-0.2802992833138212,0.07912144982470061,0.3070111971349116,0.5371162433981285,0.9151092368505725,1.0022364234825185,1519.0197997895398,0,4.1
L2,L2-13,core150,150,-0.5,0.0,B,adj,41,56,5,11,apc_z,0.0,-0.0010720898742901258,0.050673753770224844,-0.09294113777228659,-0.032581754039526865,0.001958145307217403,0.03169344803541951,0.08083931456871238,1.0026735335339798,899.3865821481809,0,4.2
L2,L2-13,core150,150,-0.5,0.0,B,adj,41,56,5,11,apc_s,-0.08096805377541444,-0.13633981774604115,0.05244712194888023,-0.22215620923486584,-0.171315866601837,-0.13648593203319187,-0.10004509848016338,-0.04843641307565307,1.0026735335339798,899.3865821481809,0,4.2
L2,L2-13,core150,150,-0.5,0.0,B,adj,41,56,5,11,bzC,0.0,-0.1911515890076119,0.433713757194261,-0.9594265857331117,-0.4475906944299512,-0.1644395505264808,0.09350752798655458,0.4622049863913785,1.0026735335339798,899.3865821481809,0,4.2
L2,L2-13,core150,150,-0.5,0.0,B,adj,42,46,5,7,apc_z,0.0,-0.01853455067383404,0.07544879803043991,-0.14326043547683767,-0.066139091136408,-0.0168161930853152,0.03028130160027314,0.10305896846175233,1.004169320733721,991.2601033763027,0,4.2
L2,L2-13,core150,150,-0.5,0.0,B,adj,42,46,5,7,apc_s,-0.08096805377541444,-0.03490117720981648,0.08063836506741147,-0.1692394582235818,-0.08850600448782647,-0.03300910454211283,0.016389041506975757,0.09497185196012427,1.004169320733721,991.2601033763027,0,4.2
L2,L2-13,core150,150,-0.5,0.0,B,adj,42,46,5,7,bzC,0.0,-0.1242399708555214,0.5571433190987329,-1.043786323214041,-0.4631552661204798,-0.12329368542595062,0.21924080713355754,0.7754454641548896,1.004169320733721,991.2601033763027,0,4.2
L2,L2-13,core150,150,-0.5,0.0,B,adj,43,44,2,10,apc_z,0.0,-0.049967876893435084,0.0440482791274901,-0.12690895211924025,-0.07745691690497003,-0.04978248095991962,-0.01864289733032544,0.0185050557915073,1.0022186522623033,1300.553873952282,0,4.2
L2,L2-13,core150,150,-0.5,0.0,B,adj,43,44,2,10,apc_s,-0.08096805377541444,-0.12190553641087898,0.047380345913769446,-0.19683205793677228,-0.153917950608948,-0.12261388288480568,-0.08928765710179379,-0.042454530922541894,1.0022186522623033,1300.553873952282,0,4.2
L2,L2-13,core150,150,-0.5,0.0,B,adj,43,44,2,10,bzC,0.0,-0.49670846366460075,0.4425000841532647,-1.2553066644783177,-0.7648821717017458,-0.4740479604648842,-0.1963826359495227,0.18571776972657417,1.0022186522623033,1300.553873952282,0,4.2
L2,L2-13,core150,150,-0.5,0.0,B,adj,44,49,4,5,apc_z,0.0,-0.01314635491046704,0.05184388798239507,-0.09429585049033007,-0.04635757641152212,-0.014428276505790691,0.02040192147851733,0.07288169047180158,1.002356166839246,1503.3384719737028,0,3.8
L2,L2-13,core150,150,-0.5,0.0,B,adj,44,49,4,5,apc_s,-0.08096805377541444,-0.02206983419233316,0.0595337235460923,-0.12051695924588031,-0.05908008606871104,-0.02438642328846339,0.017530488606196604,0.0754868831201897,1.002356166839246,1503.3384719737028,0,3.8
L2,L2-13,core150,150,-0.5,0.0,B,adj,44,49,4,5,bzC,0.0,-0.040583614385176714,0.3678671221903938,-0.6434649565613229,-0.27070177887936675,-0.0427062419708194,0.19612025368175995,0.5488243119746484,1.002356166839246,1503.3384719737028,0,3.8
L2,L2-13,core150,150,-0.5,0.0,B,adj,46,50,4,11,apc_z,0.0,0.019533346448738245,0.06301192790808587,-0.08982552811310036,-0.01878564504079147,0.022994888759491523,0.05978715731444559,0.11956067816291405,1.002819352757192,1061.3202385538607,0,4.5
L2,L2-13,core150,150,-0.5,0.0,B,adj,46,50,4,11,apc_s,-0.08096805377541444,-0.007583337748224235,0.0707135303579347,-0.12212832617003512,-0.053587775290830905,-0.00558706388544356,0.04139206332592829,0.10634086385798258,1.002819352757192,1061.3202385538607,0,4.5
L2,L2-13,core150,150,-0.5,0.0,B,adj,46,50,4,11,bzC,0.0,0.18476880121526237,0.5023541484662543,-0.6219744099304046,-0.11401545574569995,0.1968451690417442,0.4853332287694999,0.9848590533193265,1.002819352757192,1061.3202385538607,0,4.5
L2,L2-13,core150,150,-0.5,0.0,B,adj,45,43,1,7,apc_z,0.0,-0.045706874602637684,0.055840344012473266,-0.14209138474290942,-0.0814815760574109,-0.04340020652097322,-0.009353786567331284,0.03980649379209365,1.0028342014699019,1178.67911911149,0,4.6
L2,L2-13,core150,150,-0.5,0.0,B,adj,45,43,1,7,apc_s,-0.08096805377541444,-0.0750447645442984,0.06378437158665264,-0.18205059990603278,-0.11749702804251776,-0.07569066657095196,-0.03614310323877584,0.033063997529082595,1.0028342014699019,1178.67911911149,0,4.6
L2,L2-13,core150,150,-0.5,0.0,B,adj,45,43,1,7,bzC,0.0,-0.26022238947142473,0.4393535104359067,-1.003772527203093,-0.5291423061337546,-0.2474361513324303,0.03610391936496882,0.4157179639703319,1.0028342014699019,1178.67911911149,0,4.6
L2,L2-13,core150,150,-0.5,0.0,B,adj,47,51,1,7,apc_z,0.0,0.03181782948565324,0.04795767626729463,-0.051057041792583746,-0.0006929698829994691,0.03543895988072386,0.06600645167620134,0.10637253904229121,1.0014890070121216,1613.3647293041859,0,4.5
L2,L2-13,core150,150,-0.5,0.0,B,adj,47,51,1,7,apc_s,-0.08096805377541444,-0.09176566160242482,0.05884751823942719,-0.18611535147196925,-0.13193635698519313,-0.092980297113428,-0.05064150955937502,0.0019163528152955527,1.0014890070121216,1613.3647293041859,0,4.5
L2,L2-13,core150,150,-0.5,0.0,B,adj,47,51,1,7,bzC,0.0,0.23361162783360936,0.36963008710749945,-0.3658997261132256,0.0021801089360767648,0.23045918544662228,0.456124111887542,0.8409487641081914,1.0014890070121216,1613.3647293041859,0,4.5
L2,L2-13,core150,150,-0.5,0.0,B,adj,48,45,4,6,apc_z,0.0,-0.030897106331567777,0.05003093256865331,-0.11381494166344744,-0.06495387551143841,-0.029239426228934905,0.00200342901075528,0.04942379443693325,1.004022403757743,1377.551510052748,0,4.9
L2,L2-13,core150,150,-0.5,0.0,B,adj,48,45,4,6,apc_s,-0.08096805377541444,-0.03785988295797232,0.06054878553280581,-0.13741181667641938,-0.07730909719225772,-0.039605808280369886,0.003289023457387131,0.06533081678168845,1.004022403757743,1377.551510052748,0,4.9
L2,L2-13,core150,150,-0.5,0.0,B,adj,48,45,4,6,bzC,0.0,-0.1726338278238253,0.3963413186030136,-0.8284308684992593,-0.420289269885604,-0.1617534081366666,0.07643363605571385,0.46203101793626206,1.004022403757743,1377.551510052748,0,4.9
L2,L2-13,core150,150,-0.5,0.0,B,adj,50,40,2,5,apc_z,0.0,-0.031053807985903646,0.049737531992105934,-0.11215019968462488,-0.06292458492465015,-0.028163892984890793,0.0039574988084314176,0.04768840106545369,1.0039461794258144,1266.6801384147263,0,4.9
L2,L2-13,core150,150,-0.5,0.0,B,adj,50,40,2,5,apc_s,-0.08096805377541444,-0.14255270933026662,0.05051069889359761,-0.2227308067140248,-0.1763170268961545,-0.14415857716230185,-0.10929004416560978,-0.061817315501835675,1.0039461794258144,1266.6801384147263,0,4.9
L2,L2-13,core150,150,-0.5,0.0,B,adj,50,40,2,5,bzC,0.0,-0.23843768504855384,0.5194317247454951,-1.0966782060871756,-0.569493050950929,-0.233117044521269,0.09539138363136508,0.5917072076568826,1.0039461794258144,1266.6801384147263,0,4.9
L2,L2-13,core150,150,-0.5,0.0,B,adj,49,51,2,4,apc_z,0.0,0.05593505724896812,0.06421805736801477,-0.044301321509550434,0.015163080472846882,0.054289354172862916,0.09543590228383514,0.16294312556560303,1.0028804748416156,1260.4675015813111,0,4.9
L2,L2-13,core150,150,-0.5,0.0,B,adj,49,51,2,4,apc_s,-0.08096805377541444,0.07352743210486015,0.07645926545117471,-0.05069271861548511,0.023528032292629866,0.0729739848404988,0.12235345313035872,0.204933582412541,1.0028804748416156,1260.4675015813111,0,4.9
L2,L2-13,core150,150,-0.5,0.0,B,adj,49,51,2,4,bzC,0.0,0.3645409552322892,0.45213907148325244,-0.33731717043275844,0.07322651767588025,0.3451490788689673,0.6285796812517296,1.1471844929500474,1.0028804748416156,1260.4675015813111,0,4.9
L2,L2-13,core150,150,-0.5,0.0,B,adj,52,43,2,13,apc_z,0.0,-0.07438722293860292,0.043789175759704924,-0.147842228269546,-0.1037495953449237,-0.07339419889364308,-0.04373917124041339,-0.0035466721984585736,1.002618515227104,1286.00688386983,0,4.7
L2,L2-13,core150,150,-0.5,0.0,B,adj,52,43,2,13,apc_s,-0.08096805377541444,-0.12995913387044128,0.04133867795849733,-0.19697352172909444,-0.15671229020756192,-0.1310441007271021,-0.10217016305798374,-0.06266528877997651,1.002618515227104,1286.00688386983,0,4.7
L2,L2-13,core150,150,-0.5,0.0,B,adj,52,43,2,13,bzC,0.0,-0.550332727693982,0.4880858710200704,-1.3518255499482121,-0.8677176901298684,-0.5450267208069997,-0.24186082638937206,0.23876289371473639,1.002618515227104,1286.00688386983,0,4.7
L2,L2-13,core150,150,-0.5,0.0,B,adj,51,46,4,4,apc_z,0.0,0.0696435921877802,0.05457369216652539,-0.016522103506043623,0.03332380918834187,0.06932243015645168,0.10407416144546948,0.16309892949381366,1.0030046572163998,1339.01910389337,0,4.8
L2,L2-13,core150,150,-0.5,0.0,B,adj,51,46,4,4,apc_s,-0.08096805377541444,0.04751085788530536,0.06721099325259501,-0.06599228699844838,0.004873286482909687,0.05025067928438268,0.0939160537659082,0.15237147137143808,1.0030046572163998,1339.01910389337,0,4.8
L2,L2-13,core150,150,-0.5,0.0,B,adj,51,46,4,4,bzC,0.0,0.5124051229741694,0.4219091829110758,-0.14672505011880618,0.231672449575362,0.5009199620418248,0.7799892367490356,1.201995858887905,1.0030046572163998,1339.01910389337,0,4.8
L2,L2-13,core150,150,-0.5,0.0,B,adj,53,45,3,17,apc_z,0.0,-0.029358831657447494,0.0444046277463537,-0.10113643692403468,-0.058230273447313616,-0.029273309304497123,0.000104302201808597,0.04608357029771352,1.0050429974560882,1140.9356192996086,0,4.7
L2,L2-13,core150,150,-0.5,0.0,B,adj,53,45,3,17,apc_s,-0.08096805377541444,-0.12957085836018323,0.036273699031599084,-0.1921777187712001,-0.1530496040336453,-0.12910570672682675,-0.10490279177894532,-0.07151151952521798,1.0050429974560882,1140.9356192996086,0,4.7
L2,L2-13,core150,150,-0.5,0.0,B,adj,53,45,3,17,bzC,0.0,-0.33832703904021966,0.5139958997499415,-1.1997897536749909,-0.6566080385390043,-0.3323206190772563,-0.005992351054529679,0.50546393846343,1.0050429974560882,1140.9356192996086,0,4.7
L2,L2-13,core150,150,-0.5,0.0,B,adj,54,44,4,11,apc_z,0.0,-0.04804527457759104,0.04613059456635074,-0.12370554578271684,-0.07965115196878321,-0.047108715841851584,-0.017972122018406225,0.02322377802091559,1.0034290571188091,1123.8948074600462,0,4.2
L2,L2-13,core150,150,-0.5,0.0,B,adj,54,44,4,11,apc_s,-0.08096805377541444,-0.09223994010528475,0.05056211554171056,-0.17258508468759168,-0.12669882048506378,-0.09271935422382196,-0.05775109881086925,-0.008754973742464572,1.0034290571188091,1123.8948074600462,0,4.2
L2,L2-13,core150,150,-0.5,0.0,B,adj,54,44,4,11,bzC,0.0,-0.3950389669557095,0.4325516228742395,-1.1242243289531988,-0.6681027781837127,-0.37610786828673864,-0.10413975996330976,0.27374581044062757,1.0034290571188091,1123.8948074600462,0,4.2
L2,L2-13,core150,150,-0.5,0.0,B,adj,56,57,2,12,apc_z,0.0,-0.01637312024946565,0.05044987190784397,-0.09975497989635893,-0.05097565445660319,-0.01468057647885167,0.018555081506010516,0.06272350192633952,1.0041112343664826,1311.6201714264487,0,4.2
L2,L2-13,core150,150,-0.5,0.0,B,adj,56,57,2,12,apc_s,-0.08096805377541444,-0.07052838346952535,0.06270580622335842,-0.17283141758333956,-0.11234172398011122,-0.06712869026856415,-0.030428248348701288,0.03363496863408429,1.0041112343664826,1311.6201714264487,0,4.2
L2,L2-13,core150,150,-0.5,0.0,B,adj,56,57,2,12,bzC,0.0,-0.05071417781362412,0.38158746947902933,-0.7116150006021549,-0.28163587309737065,-0.027883349511932096,0.20039757975795852,0.538379958297821,1.0041112343664826,1311.6201714264487,0,4.2
L2,L2-13,core150,150,-0.5,0.0,B,adj,55,46,4,8,apc_z,0.0,-0.09503745208777281,0.050023514056787316,-0.17626494520389313,-0.12772846905084123,-0.09557523006257257,-0.06090558909002852,-0.014322058102468739,1.0044566415719962,1258.7541819693367,0,4.3
L2,L2-13,core150,150,-0.5,0.0,B,adj,55,46,4,8,apc_s,-0.08096805377541444,-0.1330245770064302,0.04943231233417924,-0.2114559048978034,-0.16691619589620943,-0.13485964890397614,-0.0996643054163646,-0.04950870462710578,1.0044566415719962,1258.7541819693367,0,4.3
L2,L2-13,core150,150,-0.5,0.0,B,adj,55,46,4,8,bzC,0.0,-0.7583153120731374,0.48131482160722466,-1.5694949418346693,-1.0678971106949144,-0.7363645738683825,-0.4305758528720248,-0.006561106320317218,1.0044566415719962,1258.7541819693367,0,4.3
L2,L2-13,core150,150,-0.5,0.0,B,adj,57,41,1,8,apc_z,0.0,-0.04957333455879784,0.06408752837000384,-0.15360305687530754,-0.09105714449435223,-0.047283538163860994,-0.007417541904363824,0.05563800034476151,1.0040558996281204,1108.2551939999912,0,4.1
L2,L2-13,core150,150,-0.5,0.0,B,adj,57,41,1,8,apc_s,-0.08096805377541444,-0.09349786272925766,0.07355953278193235,-0.2092194360128838,-0.14465938259443462,-0.09686824110897217,-0.047829512618033934,0.028327680240021424,1.0040558996281204,1108.2551939999912,0,4.1
L2,L2-13,core150,150,-0.5,0.0,B,adj,57,41,1,8,bzC,0.0,-0.32853112785185756,0.5224202221339401,-1.2397601759878056,-0.6620717627792532,-0.2925745401331802,0.011845516147891172,0.4842354299674125,1.0040558996281204,1108.2551939999912,0,4.1
L2,L2-13,core150,150,-0.5,0.0,B,adj,59,40,2,7,apc_z,0.0,-0.05915593736392616,0.044993824449091134,-0.13409460725644093,-0.08642274714770506,-0.05784010457966236,-0.028067465435914984,0.01174714047401805,1.0064489953930633,1110.3415257591473,0,4.3
L2,L2-13,core150,150,-0.5,0.0,B,adj,59,40,2,7,apc_s,-0.08096805377541444,-0.05522997335080164,0.05553822035694082,-0.1504046753261971,-0.0911644529954138,-0.05269340646963046,-0.01753603693684154,0.03270431547108041,1.0064489953930633,1110.3415257591473,0,4.3
L2,L2-13,core150,150,-0.5,0.0,B,adj,59,40,2,7,bzC,0.0,-0.3204919437581299,0.38972299876285477,-0.9758027038144457,-0.569023853882376,-0.30803722139243156,-0.06794053545710071,0.2842994402623384,1.0064489953930633,1110.3415257591473,0,4.3
L2,L2-13,core150,150,-0.5,0.0,B,adj,58,46,2,8,apc_z,0.0,-0.07649918119092666,0.04933629198073254,-0.1568383293898646,-0.11155259110477432,-0.07555992283450849,-0.042878282164578715,0.004727214954500876,1.0026987247804844,1357.41769464483,0,4.5
L2,L2-13,core150,150,-0.5,0.0,B,adj,58,46,2,8,apc_s,-0.08096805377541444,-0.18883490139148001,0.04091446100537881,-0.2523337253370105,-0.21610268133961272,-0.18978004307682977,-0.1643921728869604,-0.11754723774524013,1.0026987247804844,1357.41769464483,0,4.5
L2,L2-13,core150,150,-0.5,0.0,B,adj,58,46,2,8,bzC,0.0,-0.7587898315681949,0.4806381362081611,-1.6077261908965146,-1.059580467844445,-0.7343167482978405,-0.4305795044253643,-0.023850380266053257,1.0026987247804844,1357.41769464483,0,4.5
L2,L2-14,core150,150,-0.5,-0.4,A,adj,0,48,3,9,apc_z,-0.0804851566384027,-0.11402510870011627,0.05609310187465077,-0.2081398229915925,-0.14952401452039826,-0.11444673621398657,-0.07634753131915482,-0.02378693326503375,1.002773704097376,1079.490498208559,0,4.5
L2,L2-14,core150,150,-0.5,-0.4,A,adj,0,48,3,9,apc_s,-0.07789443566328591,-0.16471683338206486,0.05827747662885548,-0.25120470952573565,-0.20479334274161365,-0.16968204352436372,-0.1279367041117598,-0.062302945275111786,1.002773704097376,1079.490498208559,0,4.5
L2,L2-14,core150,150,-0.5,-0.4,A,adj,0,48,3,9,bzC,-0.4,-0.9030760054670893,0.5231005254676926,-1.7738914685123737,-1.2288241913360203,-0.8876028604648261,-0.5539370264949169,-0.08205839697640543,1.002773704097376,1079.490498208559,0,4.5
L2,L2-14,core150,150,-0.5,-0.4,A,adj,1,45,2,9,apc_z,-0.0804851566384027,-0.07146068927696597,0.05279292607480126,-0.15457828824330072,-0.10651503984222388,-0.0692247036095365,-0.03719568627935535,0.014804251573432348,1.0047911115768453,1264.6320745246353,0,4.6
L2,L2-14,core150,150,-0.5,-0.4,A,adj,1,45,2,9,apc_s,-0.07789443566328591,-0.07415572827741097,0.06181160061483046,-0.17190473500246664,-0.11385819800213638,-0.0748944256750639,-0.034452666184147517,0.02678967451431277,1.0047911115768453,1264.6320745246353,0,4.6
L2,L2-14,core150,150,-0.5,-0.4,A,adj,1,45,2,9,bzC,-0.4,-0.4358952269799688,0.4510482015186888,-1.1980917159897957,-0.7128654165759507,-0.40876533899015055,-0.13477149695868068,0.26069686873652365,1.0047911115768453,1264.6320745246353,0,4.6
L2,L2-14,core150,150,-0.5,-0.4,A,adj,2,45,4,10,apc_z,-0.0804851566384027,-0.15980268312766105,0.04274742437094191,-0.23119261117349962,-0.18785492734144932,-0.1578685384525344,-0.1308082874253434,-0.09342602824775592,1.0047962881119028,920.1422351064534,0,4.5
L2,L2-14,core150,150,-0.5,-0.4,A,adj,2,45,4,10,apc_s,-0.07789443566328591,-0.14535724048270657,0.045861391269558835,-0.22064623253392138,-0.1742994296205675,-0.14439205386887466,-0.11554483246325076,-0.0719356468474696,1.0047962881119028,920.1422351064534,0,4.5
L2,L2-14,core150,150,-0.5,-0.4,A,adj,2,45,4,10,bzC,-0.4,-1.197414145544138,0.5417472802033241,-2.113648444052133,-1.5367226741162385,-1.1789724357521727,-0.8439556613266057,-0.3529718143285054,1.0047962881119028,920.1422351064534,0,4.5
L2,L2-14,core150,150,-0.5,-0.4,A,adj,3,49,2,9,apc_z,-0.0804851566384027,-0.03686926774200108,0.0521559416435221,-0.1212633511409218,-0.07113780996477895,-0.03665283573037484,-0.0037326168099872234,0.04955485840729058,1.0036897822170614,1649.0758949929052,0,4.2
L2,L2-14,core150,150,-0.5,-0.4,A,adj,3,49,2,9,apc_s,-0.07789443566328591,-0.020986176488382004,0.0641237417797184,-0.12383577252411686,-0.06515987990751772,-0.021299832982262595,0.02032703225536471,0.08829223172144107,1.0036897822170614,1649.0758949929052,0,4.2
L2,L2-14,core150,150,-0.5,-0.4,A,adj,3,49,2,9,bzC,-0.4,-0.31553046475266344,0.4076162183489819,-0.9867503639824936,-0.5621552597616751,-0.30773804080626427,-0.052609601525883565,0.3311779539026547,1.0036897822170614,1649.0758949929052,0,4.2
L2,L2-14,core150,150,-0.5,-0.4,A,adj,4,41,2,8,apc_z,-0.0804851566384027,-0.07297724478505072,0.03857518357839817,-0.13741283596712692,-0.09718685213408824,-0.07357215155472742,-0.04727101905271155,-0.01006739182882385,1.0027756641476258,1592.2988614210728,0,4.3
L2,L2-14,core150,150,-0.5,-0.4,A,adj,4,41,2,8,apc_s,-0.07789443566328591,0.010728270827813158,0.04699375724622535,-0.06800376940451115,-0.01930763227543628,0.00987309159551597,0.0428932101432313,0.08853544088544707,1.0027756641476258,1592.2988614210728,0,4.3
L2,L2-14,core150,150,-0.5,-0.4,A,adj,4,41,2,8,bzC,-0.4,-0.4972470872913118,0.3530823137444382,-1.0866468218661138,-0.7160728622082976,-0.4949112287479466,-0.27710533262230597,0.073820046989158,1.0027756641476258,1592.2988614210728,0,4.3
L2,L2-14,core150,150,-0.5,-0.4,A,adj,5,54,4,9,apc_z,-0.0804851566384027,-0.12008970467391583,0.048185090716748626,-0.19895073409256886,-0.15255518754994393,-0.12137982224552477,-0.08601288054308856,-0.04097336234974571,1.0029105715939792,1534.2448875362943,0,4.3
L2,L2-14,core150,150,-0.5,-0.4,A,adj,5,54,4,9,apc_s,-0.07789443566328591,-0.08728221895739478,0.05267837471237974,-0.17298233775142283,-0.12217781712620548,-0.08786338234118535,-0.05296617073811616,-0.00015811130970759735,1.0029105715939792,1534.2448875362943,0,4.3
L2,L2-14,core150,150,-0.5,-0.4,A,adj,5,54,4,9,bzC,-0.4,-0.8104771745250327,0.40894068489674357,-1.4879020881301972,-1.0691804455549998,-0.7925941744828142,-0.5343051239791732,-0.18557590896903456,1.0029105715939792,1534.2448875362943,0,4.3
L2,L2-14,core150,150,-0.5,-0.4,A,adj,6,55,4,6,apc_z,-0.0804851566384027,-0.1279397011825851,0.04922346293421512,-0.20450277032006953,-0.16199504240905493,-0.12886591325841545,-0.09467344786469035,-0.04663958265511693,1.0021079026181923,1504.1537590227376,0,4.1
L2,L2-14,core150,150,-0.5,-0.4,A,adj,6,55,4,6,apc_s,-0.07789443566328591,-0.04995546955858592,0.06249879359486892,-0.15526811140638527,-0.0898301776879166,-0.05300537231831644,-0.007247238000208996,0.05607314879850078,1.0021079026181923,1504.1537590227376,0,4.1
L2,L2-14,core150,150,-0.5,-0.4,A,adj,6,55,4,6,bzC,-0.4,-0.667905265992736,0.3997964753225793,-1.347278249456236,-0.9170944956761122,-0.6554349474877113,-0.4102416541708082,-0.027392505462991032,1.0021079026181923,1504.1537590227376,0,4.1
L2,L2-14,core150,150,-0.5,-0.4,A,adj,8,53,2,7,apc_z,-0.0804851566384027,-0.028657009599985968,0.09624686389056904,-0.1788552419599709,-0.09237441618639258,-0.029074876090793268,0.030594775072744863,0.13495946342577678,1.0022999382480782,813.8037359986097,0,4.3
L2,L2-14,core150,150,-0.5,-0.4,A,adj,8,53,2,7,apc_s,-0.07789443566328591,0.012913786921603937,0.10475496420714402,-0.15662100431453566,-0.05887566000265923,0.012195610485182324,0.07999699099789498,0.18494632038052122,1.0022999382480782,813.8037359986097,0,4.3
L2,L2-14,core150,150,-0.5,-0.4,A,adj,8,53,2,7,bzC,-0.4,-0.13715632913755813,0.6000207671647854,-1.1468642062648717,-0.5115513467598577,-0.1262665100529333,0.23303912978936253,0.859414886449875,1.0022999382480782,813.8037359986097,0,4.3
L2,L2-14,core150,150,-0.5,-0.4,A,adj,7,43,3,7,apc_z,-0.0804851566384027,-0.07525680135803836,0.048518844367281995,-0.15977709385193012,-0.10453574655019864,-0.07477950527739871,-0.04470946079413857,0.00551720094359584,1.0026863728714246,1045.4075752590807,0,4.4
L2,L2-14,core150,150,-0.5,-0.4,A,adj,7,43,3,7,apc_s,-0.07789443566328591,-0.15365338487674812,0.053570361903381165,-0.2415326623058049,-0.18998193178784592,-0.1564495327206208,-0.11538419915999823,-0.06546184852214883,1.0026863728714246,1045.4075752590807,0,4.4
L2,L2-14,core150,150,-0.5,-0.4,A,adj,7,43,3,7,bzC,-0.4,-0.575159985683831,0.481554123969938,-1.3949146267809942,-0.8860859772597262,-0.5638321221153664,-0.25553371901762306,0.18685841339091153,1.0026863728714246,1045.4075752590807,0,4.4
L2,L2-14,core150,150,-0.5,-0.4,A,adj,9,39,4,4,apc_z,-0.0804851566384027,-0.1156822099314545,0.052650627481187,-0.20174730367642715,-0.1507519905220519,-0.1167395993244264,-0.07876752397104049,-0.029818849883844686,1.005220000173786,1316.727984907343,0,4.5
L2,L2-14,core150,150,-0.5,-0.4,A,adj,9,39,4,4,apc_s,-0.07789443566328591,0.027250243201703123,0.06007161260792792,-0.07006668439885876,-0.013204498322535344,0.02648799253456901,0.07049774943988252,0.12157779139271975,1.005220000173786,1316.727984907343,0,4.5
L2,L2-14,core150,150,-0.5,-0.4,A,adj,9,39,4,4,bzC,-0.4,-0.9215186185293744,0.5056792427161361,-1.7713172477406829,-1.2399986678438686,-0.9221838282118134,-0.6037251163325215,-0.09373835152075495,1.005220000173786,1316.727984907343,0,4.5
L2,L2-14,core150,150,-0.5,-0.4,A,adj,10,48,2,8,apc_z,-0.0804851566384027,-0.10204815626089443,0.0478114759823528,-0.18310211920714914,-0.13518047717435552,-0.10109763113076736,-0.06855592111827022,-0.026771579368940417,1.001811042789119,1488.7994539235021,0,4.3
L2,L2-14,core150,150,-0.5,-0.4,A,adj,10,48,2,8,apc_s,-0.07789443566328591,-0.08811197642166287,0.056417109892474324,-0.17976888802663188,-0.12529113868964567,-0.0889084946037389,-0.052565967776754374,0.002485160454702453,1.001811042789119,1488.7994539235021,0,4.3
L2,L2-14,core150,150,-0.5,-0.4,A,adj,10,48,2,8,bzC,-0.4,-0.5834778477987039,0.43675991047939855,-1.2963898370726734,-0.8551252064797681,-0.5779273069112458,-0.306848852957967,0.11674038823882132,1.001811042789119,1488.7994539235021,0,4.3
L2,L2-14,core150,150,-0.5,-0.4,A,adj,11,45,7,8,apc_z,-0.0804851566384027,-0.07278085837551217,0.05157771371302383,-0.16019351328648487,-0.10778351690077251,-0.0716877995838312,-0.03533128995181936,0.009708122917387912,1.0033218871894043,1233.6730946208534,0,4.2
L2,L2-14,core150,150,-0.5,-0.4,A,adj,11,45,7,8,apc_s,-0.07789443566328591,-0.05846481487828923,0.058352663789828584,-0.1516314715390776,-0.0998423194135577,-0.057461196790120954,-0.021417959059013458,0.03968756474858921,1.0033218871894043,1233.6730946208534,0,4.2
L2,L2-14,core150,150,-0.5,-0.4,A,adj,11,45,7,8,bzC,-0.4,-0.33854891669150183,0.5410429842864194,-1.2089177294281208,-0.6756527582288323,-0.32905483371726363,0.0020002702585335957,0.5485862229878522,1.0033218871894043,1233.6730946208534,0,4.2
L2,L2-14,core150,150,-0.5,-0.4,A,adj,12,47,4,10,apc_z,-0.0804851566384027,-0.11552428439881589,0.04704326195811694,-0.19590470051878142,-0.14636751837556033,-0.11330600967878904,-0.08415149707721514,-0.03983866404953398,1.0023871484157685,1394.2022049628888,0,4.2
L2,L2-14,core150,150,-0.5,-0.4,A,adj,12,47,4,10,apc_s,-0.07789443566328591,-0.05043555887254934,0.05131171784298454,-0.13603175172187557,-0.08315686869974095,-0.04975922994737836,-0.01787750780074443,0.032733236910214306,1.0023871484157685,1394.2022049628888,0,4.2
L2,L2-14,core150,150,-0.5,-0.4,A,adj,12,47,4,10,bzC,-0.4,-0.8135030213274458,0.4258443740555937,-1.5297241174554455,-1.0809014313643646,-0.8001177573590098,-0.5379660384516631,-0.14847374621139917,1.0023871484157685,1394.2022049628888,0,4.2
L2,L2-14,core150,150,-0.5,-0.4,A,adj,13,44,0,9,apc_z,-0.0804851566384027,-0.07258866081372495,0.07513131152295738,-0.19352312451034548,-0.12108321347991213,-0.07558929229458705,-0.022920129273644556,0.047379424513788126,1.0046174625121929,861.9525952853036,0,4.3
L2,L2-14,core150,150,-0.5,-0.4,A,adj,13,44,0,9,apc_s,-0.07789443566328591,-0.05902680683901832,0.08344189780455903,-0.19918823966347649,-0.11292551310203118,-0.059995799944149955,-0.0057012836687535115,0.079658820368848,1.0046174625121929,861.9525952853036,0,4.3
L2,L2-14,core150,150,-0.5,-0.4,A,adj,13,44,0,9,bzC,-0.4,-0.4872139514163662,0.5501410306473992,-1.397757208182924,-0.8267934610304841,-0.48045695155597024,-0.11862740379178772,0.3415072873527433,1.0046174625121929,861.9525952853036,0,4.3
L2,L2-14,core150,150,-0.5,-0.4,A,adj,14,47,2,7,apc_z,-0.0804851566384027,-0.08000369650349538,0.051602816190023236,-0.16384328774201845,-0.11492879522300986,-0.08183585879522368,-0.044648432390769745,0.0036085286937159204,1.0083464423991826,857.8804535061953,0,4.4
L2,L2-14,core150,150,-0.5,-0.4,A,adj,14,47,2,7,apc_s,-0.07789443566328591,-0.13314235942779354,0.060631275373673334,-0.23123052759213866,-0.17433401408616822,-0.13528944798280074,-0.09162619111137905,-0.03670542112448511,1.0083464423991826,857.8804535061953,0,4.4
L2,L2-14,core150,150,-0.5,-0.4,A,adj,14,47,2,7,bzC,-0.4,-0.5639903127611579,0.4161803704401911,-1.2840918262345176,-0.825420273266763,-0.5440217507494487,-0.28306076372026545,0.08574513678370378,1.0083464423991826,857.8804535061953,0,4.4
L2,L2-14,core150,150,-0.5,-0.4,A,adj,15,50,1,9,apc_z,-0.0804851566384027,-0.07890772047437361,0.06168799359376118,-0.18083901148356005,-0.11527876828237867,-0.07613850609870945,-0.03908807361675498,0.018579231813845357,1.0041124003593687,1066.5725275993073,0,4.5
L2,L2-14,core150,150,-0.5,-0.4,A,adj,15,50,1,9,apc_s,-0.07789443566328591,-0.13332448197981173,0.0678553272863357,-0.24616978301884515,-0.1765733589012694,-0.13329175652772002,-0.09042884647352196,-0.02090870544331858,1.0041124003593687,1066.5725275993073,0,4.5
L2,L2-14,core150,150,-0.5,-0.4,A,adj,15,50,1,9,bzC,-0.4,-0.4059288699937579,0.48249909779652356,-1.2240385134994298,-0.6998433617931152,-0.3915769135234653,-0.08742341643811713,0.36233749487148526,1.0041124003593687,1066.5725275993073,0,4.5
L2,L2-14,core150,150,-0.5,-0.4,A,adj,16,46,2,13,apc_z,-0.0804851566384027,-0.04161754279140583,0.05551899937736688,-0.13536219155591617,-0.07785744044746498,-0.04141976728623253,-0.0047203904667288184,0.04601195083543762,1.0030909930516267,1319.68219834652,0,4.7
L2,L2-14,core150,150,-0.5,-0.4,A,adj,16,46,2,13,apc_s,-0.07789443566328591,-0.11115675683531291,0.05561130140238307,-0.1960023776462113,-0.15027941543506418,-0.11095475940369624,-0.07559579182021746,-0.023471720274950127,1.0030909930516267,1319.68219834652,0,4.7
L2,L2-14,core150,150,-0.5,-0.4,A,adj,16,46,2,13,bzC,-0.4,-0.33032693736370833,0.5067919392460294,-1.1622442997657263,-0.6508123918945677,-0.31347625566517,0.007589171308196238,0.44363472747300153,1.0030909930516267,1319.68219834652,0,4.7
L2,L2-14,core150,150,-0.5,-0.4,A,adj,17,42,0,4,apc_z,-0.0804851566384027,-0.0848722103592633,0.04932883112832388,-0.17036798029797365,-0.11555478063042048,-0.08382037885519233,-0.05154964803343953,-0.0016823458167130954,1.0028794947783903,1790.727202568115,0,4.6
L2,L2-14,core150,150,-0.5,-0.4,A,adj,17,42,0,4,apc_s,-0.07789443566328591,-0.016602955722999475,0.06184218366397133,-0.11848207356365711,-0.05866925343816054,-0.015804386987442735,0.028159738184665814,0.08060933702893831,1.0028794947783903,1790.727202568115,0,4.6
L2,L2-14,core150,150,-0.5,-0.4,A,adj,17,42,0,4,bzC,-0.4,-0.4404056348618018,0.4382027206593502,-1.159804054626731,-0.7111080105027485,-0.44920281664549444,-0.17116663259407253,0.2721974292498364,1.0028794947783903,1790.727202568115,0,4.6
L2,L2-14,core150,150,-0.5,-0.4,A,adj,18,34,4,2,apc_z,-0.0804851566384027,-0.06068337772789658,0.04885377307477145,-0.1440956512088959,-0.09153455023186952,-0.059078541179782375,-0.02891746713236981,0.020105665399433578,1.00223411744852,1439.0835670570737,0,4.4
L2,L2-14,core150,150,-0.5,-0.4,A,adj,18,34,4,2,apc_s,-0.07789443566328591,-0.14482940393286406,0.050949274203840864,-0.22486918962675534,-0.1805663841260497,-0.14569230663793825,-0.1129290269812473,-0.05317473478995166,1.00223411744852,1439.0835670570737,0,4.4
L2,L2-14,core150,150,-0.5,-0.4,A,adj,18,34,4,2,bzC,-0.4,-0.4456743066279095,0.4913553105767897,-1.2413527731588176,-0.7628074119419029,-0.43790470208892374,-0.1214702467708252,0.33581775023052846,1.00223411744852,1439.0835670570737,0,4.4
L2,L2-14,core150,150,-0.5,-0.4,A,adj,19,42,5,4,apc_z,-0.0804851566384027,-0.0918014598738614,0.04032649393166609,-0.15738930583303573,-0.1186225427258294,-0.09124216384612618,-0.06547820668652085,-0.025751251163223913,1.0023139954818892,1551.3538293998363,0,4.3
L2,L2-14,core150,150,-0.5,-0.4,A,adj,19,42,5,4,apc_s,-0.07789443566328591,-0.07148851890303475,0.048584592270644746,-0.14890870237687384,-0.10357678814484687,-0.07059381092790915,-0.037372443758191334,0.0019999477920368916,1.0023139954818892,1551.3538293998363,0,4.3
L2,L2-14,core150,150,-0.5,-0.4,A,adj,19,42,5,4,bzC,-0.4,-0.6901176786014662,0.39038415198335796,-1.3539321447324797,-0.9277323572026883,-0.6801327259828529,-0.434943020808094,-0.07200760842606015,1.0023139954818892,1551.3538293998363,0,4.3
L2,L2-14,core150,150,-0.5,-0.4,A,adj,20,48,2,5,apc_z,-0.0804851566384027,-0.1955596182457787,0.051478112580989596,-0.28010673893190885,-0.22918521221593957,-0.19493452320762875,-0.16383544778793505,-0.11108909377163763,1.0034564646424622,1303.0491270426107,0,4.5
L2,L2-14,core150,150,-0.5,-0.4,A,adj,20,48,2,5,apc_s,-0.07789443566328591,-0.11310901964580856,0.05969209658982057,-0.20525681818238864,-0.15467911029408704,-0.11605774608076955,-0.07413906792213293,-0.014527205390194716,1.0034564646424622,1303.0491270426107,0,4.5
L2,L2-14,core150,150,-0.5,-0.4,A,adj,20,48,2,5,bzC,-0.4,-1.2817672080536366,0.519743636564358,-2.1446717852752872,-1.6228281548301693,-1.2651741488750576,-0.9375705738518885,-0.4593539416177464,1.0034564646424622,1303.0491270426107,0,4.5
L2,L2-14,core150,150,-0.5,-0.4,A,adj,21,48,3,6,apc_z,-0.0804851566384027,-0.08337186899882465,0.06134144722134411,-0.18943556272192005,-0.12378713480849737,-0.08162670175599979,-0.04118695843839036,0.013352801926008509,1.0042592976751064,962.2116576806487,0,4.3
L2,L2-14,core150,150,-0.5,-0.4,A,adj,21,48,3,6,apc_s,-0.07789443566328591,-0.18365856294502783,0.057371429722961755,-0.27071907242549365,-0.2228863356428757,-0.18667077939379098,-0.15019254251236525,-0.08235915220395075,1.0042592976751064,962.2116576806487,0,4.3
L2,L2-14,core150,150,-0.5,-0.4,A,adj,21,48,3,6,bzC,-0.4,-0.5830897725990064,0.5155767061243689,-1.4836915033937594,-0.9054958034542961,-0.5642006545426583,-0.23353076362718142,0.21065033267600175,1.0042592976751064,962.2116576806487,0,4.3
L2,L2-14,core150,150,-0.5,-0.4,A,adj,22,44,3,6,apc_z,-0.0804851566384027,-0.08869704835226472,0.053769034406765816,-0.1767956438870024,-0.12240261318147325,-0.08881165521182957,-0.05401341139114554,-0.002809307934769373,1.003951137057404,1296.9109071619228,0,4.3
L2,L2-14,core150,150,-0.5,-0.4,A,adj,22,44,3,6,apc_s,-0.07789443566328591,-0.0490008203229427,0.06279266038844512,-0.1488714256535002,-0.08794483704184335,-0.05077115834038276,-0.01170868607571462,0.05712463653459089,1.003951137057404,1296.9109071619228,0,4.3
L2,L2-14,core150,150,-0.5,-0.4,A,adj,22,44,3,6,bzC,-0.4,-0.540157343467288,0.4471108412583938,-1.274052543507251,-0.8257502303017774,-0.5328553897649626,-0.2498758287374075,0.1834760855904346,1.003951137057404,1296.9109071619228,0,4.3
L2,L2-14,core150,150,-0.5,-0.4,A,adj,23,37,2,7,apc_z,-0.0804851566384027,0.008997633431850685,0.05201534878778989,-0.07931265120245809,-0.02370906774183177,0.009994980288090908,0.04303876605543385,0.0937138837533643,1.0027015450190346,1476.1702096956392,0,4.2
L2,L2-14,core150,150,-0.5,-0.4,A,adj,23,37,2,7,apc_s,-0.07789443566328591,0.04104387072238568,0.0610058178228341,-0.057500004884854614,0.0017104180431870375,0.0390092166259646,0.07959601557420419,0.14412236682576357,1.0027015450190346,1476.1702096956392,0,4.2
L2,L2-14,core150,150,-0.5,-0.4,A,adj,23,37,2,7,bzC,-0.4,0.12548023277776202,0.4471648568489094,-0.584237704913509,-0.16715070507802354,0.11385296190837593,0.41982264834279287,0.8660742511257018,1.0027015450190346,1476.1702096956392,0,4.2
L2,L2-14,core150,150,-0.5,-0.4,A,adj,24,52,1,8,apc_z,-0.0804851566384027,-0.06060316579715308,0.0590703734212246,-0.15874562929335806,-0.09948924806053108,-0.06108854818699194,-0.021298298507325352,0.032322122076362515,1.0023080000774665,1207.9438136167978,0,4.3
L2,L2-14,core150,150,-0.5,-0.4,A,adj,24,52,1,8,apc_s,-0.07789443566328591,-0.07862653835343977,0.06608338338072232,-0.1814932075728824,-0.1225941437486471,-0.07779417640014888,-0.03540287192777775,0.03292117759095211,1.0023080000774665,1207.9438136167978,0,4.3
L2,L2-14,core150,150,-0.5,-0.4,A,adj,24,52,1,8,bzC,-0.4,-0.3458880479082243,0.42094953260933843,-1.0679654432416366,-0.589281970660662,-0.32740204406100726,-0.07512752020731728,0.2959364964274256,1.0023080000774665,1207.9438136167978,0,4.3
L2,L2-14,core150,150,-0.5,-0.4,A,adj,25,53,5,7,apc_z,-0.0804851566384027,-0.030810930875323418,0.06760393854506098,-0.14547931566464523,-0.07482607429754864,-0.028155551297420887,0.0130128959508447,0.07786268974415425,1.0020960251432565,1242.24797263541,0,4.4
L2,L2-14,core150,150,-0.5,-0.4,A,adj,25,53,5,7,apc_s,-0.07789443566328591,-0.062295006315286866,0.07546063454588753,-0.17978626996150143,-0.11311542745014963,-0.061736005479342396,-0.015216736613074325,0.06804811398464293,1.0020960251432565,1242.24797263541,0,4.4
L2,L2-14,core150,150,-0.5,-0.4,A,adj,25,53,5,7,bzC,-0.4,-0.0070973981227166446,0.47438897924968976,-0.7908810700937887,-0.3105959654365644,-0.002430466741264032,0.29379187230104176,0.7538132422441607,1.0020960251432565,1242.24797263541,0,4.4
L2,L2-14,core150,150,-0.5,-0.4,A,adj,26,45,3,6,apc_z,-0.0804851566384027,-0.11460918295712856,0.05355087583791012,-0.2033736158838049,-0.14833900817140935,-0.11334046637184685,-0.08001731490262749,-0.030133105784926506,1.0021022833845286,1203.262567074768,0,4.3
L2,L2-14,core150,150,-0.5,-0.4,A,adj,26,45,3,6,apc_s,-0.07789443566328591,-0.08511521174810086,0.06476060641625969,-0.1850056909823382,-0.12784548322794828,-0.08679610869516755,-0.04422015983630265,0.023088811645420353,1.0021022833845286,1203.262567074768,0,4.3
L2,L2-14,core150,150,-0.5,-0.4,A,adj,26,45,3,6,bzC,-0.4,-0.7455287308370266,0.4519128696824848,-1.5096260427365644,-1.0208658975726357,-0.7253486978100481,-0.4570210488699551,-0.0703790631741208,1.0021022833845286,1203.262567074768,0,4.3
L2,L2-14,core150,150,-0.5,-0.4,A,adj,27,54,3,9,apc_z,-0.0804851566384027,-0.09007627151975517,0.06181973303424856,-0.192718413910965,-0.13018571180100819,-0.09067203883921421,-0.046928963967250645,0.006858107598030228,1.0082524707764327,839.8413063866985,0,4.4
L2,L2-14,core150,150,-0.5,-0.4,A,adj,27,54,3,9,apc_s,-0.07789443566328591,-0.15114192700825665,0.06965276504542836,-0.260963172539966,-0.2013785534768673,-0.15493081841758194,-0.10517574782085301,-0.03526335947277566,1.0082524707764327,839.8413063866985,0,4.4
L2,L2-14,core150,150,-0.5,-0.4,A,adj,27,54,3,9,bzC,-0.4,-0.6180547714254669,0.4840863511682106,-1.4741027397820456,-0.911037564016772,-0.5959837444888163,-0.2768379960895613,0.11305182767868209,1.0082524707764327,839.8413063866985,0,4.4
L2,L2-14,core150,150,-0.5,-0.4,A,adj,28,51,2,5,apc_z,-0.0804851566384027,-0.10002918119435616,0.08052836840811048,-0.23282660464210908,-0.1493561427834218,-0.09729725065475281,-0.04560096916301144,0.025923480970795474,1.004435275802667,1040.116248365431,0,4.3
L2,L2-14,core150,150,-0.5,-0.4,A,adj,28,51,2,5,apc_s,-0.07789443566328591,-0.018615662669321294,0.09756513423837712,-0.18093248201945078,-0.0799563458245196,-0.014833205292050095,0.043323781343615086,0.1399875914786592,1.004435275802667,1040.116248365431,0,4.3
L2,L2-14,core150,150,-0.5,-0.4,A,adj,28,51,2,5,bzC,-0.4,-0.4343271821274128,0.5543708634379778,-1.3643908239905838,-0.7686161343996601,-0.4208576277191821,-0.08724944432643847,0.45742324724004924,1.004435275802667,1040.116248365431,0,4.3
L2,L2-14,core150,150,-0.5,-0.4,A,adj,29,40,4,3,apc_z,-0.0804851566384027,0.050135263557584964,0.06450659573017284,-0.05781453518740458,0.01050419323885434,0.049949837694722415,0.08793498765255564,0.1592549718433136,1.0029653731554695,1167.8444372428598,0,4.4
L2,L2-14,core150,150,-0.5,-0.4,A,adj,29,40,4,3,apc_s,-0.07789443566328591,0.017863015099086443,0.07255632905508576,-0.10947106104214535,-0.0281478986019657,0.019716453450768105,0.06424757765921418,0.14130308957928228,1.0029653731554695,1167.8444372428598,0,4.4
L2,L2-14,core150,150,-0.5,-0.4,A,adj,29,40,4,3,bzC,-0.4,0.38306249741807064,0.4800647104605491,-0.3826693224226071,0.07468791000942868,0.3814863248705713,0.6839239182628046,1.1818643864603475,1.0029653731554695,1167.8444372428598,0,4.4
L2,L2-14,core150,150,-0.5,-0.4,A,adj,30,48,2,5,apc_z,-0.0804851566384027,-0.05145325003195367,0.08153757933367416,-0.1734941010315842,-0.10835196066162171,-0.058796727697574505,0.0005625962714844268,0.0850966131178757,1.0032229484413073,867.43085187017,0,4.3
L2,L2-14,core150,150,-0.5,-0.4,A,adj,30,48,2,5,apc_s,-0.07789443566328591,-0.005253615588216451,0.09324248624169874,-0.14875327186591514,-0.07243944235696398,-0.01116613732298633,0.056327719968705725,0.15422448699259408,1.0032229484413073,867.43085187017,0,4.3
L2,L2-14,core150,150,-0.5,-0.4,A,adj,30,48,2,5,bzC,-0.4,-0.305823491065579,0.5331469470479978,-1.1654618401145171,-0.652577924179076,-0.3174951948895558,0.025710505850474658,0.5598944943280552,1.0032229484413073,867.43085187017,0,4.3
L2,L2-14,core150,150,-0.5,-0.4,A,adj,31,45,3,9,apc_z,-0.0804851566384027,-0.042058913607526976,0.050844317047334775,-0.12288254103037632,-0.07798610272911181,-0.04070470751873142,-0.007831927837323905,0.03982568724092272,1.0046126353388833,1171.7522686165103,0,4.3
L2,L2-14,core150,150,-0.5,-0.4,A,adj,31,45,3,9,apc_s,-0.07789443566328591,-0.06212586387502783,0.05654021269274758,-0.15303429384036252,-0.09903597841817476,-0.062332240524727384,-0.02400718904279857,0.031471853186913666,1.0046126353388833,1171.7522686165103,0,4.3
L2,L2-14,core150,150,-0.5,-0.4,A,adj,31,45,3,9,bzC,-0.4,-0.2611077191959554,0.44103535869721505,-0.9925794917879641,-0.5360150026462364,-0.2576777109387775,0.021398702827525456,0.4487013944710066,1.0046126353388833,1171.7522686165103,0,4.3
L2,L2-14,core150,150,-0.5,-0.4,A,adj,32,44,4,6,apc_z,-0.0804851566384027,-0.026309496166585015,0.059722638865640165,-0.1265756809047105,-0.06288467251642732,-0.02661740326228109,0.01362498037719414,0.06807769243383945,1.002070928683711,1552.7136368212123,0,4.3
L2,L2-14,core150,150,-0.5,-0.4,A,adj,32,44,4,6,apc_s,-0.07789443566328591,-0.038914630710412124,0.06930504277436098,-0.14964240428555298,-0.08595667851048716,-0.03883366695329864,0.004742075993675954,0.08048783695749429,1.002070928683711,1552.7136368212123,0,4.3
L2,L2-14,core150,150,-0.5,-0.4,A,adj,32,44,4,6,bzC,-0.4,-0.211566658892828,0.4551736360468464,-0.9631474031860253,-0.499623573297262,-0.20625728064625132,0.0799498520474789,0.5075647223608034,1.002070928683711,1552.7136368212123,0,4.3
L2,L2-14,core150,150,-0.5,-0.4,A,adj,33,44,1,8,apc_z,-0.0804851566384027,-0.08990825114898249,0.06586944549721788,-0.20274455330812233,-0.13314894185216644,-0.08657861681843929,-0.0459124110360262,0.016982002596739862,1.0010790820826665,1202.6328621978396,0,4.3
L2,L2-14,core150,150,-0.5,-0.4,A,adj,33,44,1,8,apc_s,-0.07789443566328591,-0.08700688145839477,0.0750428647586943,-0.20801511082755103,-0.1395808910917919,-0.08830143595741086,-0.035251708642894966,0.038235753550940194,1.0010790820826665,1202.6328621978396,0,4.3
L2,L2-14,core150,150,-0.5,-0.4,A,adj,33,44,1,8,bzC,-0.4,-0.5256928935779737,0.5469703082976977,-1.4628711477931178,-0.8704018301082903,-0.5145636815041847,-0.1814166747602129,0.3519652298125296,1.0010790820826665,1202.6328621978396,0,4.3
L2,L2-14,core150,150,-0.5,-0.4,A,adj,34,47,4,4,apc_z,-0.0804851566384027,-0.004043226999054525,0.06941125611241403,-0.11743843760063648,-0.0494786384947246,-0.004506002433030349,0.03951928425088233,0.10477674977191093,1.0024299737900115,1148.174697091939,0,4.3
L2,L2-14,core150,150,-0.5,-0.4,A,adj,34,47,4,4,apc_s,-0.07789443566328591,0.0008491104629901924,0.0809390268317522,-0.12605592262053816,-0.05630228260284278,0.0022329228242114058,0.05372178994223215,0.12880065167789287,1.0024299737900115,1148.174697091939,0,4.3
L2,L2-14,core150,150,-0.5,-0.4,A,adj,34,47,4,4,bzC,-0.4,-0.01322419206386785,0.49437898954019993,-0.8113413333543756,-0.33610425802852395,-0.012615289270714437,0.301197471604766,0.7794701612547063,1.0024299737900115,1148.174697091939,0,4.3
L2,L2-14,core150,150,-0.5,-0.4,A,adj,35,46,3,4,apc_z,-0.0804851566384027,-0.019734971504749677,0.054529370971548724,-0.10919829035954282,-0.055755231481421405,-0.020893751755821244,0.01749873069944045,0.061763386116622215,1.0023480663682098,1276.971890891309,0,4.5
L2,L2-14,core150,150,-0.5,-0.4,A,adj,35,46,3,4,apc_s,-0.07789443566328591,-0.10229766007496087,0.061038546698633886,-0.2015785493608251,-0.14398751236193574,-0.10225524663115232,-0.061173434260234055,-0.003887414900176252,1.0023480663682098,1276.971890891309,0,4.5
L2,L2-14,core150,150,-0.5,-0.4,A,adj,35,46,3,4,bzC,-0.4,-0.10944801011216754,0.4211419845057818,-0.7951171710917851,-0.37164755124864995,-0.1020249553187201,0.1592549917179366,0.5680956116611208,1.0023480663682098,1276.971890891309,0,4.5
L2,L2-14,core150,150,-0.5,-0.4,A,adj,36,34,1,11,apc_z,-0.0804851566384027,-0.02828095320068574,0.04179424322603821,-0.09888720340009988,-0.05270483382429089,-0.025878956510098743,-0.00042119756157526654,0.03753412759828229,1.0019059434847477,1754.9642071312676,0,4.3
L2,L2-14,core150,150,-0.5,-0.4,A,adj,36,34,1,11,apc_s,-0.07789443566328591,-0.021325469321066323,0.04375034967236261,-0.0937652422875799,-0.05103534295103003,-0.02122358167961036,0.008470784939751095,0.04553699359338626,1.0019059434847477,1754.9642071312676,0,4.3
L2,L2-14,core150,150,-0.5,-0.4,A,adj,36,34,1,11,bzC,-0.4,-0.11415838216468327,0.4308218151367532,-0.8456714193445776,-0.38358187881551703,-0.10754982816436803,0.16388185317088,0.5919741963988806,1.0019059434847477,1754.9642071312676,0,4.3
L2,L2-14,core150,150,-0.5,-0.4,A,adj,37,45,3,8,apc_z,-0.0804851566384027,-0.009807131157915741,0.04690738021205203,-0.08842037169682848,-0.04032812394056191,-0.009520216139190359,0.0217743616177306,0.067611962157143,1.0049825548425484,1657.199861732888,0,4.2
L2,L2-14,core150,150,-0.5,-0.4,A,adj,37,45,3,8,apc_s,-0.07789443566328591,-0.038984979772269696,0.052451881519330154,-0.12700835069466695,-0.07386447498603897,-0.039173886089101786,-0.0041446417282777785,0.04787589512202412,1.0049825548425484,1657.199861732888,0,4.2
L2,L2-14,core150,150,-0.5,-0.4,A,adj,37,45,3,8,bzC,-0.4,-0.02166327449956474,0.36409943426877855,-0.6210624064322703,-0.2548403646042242,-0.01933495294869563,0.21901644753793972,0.5595227605412952,1.0049825548425484,1657.199861732888,0,4.2
L2,L2-14,core150,150,-0.5,-0.4,A,adj,38,52,3,9,apc_z,-0.0804851566384027,-0.017423457858922665,0.08195312810373295,-0.15235057415767359,-0.07046036347315349,-0.017104315756993015,0.041299936575940235,0.11457586991093488,1.007447975933254,825.4431574671357,0,4.6
L2,L2-14,core150,150,-0.5,-0.4,A,adj,38,52,3,9,apc_s,-0.07789443566328591,0.026795224949885725,0.0912628472348229,-0.12915003594329044,-0.032357077779897464,0.02798071238716525,0.0867266311969509,0.17787087101785712,1.007447975933254,825.4431574671357,0,4.6
L2,L2-14,core150,150,-0.5,-0.4,A,adj,38,52,3,9,bzC,-0.4,0.04521281798615444,0.6052676845247712,-0.9473073635186006,-0.3462996963722873,0.04175454409067328,0.4264933481929336,1.0571231936113088,1.007447975933254,825.4431574671357,0,4.6
L2,L2-14,core150,150,-0.5,-0.4,A,adj,39,54,7,8,apc_z,-0.0804851566384027,0.021235312519317817,0.054835261688495174,-0.06896431777019377,-0.015068174587608042,0.02286721198170795,0.05773674430428971,0.10922427863719088,1.0030306265789757,1020.5010370791916,0,5.1
L2,L2-14,core150,150,-0.5,-0.4,A,adj,39,54,7,8,apc_s,-0.07789443566328591,0.0958760974781286,0.06257953527262056,-0.008713299551524547,0.0541601531040517,0.09672883710177016,0.14012799057022793,0.19780456169772798,1.0030306265789757,1020.5010370791916,0,5.1
L2,L2-14,core150,150,-0.5,-0.4,A,adj,39,54,7,8,bzC,-0.4,0.2310015919319851,0.42881889024867437,-0.46247136035690606,-0.052819721210146484,0.2095201926114761,0.48809654599216434,0.9661327344834321,1.0030306265789757,1020.5010370791916,0,5.1
L2,L2-14,core150,150,-0.5,-0.4,A,adj,40,51,4,6,apc_z,-0.0804851566384027,-0.1299588438823182,0.06081874296382422,-0.22869965455575497,-0.17151056131007214,-0.1291220740710033,-0.08950090380602593,-0.031203730749686784,1.002193208885567,1148.1497468374278,0,4.2
L2,L2-14,core150,150,-0.5,-0.4,A,adj,40,51,4,6,apc_s,-0.07789443566328591,-0.04190318889449485,0.07528338900298706,-0.16829056823575922,-0.09310032688192525,-0.04216598934766626,0.008989623029415698,0.08327316254576161,1.002193208885567,1148.1497468374278,0,4.2
L2,L2-14,core150,150,-0.5,-0.4,A,adj,40,51,4,6,bzC,-0.4,-0.7825885931538696,0.4477202868425835,-1.550890874767353,-1.0697158456020568,-0.7651342139448454,-0.4827316101770317,-0.07542909594922562,1.002193208885567,1148.1497468374278,0,4.2
L2,L2-14,core150,150,-0.5,-0.4,A,adj,41,51,4,3,apc_z,-0.0804851566384027,-0.09196173210258861,0.06802361301528734,-0.20301011853643067,-0.13916882242412418,-0.08985751302467476,-0.048775652568649984,0.01594067300003285,1.004136097686106,1296.848618996508,0,4.3
L2,L2-14,core150,150,-0.5,-0.4,A,adj,41,51,4,3,apc_s,-0.07789443566328591,-0.055059907435868895,0.07653001258769834,-0.1765578514431577,-0.1075801166108779,-0.057138017385015394,-0.005387838790873916,0.0707375861937467,1.004136097686106,1296.848618996508,0,4.3
L2,L2-14,core150,150,-0.5,-0.4,A,adj,41,51,4,3,bzC,-0.4,-0.5466959012614973,0.48652423706413084,-1.3632984903573497,-0.8548639736674717,-0.5324840770645334,-0.23861879023322297,0.2292292893379118,1.004136097686106,1296.848618996508,0,4.3
L2,L2-14,core150,150,-0.5,-0.4,A,adj,42,54,6,6,apc_z,-0.0804851566384027,-0.10792689923090576,0.06018639872837803,-0.20811081998062902,-0.14564308976210624,-0.10796013422890131,-0.06691121332490077,-0.011631382595098634,1.003149798993272,950.6854347635069,0,4.3
L2,L2-14,core150,150,-0.5,-0.4,A,adj,42,54,6,6,apc_s,-0.07789443566328591,-0.13751064032284524,0.06180843965568836,-0.2386624754307417,-0.181192327765412,-0.1386041553945277,-0.09854289478002232,-0.033610242427823414,1.003149798993272,950.6854347635069,0,4.3
L2,L2-14,core150,150,-0.5,-0.4,A,adj,42,54,6,6,bzC,-0.4,-0.5376812425005485,0.5132675390749891,-1.4079175324656616,-0.8561869388627228,-0.5269526553939524,-0.20679107769651073,0.293339570772116,1.003149798993272,950.6854347635069,0,4.3
L2,L2-14,core150,150,-0.5,-0.4,A,adj,43,55,4,12,apc_z,-0.0804851566384027,-0.11325603332170117,0.04703570684122788,-0.18721046427432747,-0.14598696571450726,-0.1140049469434434,-0.08267826725538094,-0.03323289929109321,1.0034044118073138,1332.6410444534602,0,4.3
L2,L2-14,core150,150,-0.5,-0.4,A,adj,43,55,4,12,apc_s,-0.07789443566328591,-0.041052333833142426,0.056024852319268015,-0.13068280817850852,-0.0757223038763761,-0.04228445115952331,-0.005539876120841293,0.050201980666576024,1.0034044118073138,1332.6410444534602,0,4.3
L2,L2-14,core150,150,-0.5,-0.4,A,adj,43,55,4,12,bzC,-0.4,-0.7352025235622253,0.37500296063557,-1.3719401400109463,-0.9703035055593789,-0.7186566537480383,-0.4937956423811097,-0.14131279079054124,1.0034044118073138,1332.6410444534602,0,4.3
L2,L2-14,core150,150,-0.5,-0.4,A,adj,44,51,2,8,apc_z,-0.0804851566384027,0.05741705026404014,0.06088964096966833,-0.03930146009875432,0.015105018394348173,0.05857635899653375,0.09941432103673978,0.15655918965671098,1.002806343209851,1174.3619121390523,0,4.1
L2,L2-14,core150,150,-0.5,-0.4,A,adj,44,51,2,8,apc_s,-0.07789443566328591,-0.0026750960573881434,0.07090606386574429,-0.11534530450670342,-0.053033002744817224,-0.0011493983664999032,0.04694527111785812,0.10597387198700482,1.002806343209851,1174.3619121390523,0,4.1
L2,L2-14,core150,150,-0.5,-0.4,A,adj,44,51,2,8,bzC,-0.4,0.36097318634006514,0.42046105658138544,-0.3026392945898127,0.08555304231235808,0.35002668901147793,0.6254982964714557,1.0413026577787106,1.002806343209851,1174.3619121390523,0,4.1
L2,L2-14,core150,150,-0.5,-0.4,A,adj,46,51,2,9,apc_z,-0.0804851566384027,-0.06554853617544242,0.044744080619993506,-0.1351700048394268,-0.09683199634202592,-0.06442652499683202,-0.03512287521789291,0.008601585723192511,1.0036110148091812,1864.4587771509425,0,4.2
L2,L2-14,core150,150,-0.5,-0.4,A,adj,46,51,2,9,apc_s,-0.07789443566328591,-0.04973628339879471,0.05499961861362089,-0.1392847637708935,-0.08792221143313417,-0.05077478257201707,-0.01309663769884134,0.039538765189948095,1.0036110148091812,1864.4587771509425,0,4.2
L2,L2-14,core150,150,-0.5,-0.4,A,adj,46,51,2,9,bzC,-0.4,-0.4150940853824399,0.3484256235552798,-0.9839013432155361,-0.6360617914717711,-0.40707550473896004,-0.19571281107199984,0.13085457394953368,1.0036110148091812,1864.4587771509425,0,4.2
L2,L2-14,core150,150,-0.5,-0.4,A,adj,45,49,3,5,apc_z,-0.0804851566384027,-0.04087316214746025,0.05069265400561587,-0.12449459136124762,-0.07417708087978757,-0.04175568193265454,-0.007685377630941848,0.04533930644021251,1.0032184493877667,1464.2483345869439,0,4.4
L2,L2-14,core150,150,-0.5,-0.4,A,adj,45,49,3,5,apc_s,-0.07789443566328591,-0.046794097365817834,0.0658193683255168,-0.1565323725616546,-0.09247820868656963,-0.0434790310138438,-0.00128277801856763,0.0574893003761291,1.0032184493877667,1464.2483345869439,0,4.4
L2,L2-14,core150,150,-0.5,-0.4,A,adj,45,49,3,5,bzC,-0.4,-0.2748883013157481,0.3724773105909993,-0.8835174643161491,-0.509301219721247,-0.2685179492368237,-0.04681099487360621,0.34653781621535884,1.0032184493877667,1464.2483345869439,0,4.4
L2,L2-14,core150,150,-0.5,-0.4,A,adj,47,46,2,5,apc_z,-0.0804851566384027,-0.07214336154560251,0.051221052282583036,-0.155217463278338,-0.10661227169077596,-0.07045915391954663,-0.039844765011732765,0.013286670543750009,1.001957843923625,1491.584300859723,0,4.1
L2,L2-14,core150,150,-0.5,-0.4,A,adj,47,46,2,5,apc_s,-0.07789443566328591,0.011149235575112224,0.07012178065250456,-0.10475681711660936,-0.034390669347835565,0.010576514953398565,0.05896351953409452,0.12046079425288121,1.001957843923625,1491.584300859723,0,4.1
L2,L2-14,core150,150,-0.5,-0.4,A,adj,47,46,2,5,bzC,-0.4,-0.46369483303326015,0.3685064936461846,-1.0785015733143328,-0.6898827227188418,-0.4486648290531007,-0.2332071465230071,0.11503300157889756,1.001957843923625,1491.584300859723,0,4.1
L2,L2-14,core150,150,-0.5,-0.4,A,adj,48,47,5,9,apc_z,-0.0804851566384027,-0.06853012425500031,0.05569559306181425,-0.1602021163583799,-0.10164060071368766,-0.06896998775693458,-0.03402146189047933,0.026310345998817927,1.0022585600297103,1119.7906301272612,0,4.3
L2,L2-14,core150,150,-0.5,-0.4,A,adj,48,47,5,9,apc_s,-0.07789443566328591,-0.05495187426255931,0.06370641041045762,-0.15668368135553776,-0.09984838113956981,-0.055567699106649826,-0.012697306526348966,0.04635869225096362,1.0022585600297103,1119.7906301272612,0,4.3
L2,L2-14,core150,150,-0.5,-0.4,A,adj,48,47,5,9,bzC,-0.4,-0.4074811227962,0.45443630853974315,-1.1485122653825446,-0.6935834663215394,-0.40776881033389334,-0.11554339862648806,0.31220254113612617,1.0022585600297103,1119.7906301272612,0,4.3
L2,L2-14,core150,150,-0.5,-0.4,A,adj,49,59,5,11,apc_z,-0.0804851566384027,-0.0874802171838281,0.06085727602817886,-0.1868910541009582,-0.12703093078164632,-0.08563505672184099,-0.046639797959851806,0.006336716242345437,1.0029474686653073,943.2702461060117,0,4.2
L2,L2-14,core150,150,-0.5,-0.4,A,adj,49,59,5,11,apc_s,-0.07789443566328591,-0.030715509691605247,0.07220013670250448,-0.14832795529222625,-0.07473109814578661,-0.03240287543868976,0.0139045596275671,0.09050409536643517,1.0029474686653073,943.2702461060117,0,4.2
L2,L2-14,core150,150,-0.5,-0.4,A,adj,49,59,5,11,bzC,-0.4,-0.44843977225031345,0.4609372215811945,-1.237044639211278,-0.7318279111111581,-0.43055519137914056,-0.15161944465217725,0.27502041198649635,1.0029474686653073,943.2702461060117,0,4.2
L2,L2-14,core150,150,-0.5,-0.4,A,adj,50,38,5,3,apc_z,-0.0804851566384027,-0.08089620169097447,0.04383434116454789,-0.15286046273681062,-0.10939153842766598,-0.08097116714666225,-0.0504422322136332,-0.011720245827596024,1.0032992828133616,1820.1754017130286,0,4.0
L2,L2-14,core150,150,-0.5,-0.4,A,adj,50,38,5,3,apc_s,-0.07789443566328591,-0.04658681958739486,0.05310190662851794,-0.13304194179282494,-0.0827697514337996,-0.047080861682406404,-0.009712328229677755,0.0366968115453522,1.0032992828133616,1820.1754017130286,0,4.0
L2,L2-14,core150,150,-0.5,-0.4,A,adj,50,38,5,3,bzC,-0.4,-0.5431200717597366,0.382419808679773,-1.182751092705586,-0.7843435116985801,-0.5362475349139348,-0.3014980382239664,0.06220490747850876,1.0032992828133616,1820.1754017130286,0,4.0
L2,L2-14,core150,150,-0.5,-0.4,A,adj,51,48,3,6,apc_z,-0.0804851566384027,-0.06853859476895502,0.05768006870408702,-0.16137692849940125,-0.10832551633443765,-0.06686622180135543,-0.02880191546582503,0.021487363509195837,1.0025126139082934,1227.7011292189202,0,4.3
L2,L2-14,core150,150,-0.5,-0.4,A,adj,51,48,3,6,apc_s,-0.07789443566328591,-0.07824090262722441,0.07173068680531472,-0.18536368180715626,-0.12665079411639701,-0.07806686419153093,-0.03311428787693922,0.041940412325851904,1.0025126139082934,1227.7011292189202,0,4.3
L2,L2-14,core150,150,-0.5,-0.4,A,adj,51,48,3,6,bzC,-0.4,-0.5754285077837296,0.47083992270460423,-1.3797550717919709,-0.8515467648502484,-0.5593468361109641,-0.2604148717504673,0.12677096856480793,1.0025126139082934,1227.7011292189202,0,4.3
L2,L2-14,core150,150,-0.5,-0.4,A,adj,52,50,3,7,apc_z,-0.0804851566384027,-0.008756315063352222,0.05276874828271643,-0.09588623487336179,-0.04482976412945508,-0.009497546517096025,0.026747042704090365,0.07997977211729622,1.002327339771267,1504.2954574378534,0,4.4
L2,L2-14,core150,150,-0.5,-0.4,A,adj,52,50,3,7,apc_s,-0.07789443566328591,0.011738982004530708,0.06743199531637457,-0.09474151033133901,-0.032133944015665744,0.00989895618211939,0.05224433028632047,0.12478519700758905,1.002327339771267,1504.2954574378534,0,4.4
L2,L2-14,core150,150,-0.5,-0.4,A,adj,52,50,3,7,bzC,-0.4,0.0013193309043626872,0.41303644190749866,-0.6470425057928008,-0.2571963466503637,-0.004901340715984196,0.25642320127919405,0.6592660708801098,1.002327339771267,1504.2954574378534,0,4.4
L2,L2-14,core150,150,-0.5,-0.4,A,adj,53,49,7,9,apc_z,-0.0804851566384027,-0.09511906659598975,0.049844655522082455,-0.17904621314293842,-0.12797980964009492,-0.09321179200231008,-0.06043233072177991,-0.015843975339945936,1.0038340219727504,1198.1074245386462,0,4.5
L2,L2-14,core150,150,-0.5,-0.4,A,adj,53,49,7,9,apc_s,-0.07789443566328591,-0.10524184368597929,0.04953685875882208,-0.18416582250433988,-0.1392643035915339,-0.10479709691769902,-0.07206427288736857,-0.023351417741258863,1.0038340219727504,1198.1074245386462,0,4.5
L2,L2-14,core150,150,-0.5,-0.4,A,adj,53,49,7,9,bzC,-0.4,-0.754333513379812,0.5069467489401068,-1.601207433599787,-1.083862875149177,-0.7351216666463172,-0.40699258974742397,0.036425871519865274,1.0038340219727504,1198.1074245386462,0,4.5
L2,L2-14,core150,150,-0.5,-0.4,A,adj,54,44,3,9,apc_z,-0.0804851566384027,-0.04271382978366775,0.04955236506694477,-0.12341344893249337,-0.07620233422106118,-0.043314846659123066,-0.011783147209614117,0.03585276432533759,1.003506688882917,994.7955203371666,0,4.2
L2,L2-14,core150,150,-0.5,-0.4,A,adj,54,44,3,9,apc_s,-0.07789443566328591,-0.07151712333948991,0.05978936578417066,-0.17090694714100044,-0.11305246442951528,-0.06988256486463171,-0.030069845746909886,0.022952376468105492,1.003506688882917,994.7955203371666,0,4.2
L2,L2-14,core150,150,-0.5,-0.4,A,adj,54,44,3,9,bzC,-0.4,-0.3696468043882022,0.4184746400771659,-1.06379623386824,-0.6344802656555661,-0.3592275807447961,-0.0974304209459351,0.28672584355003977,1.003506688882917,994.7955203371666,0,4.2
L2,L2-14,core150,150,-0.5,-0.4,A,adj,55,47,5,4,apc_z,-0.0804851566384027,-0.17447912002644214,0.051798568992231626,-0.2584993830590959,-0.21086217538922422,-0.17318685336063072,-0.1400630158448229,-0.0904427047274234,1.0009752332257136,1318.212105269062,0,4.5
L2,L2-14,core150,150,-0.5,-0.4,A,adj,55,47,5,4,apc_s,-0.07789443566328591,-0.20035409568051687,0.04475213313107929,-0.2721883376939334,-0.2309188842991988,-0.20318928411040377,-0.17113070460738863,-0.12398897290201796,1.0009752332257136,1318.212105269062,0,4.5
L2,L2-14,core150,150,-0.5,-0.4,A,adj,55,47,5,4,bzC,-0.4,-1.3719116835854293,0.5469609902147164,-2.2862097691661085,-1.7205362138471172,-1.3503724475353829,-0.9949605375577247,-0.5236510443570463,1.0009752332257136,1318.212105269062,0,4.5
L2,L2-14,core150,150,-0.5,-0.4,A,adj,56,47,4,9,apc_z,-0.0804851566384027,-0.06874799731891522,0.058747154407644796,-0.1638163312965734,-0.10754945342161051,-0.06951353232034715,-0.0269635754858483,0.024490065150826055,1.002514237554236,1307.3633639364166,0,4.3
L2,L2-14,core150,150,-0.5,-0.4,A,adj,56,47,4,9,apc_s,-0.07789443566328591,-0.040187904613690435,0.06538585076199212,-0.1446035549650995,-0.08499745539471812,-0.042035169490980996,0.004194168916270082,0.06487441056223023,1.002514237554236,1307.3633639364166,0,4.3
L2,L2-14,core150,150,-0.5,-0.4,A,adj,56,47,4,9,bzC,-0.4,-0.422733387121423,0.49708610448213814,-1.2468196587950158,-0.748539306273168,-0.4225445787599945,-0.10642845215301243,0.39590171377872413,1.002514237554236,1307.3633639364166,0,4.3
L2,L2-14,core150,150,-0.5,-0.4,A,adj,57,46,2,6,apc_z,-0.0804851566384027,-0.09664788681113476,0.06315421730787289,-0.2029283669394255,-0.13702027741493097,-0.0955828794761579,-0.0576530352567976,0.0006499242740274792,1.004026565031245,1103.604064773273,0,4.5
L2,L2-14,core150,150,-0.5,-0.4,A,adj,57,46,2,6,apc_s,-0.07789443566328591,-0.03458814312765654,0.07501677247419747,-0.15932434783090654,-0.08230390108304825,-0.03481906548812942,0.01770261694093192,0.0865187607990709,1.004026565031245,1103.604064773273,0,4.5
L2,L2-14,core150,150,-0.5,-0.4,A,adj,57,46,2,6,bzC,-0.4,-0.5683763499961265,0.4720266791079633,-1.348946308532287,-0.8356884061006596,-0.5505352279368216,-0.26415353185689283,0.14852387944847756,1.004026565031245,1103.604064773273,0,4.5
L2,L2-14,core150,150,-0.5,-0.4,A,adj,58,67,4,11,apc_z,-0.0804851566384027,0.04541778752871847,0.07856107216258316,-0.08198794790480297,-0.008555794903108552,0.04353246201070708,0.09841540617740403,0.17324901939200785,1.0048208949958046,933.2325774037066,0,4.6
L2,L2-14,core150,150,-0.5,-0.4,A,adj,58,67,4,11,apc_s,-0.07789443566328591,0.0351674550455036,0.08964752092222243,-0.12050457858481226,-0.026675880742759193,0.03627546751728103,0.09539745206851037,0.1796869836439885,1.0048208949958046,933.2325774037066,0,4.6
L2,L2-14,core150,150,-0.5,-0.4,A,adj,58,67,4,11,bzC,-0.4,0.3346257161597076,0.5188861883661399,-0.48417963229366,0.001966608111057269,0.315509835879491,0.6572931872039525,1.211698919203198,1.0048208949958046,933.2325774037066,0,4.6
L2,L2-14,core150,150,-0.5,-0.4,A,adj,59,45,4,7,apc_z,-0.0804851566384027,-0.07001044178806595,0.04947318018644529,-0.15100307481335634,-0.10282372129346203,-0.07207676645014183,-0.03932814600498327,0.015713285857697906,1.002810494993033,1258.1833058124216,0,4.6
L2,L2-14,core150,150,-0.5,-0.4,A,adj,59,45,4,7,apc_s,-0.07789443566328591,-0.0905442347192217,0.05539587287355245,-0.17699554179989424,-0.1279907728139542,-0.09216637045276226,-0.05610786554043398,0.0055019975083320195,1.002810494993033,1258.1833058124216,0,4.6
L2,L2-14,core150,150,-0.5,-0.4,A,adj,59,45,4,7,bzC,-0.4,-0.4066136910306461,0.46472320526612115,-1.1594143375304882,-0.7040754633343169,-0.40776283766132115,-0.1013506053515063,0.3454614963948562,1.002810494993033,1258.1833058124216,0,4.6
L2,L2-15,core150,150,-0.5,-0.4,B,adj,0,47,2,4,apc_z,-0.0825919216429316,-0.07856376762767783,0.05690975871301745,-0.17288461083427412,-0.1136454579294227,-0.07960415136310962,-0.04034899363165055,0.011332245621640827,1.002509093521372,1650.2002121413043,0,4.2
L2,L2-15,core150,150,-0.5,-0.4,B,adj,0,47,2,4,apc_s,-0.08029942207158229,-0.06935532083498043,0.06722097371027635,-0.1712382913370923,-0.1178322868135227,-0.07267074793472468,-0.021774071180484078,0.041314630867361625,1.002509093521372,1650.2002121413043,0,4.2
L2,L2-15,core150,150,-0.5,-0.4,B,adj,0,47,2,4,bzC,-0.4,-0.4549014010940765,0.41646544120531304,-1.1784753729377997,-0.7059393909137915,-0.4370087987865382,-0.18783580557441654,0.18393859890256453,1.002509093521372,1650.2002121413043,0,4.2
L2,L2-15,core150,150,-0.5,-0.4,B,adj,1,42,2,8,apc_z,-0.0825919216429316,-0.026406384222142993,0.05393826098893866,-0.11405568882993804,-0.06351572537255024,-0.02468965715702147,0.008686163901133113,0.06117561107855954,1.0052058614442299,1018.3983467838763,0,4.3
L2,L2-15,core150,150,-0.5,-0.4,B,adj,1,42,2,8,apc_s,-0.08029942207158229,-0.09037737635505566,0.06026967281032212,-0.18845564349937013,-0.1307733739962908,-0.09071078112119843,-0.05179134278416544,0.008827845598054006,1.0052058614442299,1018.3983467838763,0,4.3
L2,L2-15,core150,150,-0.5,-0.4,B,adj,1,42,2,8,bzC,-0.4,-0.10210494857508914,0.47933641862873533,-0.9122145416211341,-0.4038634925986875,-0.0836058758276378,0.1983763136078739,0.655503799751764,1.0052058614442299,1018.3983467838763,0,4.3
L2,L2-15,core150,150,-0.5,-0.4,B,adj,2,57,1,10,apc_z,-0.0825919216429316,-0.07319325850677377,0.05403019794049261,-0.16420022277233692,-0.1097215146822996,-0.07209353476660796,-0.037048015243112145,0.01626439210103247,1.003791453970779,1436.733660372504,0,4.4
L2,L2-15,core150,150,-0.5,-0.4,B,adj,2,57,1,10,apc_s,-0.08029942207158229,-0.0902588025030586,0.0605887107449285,-0.19012699791287557,-0.12834055959559343,-0.09204237576859314,-0.05182753336461479,0.009756728387041776,1.003791453970779,1436.733660372504,0,4.4
L2,L2-15,core150,150,-0.5,-0.4,B,adj,2,57,1,10,bzC,-0.4,-0.38043704294159403,0.4035918691956333,-1.066740601702459,-0.6386367461394472,-0.3678344354138064,-0.11701768095542747,0.2530810196029869,1.003791453970779,1436.733660372504,0,4.4
L2,L2-15,core150,150,-0.5,-0.4,B,adj,3,44,1,6,apc_z,-0.0825919216429316,0.026590841064493925,0.06527893434618208,-0.0772937728006766,-0.018077968388284057,0.027586205737948843,0.07077436168870212,0.13502739703359845,1.0029554464897803,1145.77679121709,0,4.2
L2,L2-15,core150,150,-0.5,-0.4,B,adj,3,44,1,6,apc_s,-0.08029942207158229,0.014248101029919009,0.07465774226902556,-0.10552032519028164,-0.03611896316190643,0.01750744168915464,0.06422199002849992,0.13431302560339325,1.0029554464897803,1145.77679121709,0,4.2
L2,L2-15,core150,150,-0.5,-0.4,B,adj,3,44,1,6,bzC,-0.4,0.15155918164952492,0.4604045461674817,-0.5800941836880371,-0.14541552219664278,0.14786737152488516,0.43810550342317933,0.911561215207425,1.0029554464897803,1145.77679121709,0,4.2
L2,L2-15,core150,150,-0.5,-0.4,B,adj,4,46,2,14,apc_z,-0.0825919216429316,-0.09202040521923005,0.05072919545938563,-0.16950242736601384,-0.12508877207632443,-0.09308399043664878,-0.0612599547404235,-0.010040321780191723,1.0041278016379693,1268.5414957250653,0,4.3
L2,L2-15,core150,150,-0.5,-0.4,B,adj,4,46,2,14,apc_s,-0.08029942207158229,-0.005146637988424733,0.05404622387606271,-0.09333817102571342,-0.0414043327560156,-0.008243199177260394,0.030718330897927085,0.0827326462735902,1.0041278016379693,1268.5414957250653,0,4.3
L2,L2-15,core150,150,-0.5,-0.4,B,adj,4,46,2,14,bzC,-0.4,-0.6758970233086756,0.45337404420944977,-1.4282040479636966,-0.9653731909728582,-0.6768057096700442,-0.3821630009942053,0.0723608765481837,1.0041278016379693,1268.5414957250653,0,4.3
L2,L2-15,core150,150,-0.5,-0.4,B,adj,5,57,1,8,apc_z,-0.0825919216429316,-0.04690203742256643,0.06653490605759149,-0.1582411684791249,-0.09048664619629797,-0.047179203445924536,-0.0028545528575645057,0.05739151665712905,1.0084751681952935,1222.0870361726602,0,4.4
L2,L2-15,core150,150,-0.5,-0.4,B,adj,5,57,1,8,apc_s,-0.08029942207158229,-0.03349025799804794,0.07665421806490481,-0.15777799308780247,-0.08499333673407158,-0.03501719509224948,0.018686753081908352,0.08655996425980997,1.0084751681952935,1222.0870361726602,0,4.4
L2,L2-15,core150,150,-0.5,-0.4,B,adj,5,57,1,8,bzC,-0.4,-0.13729080722377612,0.5094509802413765,-0.9863782106402688,-0.4597800357076628,-0.13765518796995035,0.18883296796272786,0.6933080331032015,1.0084751681952935,1222.0870361726602,0,4.4
L2,L2-15,core150,150,-0.5,-0.4,B,adj,6,53,3,7,apc_z,-0.0825919216429316,0.0242829390053403,0.06454228429883087,-0.08276792698011243,-0.014450211225618724,0.022674219977576838,0.06561669558923271,0.13445566636348924,1.0054146754414908,1402.073435218031,0,4.1
L2,L2-15,core150,150,-0.5,-0.4,B,adj,6,53,3,7,apc_s,-0.08029942207158229,-0.004616238320468782,0.07219928457003491,-0.12168699925339618,-0.05233250704940829,-0.005347399847010519,0.042163087385244095,0.114949611531042,1.0054146754414908,1402.073435218031,0,4.1
L2,L2-15,core150,150,-0.5,-0.4,B,adj,6,53,3,7,bzC,-0.4,0.11217322149717372,0.4024123376726298,-0.5207977242965136,-0.14051024216439684,0.10114991416662909,0.3718919539927994,0.778882354291501,1.0054146754414908,1402.073435218031,0,4.1
L2,L2-15,core150,150,-0.5,-0.4,B,adj,7,47,1,10,apc_z,-0.0825919216429316,-0.13443064917147177,0.04736525041618248,-0.21410211762405434,-0.16707575957858725,-0.13566497689212453,-0.10093204488575996,-0.05548193572861175,1.002373130655156,1190.1319400111197,0,4.2
L2,L2-15,core150,150,-0.5,-0.4,B,adj,7,47,1,10,apc_s,-0.08029942207158229,-0.12935485610194308,0.050379455166774695,-0.21202652262458363,-0.16126148041853625,-0.1301566300839889,-0.097467116621036,-0.046947326056557624,1.002373130655156,1190.1319400111197,0,4.2
L2,L2-15,core150,150,-0.5,-0.4,B,adj,7,47,1,10,bzC,-0.4,-1.0070264008369412,0.4744782865804195,-1.8166939117473169,-1.3011454158146136,-0.9771983295173814,-0.6909908948575085,-0.26986640063445144,1.002373130655156,1190.1319400111197,0,4.2
L2,L2-15,core150,150,-0.5,-0.4,B,adj,8,31,2,5,apc_z,-0.0825919216429316,-0.022302857278235493,0.045026981618313394,-0.09592236827834258,-0.05202226719275515,-0.024343239910266108,0.00741644121943609,0.05456400491148529,1.0025289048084174,1420.0927881563832,0,4.2
L2,L2-15,core150,150,-0.5,-0.4,B,adj,8,31,2,5,apc_s,-0.08029942207158229,-0.07990798480180719,0.050648307413720256,-0.1612202497059445,-0.11615846128602282,-0.07893033976784548,-0.046189870246566136,0.0029527723065513106,1.0025289048084174,1420.0927881563832,0,4.2
L2,L2-15,core150,150,-0.5,-0.4,B,adj,8,31,2,5,bzC,-0.4,-0.19574893234581603,0.4732788946886734,-0.9825415436847545,-0.4917657828606067,-0.1910343692598464,0.10467465736169954,0.5509163791213731,1.0025289048084174,1420.0927881563832,0,4.2
L2,L2-15,core150,150,-0.5,-0.4,B,adj,9,52,2,9,apc_z,-0.0825919216429316,-0.06735602219000411,0.061567849444814804,-0.16978311846907235,-0.10746901570319142,-0.06635458693482664,-0.025149567301460764,0.03640598885740321,1.001977394686961,1056.4089592479677,0,4.4
L2,L2-15,core150,150,-0.5,-0.4,B,adj,9,52,2,9,apc_s,-0.08029942207158229,-0.08431574958235968,0.07193627255109851,-0.2001124086702164,-0.1315322853076444,-0.08645085251624138,-0.03638845723395256,0.038509640811431635,1.001977394686961,1056.4089592479677,0,4.4
L2,L2-15,core150,150,-0.5,-0.4,B,adj,9,52,2,9,bzC,-0.4,-0.34792012859269333,0.48412986768209315,-1.1777504233222453,-0.6405905485441066,-0.32625648246952665,-0.03587426471161427,0.4181394406759882,1.001977394686961,1056.4089592479677,0,4.4
L2,L2-15,core150,150,-0.5,-0.4,B,adj,10,49,5,10,apc_z,-0.0825919216429316,-0.06279704208797669,0.047147526476704456,-0.14162279738644465,-0.0927598447538619,-0.06308853826748306,-0.03033259362075818,0.01251645060877964,1.0021676579082122,1216.140080370182,0,4.3
L2,L2-15,core150,150,-0.5,-0.4,B,adj,10,49,5,10,apc_s,-0.08029942207158229,-0.057159025867036244,0.052979866440377846,-0.14250269991628836,-0.0926894117311819,-0.05679032099631745,-0.01948429793859579,0.02641658255481006,1.0021676579082122,1216.140080370182,0,4.3
L2,L2-15,core150,150,-0.5,-0.4,B,adj,10,49,5,10,bzC,-0.4,-0.3204587012752536,0.462636874734162,-1.0565403278831573,-0.6176813200552945,-0.3178803040944794,-0.037444232066373276,0.4330759277969559,1.0021676579082122,1216.140080370182,0,4.3
L2,L2-15,core150,150,-0.5,-0.4,B,adj,11,45,3,4,apc_z,-0.0825919216429316,0.007926245680143553,0.05532608893234525,-0.07887442634724133,-0.02927795866563133,0.008350582169641652,0.04182022473897951,0.10375553713106772,1.0028600619858925,1453.2680092957105,0,4.3
L2,L2-15,core150,150,-0.5,-0.4,B,adj,11,45,3,4,apc_s,-0.08029942207158229,0.013872705313113494,0.0641121842360641,-0.08839403533474786,-0.027154711455433047,0.011780455607726153,0.05709901952980091,0.11785794274780183,1.0028600619858925,1453.2680092957105,0,4.3
L2,L2-15,core150,150,-0.5,-0.4,B,adj,11,45,3,4,bzC,-0.4,0.06453112103054717,0.39936296869835214,-0.5724164263187544,-0.18547187196264314,0.06403369085042415,0.3136482296409487,0.7257872075632968,1.0028600619858925,1453.2680092957105,0,4.3
L2,L2-15,core150,150,-0.5,-0.4,B,adj,12,56,0,6,apc_z,-0.0825919216429316,-0.18574691036120042,0.05734310999858215,-0.2840336796033643,-0.22164442810384918,-0.18351047983664373,-0.14739844746298697,-0.09594301244504798,1.007023746677912,924.4011301647354,0,4.3
L2,L2-15,core150,150,-0.5,-0.4,B,adj,12,56,0,6,apc_s,-0.08029942207158229,-0.12949885088613464,0.06495608485279235,-0.23729719901944643,-0.172712206020703,-0.12966776211681807,-0.08832187914599811,-0.02043930541700887,1.007023746677912,924.4011301647354,0,4.3
L2,L2-15,core150,150,-0.5,-0.4,B,adj,12,56,0,6,bzC,-0.4,-0.9880814424503493,0.48813058082609934,-1.8091064857912318,-1.2909134654647851,-0.9691121446239308,-0.67128467126797,-0.20615760915323458,1.007023746677912,924.4011301647354,0,4.3
L2,L2-15,core150,150,-0.5,-0.4,B,adj,13,53,2,7,apc_z,-0.0825919216429316,-0.13579207422593323,0.048302231575395226,-0.21371227257333797,-0.17050770758937053,-0.1354423606236091,-0.10474710668562748,-0.05466424385537403,1.0024478206860907,1569.9328355851435,0,4.3
L2,L2-15,core150,150,-0.5,-0.4,B,adj,13,53,2,7,apc_s,-0.08029942207158229,-0.006452536183395777,0.061058259755981635,-0.10030710882035018,-0.049079350965371915,-0.0072378843671681865,0.03491681303476449,0.09313181171170086,1.0024478206860907,1569.9328355851435,0,4.3
L2,L2-15,core150,150,-0.5,-0.4,B,adj,13,53,2,7,bzC,-0.4,-0.8519347366327028,0.4011483957438844,-1.5326107970295815,-1.1037758307208028,-0.835534081181123,-0.5945754661407057,-0.2268439914110042,1.0024478206860907,1569.9328355851435,0,4.3
L2,L2-15,core150,150,-0.5,-0.4,B,adj,14,53,1,12,apc_z,-0.0825919216429316,-0.02107595884458551,0.06371634783934885,-0.12757298134209047,-0.061259537884670506,-0.02120927993702198,0.022538405590434036,0.08320016912563602,1.0024984747194443,1079.1881916918376,0,4.6
L2,L2-15,core150,150,-0.5,-0.4,B,adj,14,53,1,12,apc_s,-0.08029942207158229,-0.0635160181782307,0.07121646305144304,-0.17550797309524385,-0.11484642398149958,-0.06576151526189883,-0.014480961772774938,0.05445199344245624,1.0024984747194443,1079.1881916918376,0,4.6
L2,L2-15,core150,150,-0.5,-0.4,B,adj,14,53,1,12,bzC,-0.4,-0.16696316866700578,0.4664210076798934,-0.9598880179712235,-0.451602469934773,-0.1527370831365144,0.14574123986401516,0.5517518068779015,1.0024984747194443,1079.1881916918376,0,4.6
L2,L2-15,core150,150,-0.5,-0.4,B,adj,15,43,4,7,apc_z,-0.0825919216429316,-0.0516350152480731,0.05028730050876778,-0.13659592173327798,-0.08381930254578927,-0.04840958428796123,-0.016322626596149786,0.02486735215565248,1.0032754723779775,1271.0221185304154,0,4.1
L2,L2-15,core150,150,-0.5,-0.4,B,adj,15,43,4,7,apc_s,-0.08029942207158229,-0.08067507611164436,0.057139176413769976,-0.17874117516620966,-0.11821817418346306,-0.080572521829636,-0.03976261035286354,0.010160794923729061,1.0032754723779775,1271.0221185304154,0,4.1
L2,L2-15,core150,150,-0.5,-0.4,B,adj,15,43,4,7,bzC,-0.4,-0.3310532907871693,0.4281802665782758,-1.0508418058552562,-0.5927465643225373,-0.30901667541578726,-0.04845423144882907,0.31550174983481105,1.0032754723779775,1271.0221185304154,0,4.1
L2,L2-15,core150,150,-0.5,-0.4,B,adj,16,40,2,6,apc_z,-0.0825919216429316,-0.04444395841837855,0.051654951752607835,-0.1247866666889045,-0.07769648421658096,-0.042590557471165046,-0.01086719742417369,0.03595963341764148,1.0021202900075956,1707.5978520906824,0,4.2
L2,L2-15,core150,150,-0.5,-0.4,B,adj,16,40,2,6,apc_s,-0.08029942207158229,-0.002981114169046418,0.06068320439799847,-0.10040536672165253,-0.04669293712850757,-0.003047191572665399,0.035007595922161086,0.098972136418362,1.0021202900075956,1707.5978520906824,0,4.2
L2,L2-15,core150,150,-0.5,-0.4,B,adj,16,40,2,6,bzC,-0.4,-0.23541011278049398,0.4393107032087145,-0.9515568960282688,-0.5218435412698667,-0.22948849705507268,0.03772105404467771,0.46950683760749684,1.0021202900075956,1707.5978520906824,0,4.2
L2,L2-15,core150,150,-0.5,-0.4,B,adj,17,44,1,10,apc_z,-0.0825919216429316,-0.04007827843036808,0.04414279563325767,-0.11092672149255021,-0.06940308023172283,-0.04065742217286393,-0.011121477252612122,0.02967472369521285,1.0035699218601737,1785.3413717100757,0,4.3
L2,L2-15,core150,150,-0.5,-0.4,B,adj,17,44,1,10,apc_s,-0.08029942207158229,-0.020289639624938828,0.05383121040660238,-0.11137900303452386,-0.05503423150220173,-0.02027184555952207,0.01609080044581158,0.06883762955314797,1.0035699218601737,1785.3413717100757,0,4.3
L2,L2-15,core150,150,-0.5,-0.4,B,adj,17,44,1,10,bzC,-0.4,-0.25256415185366066,0.4096912216661797,-0.9193821312871536,-0.5108686270074906,-0.2548418424766643,0.004481793675311277,0.4160904711866956,1.0035699218601737,1785.3413717100757,0,4.3
L2,L2-15,core150,150,-0.5,-0.4,B,adj,18,45,4,6,apc_z,-0.0825919216429316,0.006427429257314225,0.05874663623112732,-0.0844470670783294,-0.03010995155480091,0.004138112322178123,0.04416320003871376,0.10258091551232676,1.0037147346683462,1290.3382012427448,0,4.5
L2,L2-15,core150,150,-0.5,-0.4,B,adj,18,45,4,6,apc_s,-0.08029942207158229,0.02336538369847976,0.06864289893847884,-0.08786544137979824,-0.019091174551627385,0.023022215291855372,0.06762282788390356,0.1389025021326556,1.0037147346683462,1290.3382012427448,0,4.5
L2,L2-15,core150,150,-0.5,-0.4,B,adj,18,45,4,6,bzC,-0.4,0.056933492176904694,0.45327394073081667,-0.6879678053985581,-0.22342179231958725,0.04875867149173272,0.3442259420490665,0.8083295691636231,1.0037147346683462,1290.3382012427448,0,4.5
L2,L2-15,core150,150,-0.5,-0.4,B,adj,19,50,8,6,apc_z,-0.0825919216429316,-0.06339449306189288,0.05194307930395135,-0.14710823885858712,-0.09970295415730854,-0.06372328688088741,-0.02678738157324948,0.02238876852343402,1.002366634321053,1472.949677868927,0,4.6
L2,L2-15,core150,150,-0.5,-0.4,B,adj,19,50,8,6,apc_s,-0.08029942207158229,-0.03960037378238186,0.05825324075416334,-0.13238795568689798,-0.08038318849343554,-0.04204598247142295,-0.002517779148827472,0.05738030601035621,1.002366634321053,1472.949677868927,0,4.6
L2,L2-15,core150,150,-0.5,-0.4,B,adj,19,50,8,6,bzC,-0.4,-0.3530694376178979,0.4948724864947524,-1.1838361946777007,-0.654074565332844,-0.3522111999351905,-0.04805502000348734,0.45620503330684664,1.002366634321053,1472.949677868927,0,4.6
L2,L2-15,core150,150,-0.5,-0.4,B,adj,20,47,5,7,apc_z,-0.0825919216429316,0.04320725005753853,0.04641529641100434,-0.03298513308120003,0.012143047957607348,0.044000582280504436,0.07338228730845116,0.11578792488850771,1.0031379485095808,1536.254241683084,0,4.6
L2,L2-15,core150,150,-0.5,-0.4,B,adj,20,47,5,7,apc_s,-0.08029942207158229,0.04793646034655619,0.05242104989598567,-0.04197661979043569,0.01385868296966683,0.047943828244053036,0.08325795914227105,0.13149059176552516,1.0031379485095808,1536.254241683084,0,4.6
L2,L2-15,core150,150,-0.5,-0.4,B,adj,20,47,5,7,bzC,-0.4,0.21380971255266967,0.4143227223089814,-0.4630349269379046,-0.043868443874267714,0.22277504042394167,0.4787825325359116,0.8862041562917339,1.0031379485095808,1536.254241683084,0,4.6
L2,L2-15,core150,150,-0.5,-0.4,B,adj,21,52,4,9,apc_z,-0.0825919216429316,-0.10750964335615293,0.05533790652563304,-0.19738064749441142,-0.14544278009549896,-0.10705019879284167,-0.0714097436310097,-0.0175595781851359,1.002479106098828,1346.8616643674031,0,4.3
L2,L2-15,core150,150,-0.5,-0.4,B,adj,21,52,4,9,apc_s,-0.08029942207158229,-0.08347286350713207,0.061610635413543655,-0.18221303658436624,-0.1260319710057029,-0.08584082545601168,-0.044241982209852294,0.015532629129482686,1.002479106098828,1346.8616643674031,0,4.3
L2,L2-15,core150,150,-0.5,-0.4,B,adj,21,52,4,9,bzC,-0.4,-0.6522866064491072,0.4439417028990359,-1.4065603019590063,-0.9341837725554016,-0.6324830041674543,-0.34861081597803645,0.027037056874430563,1.002479106098828,1346.8616643674031,0,4.3
L2,L2-15,core150,150,-0.5,-0.4,B,adj,22,41,2,4,apc_z,-0.0825919216429316,-0.09246826241949326,0.04952733623043207,-0.1712632566980205,-0.12662547889662254,-0.09128321621061383,-0.05777730203344807,-0.015882381534304248,1.0030535010436255,1588.5099748683137,0,4.2
L2,L2-15,core150,150,-0.5,-0.4,B,adj,22,41,2,4,apc_s,-0.08029942207158229,-0.08915236134159814,0.05461165765015846,-0.17760961232164904,-0.12447756994603326,-0.09099841140275919,-0.05298812734940524,0.001492854466761422,1.0030535010436255,1588.5099748683137,0,4.2
L2,L2-15,core150,150,-0.5,-0.4,B,adj,22,41,2,4,bzC,-0.4,-0.6305766543919646,0.4327981927834708,-1.35606197172359,-0.8910726327082815,-0.6147256156436143,-0.34154095506694315,0.029335583083486057,1.0030535010436255,1588.5099748683137,0,4.2
L2,L2-15,core150,150,-0.5,-0.4,B,adj,23,47,0,8,apc_z,-0.0825919216429316,-0.012012568072911303,0.06076128714220456,-0.10976078929301858,-0.05165804816291405,-0.010552270833731047,0.028412690859627904,0.08582652491184725,1.0026418739745793,1102.3965691120504,0,4.4
L2,L2-15,core150,150,-0.5,-0.4,B,adj,23,47,0,8,apc_s,-0.08029942207158229,-0.03818440598013609,0.06998778767153371,-0.15111286068266044,-0.08361540900132237,-0.036581447028034765,0.00880532234129669,0.0748847583085243,1.0026418739745793,1102.3965691120504,0,4.4
L2,L2-15,core150,150,-0.5,-0.4,B,adj,23,47,0,8,bzC,-0.4,0.0024997258966833833,0.4974426439161034,-0.8149553948078614,-0.3010819927092863,0.008282242844712455,0.31544946423549564,0.8066963580864249,1.0026418739745793,1102.3965691120504,0,4.4
L2,L2-15,core150,150,-0.5,-0.4,B,adj,24,40,7,4,apc_z,-0.0825919216429316,-0.008073379812549419,0.03811211721314178,-0.06867540843594662,-0.03437247094769425,-0.008472840606392376,0.01815967481274835,0.05724357049914479,1.0018374463686017,1569.1932502110765,0,4.2
L2,L2-15,core150,150,-0.5,-0.4,B,adj,24,40,7,4,apc_s,-0.08029942207158229,-0.002908912369861556,0.04472181984062942,-0.07837927440470369,-0.033656810613642264,-0.002184347155149132,0.02816095162824194,0.07190650759715653,1.0018374463686017,1569.1932502110765,0,4.2
L2,L2-15,core150,150,-0.5,-0.4,B,adj,24,40,7,4,bzC,-0.4,-0.050481880875134576,0.3697760331228146,-0.6292312277571863,-0.29417054505162327,-0.054971775691611456,0.18388148156714806,0.5474028184352401,1.0018374463686017,1569.1932502110765,0,4.2
L2,L2-15,core150,150,-0.5,-0.4,B,adj,25,46,3,9,apc_z,-0.0825919216429316,-0.1046999734524982,0.061219302492529194,-0.20753984653736487,-0.14303912234931276,-0.10409919778327369,-0.06265420511088936,-0.011318690093470788,1.0032878804603065,1087.6448074156617,0,4.4
L2,L2-15,core150,150,-0.5,-0.4,B,adj,25,46,3,9,apc_s,-0.08029942207158229,-0.10141611796659966,0.06584564735844303,-0.20635707512724616,-0.14543267916389838,-0.10317410446782174,-0.060479180010974895,0.008161124609036606,1.0032878804603065,1087.6448074156617,0,4.4
L2,L2-15,core150,150,-0.5,-0.4,B,adj,25,46,3,9,bzC,-0.4,-0.6754687960524717,0.5132497420306606,-1.5692329454091858,-0.9844699668568379,-0.6509389729668302,-0.34223408098748265,0.12475531782129241,1.0032878804603065,1087.6448074156617,0,4.4
L2,L2-15,core150,150,-0.5,-0.4,B,adj,26,45,2,4,apc_z,-0.0825919216429316,-0.046977383604686375,0.07232279087109134,-0.16463209264530748,-0.09343871059246818,-0.047116780085317285,-0.0005345974137716057,0.06716795407553702,1.0015095252086739,1113.0072157076352,0,4.3
L2,L2-15,core150,150,-0.5,-0.4,B,adj,26,45,2,4,apc_s,-0.08029942207158229,-0.04966523552518754,0.08050198866739998,-0.1744530016969588,-0.10037542081236506,-0.05446876507736953,-0.00045195578464014813,0.08753007934632295,1.0015095252086739,1113.0072157076352,0,4.3
L2,L2-15,core150,150,-0.5,-0.4,B,adj,26,45,2,4,bzC,-0.4,-0.22072980272733692,0.5009265103576804,-1.0911829613675021,-0.5288708331052641,-0.21052074658868458,0.09554833791131441,0.5702707262861302,1.0015095252086739,1113.0072157076352,0,4.3
L2,L2-15,core150,150,-0.5,-0.4,B,adj,27,50,0,12,apc_z,-0.0825919216429316,-0.14003476718047375,0.060309650720883345,-0.24032535812956732,-0.1777745818716265,-0.14195086689875674,-0.09950894322541484,-0.04263042357743648,1.00459126722167,949.9425318309598,0,4.4
L2,L2-15,core150,150,-0.5,-0.4,B,adj,27,50,0,12,apc_s,-0.08029942207158229,-0.08992537261905661,0.06850072620191078,-0.19804861040755692,-0.1388997404374462,-0.09119812421930568,-0.04547409546453786,0.022540397214150278,1.00459126722167,949.9425318309598,0,4.4
L2,L2-15,core150,150,-0.5,-0.4,B,adj,27,50,0,12,bzC,-0.4,-0.872933557047547,0.5133553196404946,-1.7301551703434186,-1.187239810006848,-0.847154816084987,-0.534942025495057,-0.08708305660489254,1.00459126722167,949.9425318309598,0,4.4
L2,L2-15,core150,150,-0.5,-0.4,B,adj,28,53,4,6,apc_z,-0.0825919216429316,-0.07448571049472681,0.0711425862762798,-0.19234829069686193,-0.1203368933880648,-0.07246680157573793,-0.02719870457425432,0.03905703001170744,1.003083021195385,1057.2814049734425,0,4.3
L2,L2-15,core150,150,-0.5,-0.4,B,adj,28,53,4,6,apc_s,-0.08029942207158229,-0.05471109652390668,0.07531639793144891,-0.17773792427521837,-0.10568020117559035,-0.05359803305251881,-0.00522282840927561,0.07312062320146472,1.003083021195385,1057.2814049734425,0,4.3
L2,L2-15,core150,150,-0.5,-0.4,B,adj,28,53,4,6,bzC,-0.4,-0.42630585176489605,0.5176681225574009,-1.3011040175394826,-0.7500497679240665,-0.40315573622311707,-0.07949661388487307,0.37868453378570693,1.003083021195385,1057.2814049734425,0,4.3
L2,L2-15,core150,150,-0.5,-0.4,B,adj,29,51,4,8,apc_z,-0.0825919216429316,-0.04561317736342013,0.05353103280380965,-0.13778208749624837,-0.08056934383759962,-0.04304697039455056,-0.007359219059099432,0.03928464534316499,1.003363625638945,1352.239663304591,0,4.4
L2,L2-15,core150,150,-0.5,-0.4,B,adj,29,51,4,8,apc_s,-0.08029942207158229,-0.03911817751084468,0.06437764319903146,-0.14586046485757717,-0.08225363813928961,-0.03665120352533374,0.004801950336773461,0.06150920486359636,1.003363625638945,1352.239663304591,0,4.4
L2,L2-15,core150,150,-0.5,-0.4,B,adj,29,51,4,8,bzC,-0.4,-0.23618773374251606,0.40415909131221156,-0.9137917534019975,-0.483069735387135,-0.2245094914451734,0.027928082484688067,0.39744870179245223,1.003363625638945,1352.239663304591,0,4.4
L2,L2-15,core150,150,-0.5,-0.4,B,adj,30,56,4,10,apc_z,-0.0825919216429316,-0.009393448665629816,0.05277102450163925,-0.09291024416436912,-0.044939285681876696,-0.010575359794708623,0.02394937231238964,0.0812905771603053,1.0041707574493977,1368.7043099965074,0,4.4
L2,L2-15,core150,150,-0.5,-0.4,B,adj,30,56,4,10,apc_s,-0.08029942207158229,0.004849714015872156,0.060452418876774536,-0.09444153051355221,-0.03464267448228185,0.004716313954022406,0.042244170655568784,0.10025638806318247,1.0041707574493977,1368.7043099965074,0,4.4
L2,L2-15,core150,150,-0.5,-0.4,B,adj,30,56,4,10,bzC,-0.4,0.12202461343621451,0.5242795335066354,-0.6876812151900223,-0.22859007283578303,0.09994833439827693,0.45358539911026574,1.011230454836352,1.0041707574493977,1368.7043099965074,0,4.4
L2,L2-15,core150,150,-0.5,-0.4,B,adj,31,36,2,6,apc_z,-0.0825919216429316,-0.0748853102251632,0.04416173796538368,-0.14869039094966555,-0.10559203202055013,-0.07454825283019217,-0.04543206587261836,-0.0011158946135279096,1.0024264454604146,1470.2385683601167,0,4.4
L2,L2-15,core150,150,-0.5,-0.4,B,adj,31,36,2,6,apc_s,-0.08029942207158229,-0.011540766442543794,0.05467143357711012,-0.10339235957784436,-0.045523038806940884,-0.012093776052615423,0.024569875526765816,0.08077828162005528,1.0024264454604146,1470.2385683601167,0,4.4
L2,L2-15,core150,150,-0.5,-0.4,B,adj,31,36,2,6,bzC,-0.4,-0.5729703308206273,0.4139928148324611,-1.262987278131409,-0.8403123194752068,-0.5635576764338505,-0.306528294581099,0.09209651787117358,1.0024264454604146,1470.2385683601167,0,4.4
L2,L2-15,core150,150,-0.5,-0.4,B,adj,32,44,4,5,apc_z,-0.0825919216429316,-0.17578384896357552,0.04682072920900695,-0.25324252326224994,-0.20641642339646846,-0.1757717812721672,-0.14331759772490238,-0.09691518544801006,1.0080142733653117,1150.8877259944486,0,4.5
L2,L2-15,core150,150,-0.5,-0.4,B,adj,32,44,4,5,apc_s,-0.08029942207158229,-0.1103698025489195,0.05154972287126394,-0.18981485193284595,-0.1442219726334996,-0.11313624361488972,-0.07960358990051665,-0.02344322038194635,1.0080142733653117,1150.8877259944486,0,4.5
L2,L2-15,core150,150,-0.5,-0.4,B,adj,32,44,4,5,bzC,-0.4,-1.2537062310721117,0.49610724416043,-2.0855778755648884,-1.5663511887151917,-1.2314376228154162,-0.9113649293842718,-0.48954355343033534,1.0080142733653117,1150.8877259944486,0,4.5
L2,L2-15,core150,150,-0.5,-0.4,B,adj,33,53,4,8,apc_z,-0.0825919216429316,-0.08746745720967418,0.05270617714439581,-0.17499434123881763,-0.12136519389935904,-0.0861324932713761,-0.052712749502892814,-0.00368034959944621,1.0022560632395827,1355.3407084137045,0,4.5
L2,L2-15,core150,150,-0.5,-0.4,B,adj,33,53,4,8,apc_s,-0.08029942207158229,-0.08214761693802346,0.058241044881411345,-0.176866663565392,-0.12307256118110274,-0.08187119319180576,-0.04362707333859381,0.015677633564503676,1.0022560632395827,1355.3407084137045,0,4.5
L2,L2-15,core150,150,-0.5,-0.4,B,adj,33,53,4,8,bzC,-0.4,-0.6332847798773561,0.44806449657597514,-1.4177755579441798,-0.8958401226412012,-0.6006371509053392,-0.3361933179224318,0.04457337333569648,1.0022560632395827,1355.3407084137045,0,4.5
L2,L2-15,core150,150,-0.5,-0.4,B,adj,34,47,3,3,apc_z,-0.0825919216429316,-0.10335621104466401,0.08134766700159773,-0.22778636834264246,-0.1572416122317935,-0.10884166028093276,-0.051194911588340705,0.0319073400794211,1.0056583192378332,1110.2274247938365,0,4.5
L2,L2-15,core150,150,-0.5,-0.4,B,adj,34,47,3,3,apc_s,-0.08029942207158229,-0.08709729123198576,0.08943477200729139,-0.21936734962713308,-0.1503581032138323,-0.09212812784308605,-0.0317318710771687,0.06801530088464484,1.0056583192378332,1110.2274247938365,0,4.5
L2,L2-15,core150,150,-0.5,-0.4,B,adj,34,47,3,3,bzC,-0.4,-0.48011961544580717,0.5762175562656706,-1.4349931905647861,-0.8578240462272899,-0.46687381935268557,-0.10149337362619025,0.4308746059257947,1.0056583192378332,1110.2274247938365,0,4.5
L2,L2-15,core150,150,-0.5,-0.4,B,adj,35,49,3,5,apc_z,-0.0825919216429316,-0.02774350037960683,0.053599795824230426,-0.11852490077487818,-0.06180467920510034,-0.027832580335628007,0.007572176432754382,0.05905782295471242,1.0020327119853634,1734.3435318541203,0,4.6
L2,L2-15,core150,150,-0.5,-0.4,B,adj,35,49,3,5,apc_s,-0.08029942207158229,0.015325382478764247,0.06568966245857857,-0.09258326594627783,-0.027660421048554942,0.0156797537271383,0.05765685307485512,0.12042861197816844,1.0020327119853634,1734.3435318541203,0,4.6
L2,L2-15,core150,150,-0.5,-0.4,B,adj,35,49,3,5,bzC,-0.4,-0.1566344783812923,0.3737947757861443,-0.7783097674269003,-0.38282888585645153,-0.1518894252784881,0.07586143258039885,0.44997781189825925,1.0020327119853634,1734.3435318541203,0,4.6
L2,L2-15,core150,150,-0.5,-0.4,B,adj,36,49,6,7,apc_z,-0.0825919216429316,0.023044309878092327,0.05230361489293453,-0.0642266260695688,-0.010374934969242978,0.02317745589712199,0.06003716291450277,0.10522688905145748,1.0027417645185268,1110.6501564741031,0,4.9
L2,L2-15,core150,150,-0.5,-0.4,B,adj,36,49,6,7,apc_s,-0.08029942207158229,-0.012367726499690194,0.06133765444927003,-0.11499980202899918,-0.0511970056379011,-0.010780500036516824,0.02586720287365669,0.086163480235761,1.0027417645185268,1110.6501564741031,0,4.9
L2,L2-15,core150,150,-0.5,-0.4,B,adj,36,49,6,7,bzC,-0.4,0.019693198052051514,0.40960603181756533,-0.6625641220773295,-0.2364291441704428,0.028854017309450298,0.27854757534799135,0.6779218242910795,1.0027417645185268,1110.6501564741031,0,4.9
L2,L2-15,core150,150,-0.5,-0.4,B,adj,37,52,6,4,apc_z,-0.0825919216429316,-0.15756542592426978,0.07391898008474768,-0.27815852615884795,-0.20726365308453665,-0.1601258150706324,-0.10844448179088934,-0.0344787588085085,1.006035737976871,863.9281760549575,0,4.7
L2,L2-15,core150,150,-0.5,-0.4,B,adj,37,52,6,4,apc_s,-0.08029942207158229,-0.12132944764502693,0.08065599874359775,-0.24476792815028225,-0.17690169569397066,-0.1255893221471276,-0.06792450011588501,0.012946581964031706,1.006035737976871,863.9281760549575,0,4.7
L2,L2-15,core150,150,-0.5,-0.4,B,adj,37,52,6,4,bzC,-0.4,-0.950681543026828,0.5507534693239623,-1.9131750709382538,-1.2955702573289518,-0.928708935044686,-0.5743766824141492,-0.09563723088763625,1.006035737976871,863.9281760549575,0,4.7
L2,L2-15,core150,150,-0.5,-0.4,B,adj,38,51,6,4,apc_z,-0.0825919216429316,-0.03105549786784496,0.07432434791940203,-0.15183314113982524,-0.07665849246675177,-0.029029128021906766,0.017417377067103255,0.08664597327448305,1.0040328240109737,1041.2393363778508,0,4.7
L2,L2-15,core150,150,-0.5,-0.4,B,adj,38,51,6,4,apc_s,-0.08029942207158229,-0.06743999031383575,0.08114649149910719,-0.19617526822699968,-0.11996205121941798,-0.07072414629169166,-0.019177732240848545,0.06775880568735211,1.0040328240109737,1041.2393363778508,0,4.7
L2,L2-15,core150,150,-0.5,-0.4,B,adj,38,51,6,4,bzC,-0.4,-0.1488666161368156,0.5165594987267981,-1.0012433672562606,-0.46658062820427987,-0.1464344052349339,0.17711013809506088,0.6981161721630591,1.0040328240109737,1041.2393363778508,0,4.7
L2,L2-15,core150,150,-0.5,-0.4,B,adj,39,51,4,6,apc_z,-0.0825919216429316,-0.1165201233702875,0.05551003278548515,-0.2064669057140548,-0.15226564531720696,-0.11545301930265552,-0.08000155271596232,-0.03107470719313744,1.0015637382447564,1324.6664083614608,0,4.6
L2,L2-15,core150,150,-0.5,-0.4,B,adj,39,51,4,6,apc_s,-0.08029942207158229,-0.08791663928566902,0.060764813049220864,-0.18497482109569388,-0.12798063916039992,-0.08828402197096655,-0.05277004062221969,0.010600111330026673,1.0015637382447564,1324.6664083614608,0,4.6
L2,L2-15,core150,150,-0.5,-0.4,B,adj,39,51,4,6,bzC,-0.4,-0.7163657206442156,0.4488360874659975,-1.4519189554193368,-1.0026712621265004,-0.7101256554775316,-0.4289041312690912,-0.0010402451634688888,1.0015637382447564,1324.6664083614608,0,4.6
L2,L2-15,core150,150,-0.5,-0.4,B,adj,40,55,2,13,apc_z,-0.0825919216429316,0.011672222773606841,0.08023192446165156,-0.11035962429142365,-0.03978130270995835,0.006854843396516023,0.06244312013143439,0.1451774758743539,1.0048289530366596,540.6675606785735,0,4.7
L2,L2-15,core150,150,-0.5,-0.4,B,adj,40,55,2,13,apc_s,-0.08029942207158229,0.002190132718455525,0.08682118629950274,-0.13140048511362884,-0.056612966101103265,-0.002268892304645986,0.057111447510211064,0.15202741668658915,1.0048289530366596,540.6675606785735,0,4.7
L2,L2-15,core150,150,-0.5,-0.4,B,adj,40,55,2,13,bzC,-0.4,-0.018457163840745566,0.5790268045673448,-0.9172329688119928,-0.383141187925384,-0.04946515304554354,0.33521059067862674,0.9414415558261348,1.0048289530366596,540.6675606785735,0,4.7
L2,L2-15,core150,150,-0.5,-0.4,B,adj,41,51,5,5,apc_z,-0.0825919216429316,-0.09827839584657098,0.053964308815871595,-0.18661385135690686,-0.13339002134290126,-0.09825128524508195,-0.06390405507327775,-0.007707903221561822,1.0027212344635639,1326.4902125971078,0,4.6
L2,L2-15,core150,150,-0.5,-0.4,B,adj,41,51,5,5,apc_s,-0.08029942207158229,-0.0491905982579002,0.06687424919507615,-0.15588574978212533,-0.09313469215952644,-0.04745440950021576,-0.0053884298141604605,0.0594402711095531,1.0027212344635639,1326.4902125971078,0,4.6
L2,L2-15,core150,150,-0.5,-0.4,B,adj,41,51,5,5,bzC,-0.4,-0.5057658627333728,0.42770903707218,-1.2138828347171915,-0.7678048801543851,-0.49145646271395566,-0.23662896766263175,0.17504502618504594,1.0027212344635639,1326.4902125971078,0,4.6
L2,L2-15,core150,150,-0.5,-0.4,B,adj,42,43,1,7,apc_z,-0.0825919216429316,-0.05050321738017303,0.05639364056186934,-0.1400814452294078,-0.09023909351371556,-0.048863194368424304,-0.010096989943824861,0.03725117099432758,1.0029896984502995,1361.9652899584503,0,4.5
L2,L2-15,core150,150,-0.5,-0.4,B,adj,42,43,1,7,apc_s,-0.08029942207158229,-0.10226331064934545,0.059644834901638785,-0.19958857625024956,-0.14398747423273656,-0.10301499355561777,-0.06321128210053067,-0.007609127183459341,1.0029896984502995,1361.9652899584503,0,4.5
L2,L2-15,core150,150,-0.5,-0.4,B,adj,42,43,1,7,bzC,-0.4,-0.09692276158198415,0.5129059727624915,-0.9353514067933799,-0.4273972115580405,-0.09032844387595922,0.23147960458779307,0.7375805552429038,1.0029896984502995,1361.9652899584503,0,4.5
L2,L2-15,core150,150,-0.5,-0.4,B,adj,43,63,3,9,apc_z,-0.0825919216429316,-0.0845581858357185,0.08603443388477172,-0.22026390723889905,-0.14362270435948607,-0.08350111235953137,-0.02786790143278746,0.05752675377512412,1.0019980649097895,879.4102126858262,0,4.5
L2,L2-15,core150,150,-0.5,-0.4,B,adj,43,63,3,9,apc_s,-0.08029942207158229,-0.05633481906369015,0.09637517693895434,-0.2146312467173244,-0.11735360808110942,-0.06358557378987986,0.009503790326740756,0.10574282995305509,1.0019980649097895,879.4102126858262,0,4.5
L2,L2-15,core150,150,-0.5,-0.4,B,adj,43,63,3,9,bzC,-0.4,-0.4072063602327433,0.5913385575636884,-1.3960222201089159,-0.7776296788113685,-0.3979959083004184,-0.03617642107104213,0.559326156133597,1.0019980649097895,879.4102126858262,0,4.5
L2,L2-15,core150,150,-0.5,-0.4,B,adj,44,55,5,11,apc_z,-0.0825919216429316,-0.07572925754879425,0.04803280950969453,-0.15174959993999465,-0.10732059425198572,-0.075174970372861,-0.045277950782558946,0.002502139714303547,1.0038239797469166,1604.0669350073301,0,4.6
L2,L2-15,core150,150,-0.5,-0.4,B,adj,44,55,5,11,apc_s,-0.08029942207158229,-0.0033999972896878615,0.05726302409509205,-0.10352296851557133,-0.0400610001506916,-0.0012825584200212123,0.035666170907032876,0.08599901440921501,1.0038239797469166,1604.0669350073301,0,4.6
L2,L2-15,core150,150,-0.5,-0.4,B,adj,44,55,5,11,bzC,-0.4,-0.40254873677941133,0.382982682828437,-1.0428095376330342,-0.6288844971991338,-0.39363877575094053,-0.1604922536078545,0.20831755747630543,1.0038239797469166,1604.0669350073301,0,4.6
L2,L2-15,core150,150,-0.5,-0.4,B,adj,45,35,2,7,apc_z,-0.0825919216429316,-0.11120929443687576,0.06253251986384871,-0.20927512557788394,-0.1523659518939431,-0.11191092430426167,-0.07204773425843658,-0.0060387959917432114,1.0046801857297487,1000.5764897613363,0,4.4
L2,L2-15,core150,150,-0.5,-0.4,B,adj,45,35,2,7,apc_s,-0.08029942207158229,-0.06456146088400093,0.06723064414911191,-0.17240726819596927,-0.1081777032199519,-0.06870767908121148,-0.022953302741537156,0.052475572448597636,1.0046801857297487,1000.5764897613363,0,4.4
L2,L2-15,core150,150,-0.5,-0.4,B,adj,45,35,2,7,bzC,-0.4,-0.8234330598782247,0.6055423684197581,-1.8060344239819375,-1.2229292229256374,-0.8103778694750866,-0.4347188670940879,0.15085535562974173,1.0046801857297487,1000.5764897613363,0,4.4
L2,L2-15,core150,150,-0.5,-0.4,B,adj,46,41,4,6,apc_z,-0.0825919216429316,-0.061646639342005156,0.05267230927599923,-0.15298376203285735,-0.09632839435625357,-0.06195275100716931,-0.02718356836900746,0.02474006301058669,1.0025899402398735,1241.5934075804944,0,4.5
L2,L2-15,core150,150,-0.5,-0.4,B,adj,46,41,4,6,apc_s,-0.08029942207158229,-0.07369721301251918,0.05771207842886486,-0.1641757609218436,-0.1137631103510861,-0.07534797704696623,-0.035518624524746356,0.022248500075474353,1.0025899402398735,1241.5934075804944,0,4.5
L2,L2-15,core150,150,-0.5,-0.4,B,adj,46,41,4,6,bzC,-0.4,-0.46859066213806283,0.47783578100124074,-1.2653779041655027,-0.7830529914399029,-0.46248850143927234,-0.14258646260482144,0.28615958514321854,1.0025899402398735,1241.5934075804944,0,4.5
L2,L2-15,core150,150,-0.5,-0.4,B,adj,47,47,4,7,apc_z,-0.0825919216429316,-0.12391591755697273,0.04918319281357938,-0.20181801245465464,-0.15453218788969092,-0.12490406593200917,-0.09187452693033017,-0.04234526897585099,1.0011336884979025,1394.8962233384063,0,4.4
L2,L2-15,core150,150,-0.5,-0.4,B,adj,47,47,4,7,apc_s,-0.08029942207158229,-0.04027645892038542,0.05782309220887841,-0.13567839076618893,-0.07847614105885743,-0.03788538015371792,-0.0028628597179385347,0.05649400461199295,1.0011336884979025,1394.8962233384063,0,4.4
L2,L2-15,core150,150,-0.5,-0.4,B,adj,47,47,4,7,bzC,-0.4,-0.8105363439663129,0.48095166941623957,-1.6039706253781114,-1.105058982238197,-0.8010678597043939,-0.5042429833020663,-0.04413756747378605,1.0011336884979025,1394.8962233384063,0,4.4
L2,L2-15,core150,150,-0.5,-0.4,B,adj,48,41,1,6,apc_z,-0.0825919216429316,-0.18137548053560057,0.04117490729697618,-0.25050332446902557,-0.20854515993076045,-0.18142784733910544,-0.15513163758817378,-0.11345579352127465,1.0015908207796391,1354.7742535526086,0,4.5
L2,L2-15,core150,150,-0.5,-0.4,B,adj,48,41,1,6,apc_s,-0.08029942207158229,-0.11985948750782412,0.04384729901049774,-0.18914111601566808,-0.1500073385902007,-0.12050659294196894,-0.09326027481435656,-0.047323664808195096,1.0015908207796391,1354.7742535526086,0,4.5
L2,L2-15,core150,150,-0.5,-0.4,B,adj,48,41,1,6,bzC,-0.4,-1.415003375989247,0.5010288058834939,-2.259656883912519,-1.7332233784270494,-1.4103400159420367,-1.083934679908765,-0.6219917720956192,1.0015908207796391,1354.7742535526086,0,4.5
L2,L2-15,core150,150,-0.5,-0.4,B,adj,49,48,2,9,apc_z,-0.0825919216429316,-0.10203743032659113,0.04258450046549041,-0.17123067600032613,-0.13009739902420533,-0.1022769301650258,-0.07338684151694685,-0.030935862287262937,1.001825770543924,1604.6097401605841,0,4.2
L2,L2-15,core150,150,-0.5,-0.4,B,adj,49,48,2,9,apc_s,-0.08029942207158229,-0.09017805644314393,0.04822197752017473,-0.16907519199551788,-0.12444491223854327,-0.08935588757256474,-0.05709188137203213,-0.012909381894440804,1.001825770543924,1604.6097401605841,0,4.2
L2,L2-15,core150,150,-0.5,-0.4,B,adj,49,48,2,9,bzC,-0.4,-0.6594915980802043,0.4484904361842721,-1.4110969063022023,-0.935385404456555,-0.6549546787526678,-0.3777158749113834,0.07188577028983252,1.001825770543924,1604.6097401605841,0,4.2
L2,L2-15,core150,150,-0.5,-0.4,B,adj,50,59,9,12,apc_z,-0.0825919216429316,-0.021686517296872144,0.06277664605537847,-0.11954828581273055,-0.0651916420605256,-0.024880330151124532,0.01874242113840297,0.0845687292393028,1.0034639701884331,739.9315859529735,0,4.3
L2,L2-15,core150,150,-0.5,-0.4,B,adj,50,59,9,12,apc_s,-0.08029942207158229,0.03171918554623929,0.06369616082693882,-0.07555483895826261,-0.009596140348008436,0.03263749035492168,0.07393824878876454,0.13756318048614535,1.0034639701884331,739.9315859529735,0,4.3
L2,L2-15,core150,150,-0.5,-0.4,B,adj,50,59,9,12,bzC,-0.4,-0.13217486262242056,0.5273503384120262,-0.9671587193521844,-0.4668669941443242,-0.14480551387219853,0.18717614366064572,0.7647714735729758,1.0034639701884331,739.9315859529735,0,4.3
L2,L2-15,core150,150,-0.5,-0.4,B,adj,51,56,4,10,apc_z,-0.0825919216429316,-0.12384091650217803,0.05011325588143619,-0.20992759412949466,-0.15638822309482425,-0.1234169657833769,-0.09025807088691441,-0.04622456991034726,1.0057418975165853,780.3359472544167,0,4.4
L2,L2-15,core150,150,-0.5,-0.4,B,adj,51,56,4,10,apc_s,-0.08029942207158229,-0.19304269833243445,0.04689835193522297,-0.263803137858961,-0.2262663570714997,-0.19469627280401208,-0.1624183186393423,-0.11542807292888531,1.0057418975165853,780.3359472544167,0,4.4
L2,L2-15,core150,150,-0.5,-0.4,B,adj,51,56,4,10,bzC,-0.4,-0.8574287173450255,0.4872756493596015,-1.6920754262363433,-1.1621913622499749,-0.8284910558762323,-0.5247563044296155,-0.11069231011296775,1.0057418975165853,780.3359472544167,0,4.4
L2,L2-15,core150,150,-0.5,-0.4,B,adj,52,50,2,9,apc_z,-0.0825919216429316,-0.10932784105760786,0.053030192640368456,-0.20003810461380675,-0.14169487001398698,-0.1076321083931776,-0.07437116795725635,-0.025317725336841117,1.0053800946869105,1212.5903666818135,0,4.2
L2,L2-15,core150,150,-0.5,-0.4,B,adj,52,50,2,9,apc_s,-0.08029942207158229,-0.11532975047239455,0.05707769548064333,-0.206634829616182,-0.15464330784020897,-0.11555423129278744,-0.07598559610268514,-0.022233554138551142,1.0053800946869105,1212.5903666818135,0,4.2
L2,L2-15,core150,150,-0.5,-0.4,B,adj,52,50,2,9,bzC,-0.4,-0.6054777919703609,0.4882619681432323,-1.4121372572934696,-0.9191492798893757,-0.5872300920372224,-0.29288497660675333,0.16214667970227076,1.0053800946869105,1212.5903666818135,0,4.2
L2,L2-15,core150,150,-0.5,-0.4,B,adj,53,54,2,10,apc_z,-0.0825919216429316,-0.0818382538901125,0.05297295505543579,-0.1693348212372798,-0.11808744041133182,-0.07935446365466425,-0.04455969803993494,0.0019730301276481123,1.0027877896024564,1291.5998043968214,0,4.1
L2,L2-15,core150,150,-0.5,-0.4,B,adj,53,54,2,10,apc_s,-0.08029942207158229,-0.09872078132148454,0.05616589089538217,-0.18596432691199805,-0.13709833546555525,-0.10036645843603598,-0.06171839138703501,-0.004866639614963851,1.0027877896024564,1291.5998043968214,0,4.1
L2,L2-15,core150,150,-0.5,-0.4,B,adj,53,54,2,10,bzC,-0.4,-0.5978494329879527,0.4403415997076921,-1.3526654244786962,-0.870314219420568,-0.5803931015780948,-0.306990024320593,0.07880269882625039,1.0027877896024564,1291.5998043968214,0,4.1
L2,L2-15,core150,150,-0.5,-0.4,B,adj,55,53,2,6,apc_z,-0.0825919216429316,0.0338971145181265,0.05609308325748328,-0.056171946447440974,-0.00402326174947094,0.03339346504357797,0.06961162405804815,0.1311686549744868,1.0022508322537311,1356.4024952960165,0,4.3
L2,L2-15,core150,150,-0.5,-0.4,B,adj,55,53,2,6,apc_s,-0.08029942207158229,0.02133955387059345,0.06852127620824564,-0.08745215404947827,-0.025812947367909497,0.023379048658895063,0.06839455546814636,0.1351409517663698,1.0022508322537311,1356.4024952960165,0,4.3
L2,L2-15,core150,150,-0.5,-0.4,B,adj,55,53,2,6,bzC,-0.4,0.31837487767408457,0.4423585766813931,-0.36967344086966614,0.03003242712438651,0.314152473830838,0.5907279634334908,1.0640136056848235,1.0022508322537311,1356.4024952960165,0,4.3
L2,L2-15,core150,150,-0.5,-0.4,B,adj,54,48,1,5,apc_z,-0.0825919216429316,-0.14119013287815846,0.055099903336793044,-0.2302863686909359,-0.17767146550973173,-0.14058048019914915,-0.10492882224938117,-0.05261985484685838,1.0042159710435126,964.5858567978798,0,4.5
L2,L2-15,core150,150,-0.5,-0.4,B,adj,54,48,1,5,apc_s,-0.08029942207158229,-0.09394781906580932,0.06586792049979263,-0.20244132235497636,-0.13775228772879067,-0.09683048199441999,-0.04983962837454802,0.014012741491650172,1.0042159710435126,964.5858567978798,0,4.5
L2,L2-15,core150,150,-0.5,-0.4,B,adj,54,48,1,5,bzC,-0.4,-0.7921957669180982,0.4694440335866176,-1.5900322136815743,-1.0770188598457893,-0.7691794995910687,-0.48100909097295247,-0.06188929585548951,1.0042159710435126,964.5858567978798,0,4.5
L2,L2-15,core150,150,-0.5,-0.4,B,adj,56,49,0,3,apc_z,-0.0825919216429316,0.02215743849793803,0.07722994383098719,-0.10495985322131685,-0.028544195521825286,0.022655324933317934,0.0746671359773282,0.14691581996759254,1.002827543591829,1297.9567703911587,0,4.2
L2,L2-15,core150,150,-0.5,-0.4,B,adj,56,49,0,3,apc_s,-0.08029942207158229,-0.028832190148565983,0.09290401179401882,-0.17940082654703,-0.0906515281382918,-0.03106175407235308,0.035465344284342525,0.12178379940825355,1.002827543591829,1297.9567703911587,0,4.2
L2,L2-15,core150,150,-0.5,-0.4,B,adj,56,49,0,3,bzC,-0.4,0.10510917489285743,0.4658018089982769,-0.6425946699436159,-0.1834535952188268,0.10786609985150203,0.39438366948361525,0.8516334619241342,1.002827543591829,1297.9567703911587,0,4.2
L2,L2-15,core150,150,-0.5,-0.4,B,adj,57,44,3,7,apc_z,-0.0825919216429316,-0.10249013787177441,0.04429375182230075,-0.17539071881100948,-0.13147573456649966,-0.1032539347123904,-0.0735903714132804,-0.028177759451297378,1.0033644218712912,1555.7804029240638,0,4.3
L2,L2-15,core150,150,-0.5,-0.4,B,adj,57,44,3,7,apc_s,-0.08029942207158229,-0.00027029982371650966,0.051326345094763415,-0.08369220436563646,-0.03409288649136895,-0.0003387013311214661,0.03365682690877898,0.08327004511331909,1.0033644218712912,1555.7804029240638,0,4.3
L2,L2-15,core150,150,-0.5,-0.4,B,adj,57,44,3,7,bzC,-0.4,-0.6199392423409641,0.4604852176248581,-1.3688143919248605,-0.907907830234961,-0.6173298890092302,-0.3275270508027828,0.12111076974089234,1.0033644218712912,1555.7804029240638,0,4.3
L2,L2-15,core150,150,-0.5,-0.4,B,adj,58,49,4,8,apc_z,-0.0825919216429316,-0.09993386244681682,0.05649278766210647,-0.19613850659456916,-0.13723751560828518,-0.09791440402504542,-0.06042427409952775,-0.010921838641553843,1.0052778856251878,918.2503063299894,0,4.3
L2,L2-15,core150,150,-0.5,-0.4,B,adj,58,49,4,8,apc_s,-0.08029942207158229,-0.11238462325696659,0.06407390108885291,-0.21866509578177684,-0.15722718665149182,-0.11567524982963948,-0.07114667277036929,0.0005675644079177182,1.0052778856251878,918.2503063299894,0,4.3
L2,L2-15,core150,150,-0.5,-0.4,B,adj,58,49,4,8,bzC,-0.4,-0.5708441175132427,0.49545005353435106,-1.3942124698862264,-0.8913888389682061,-0.561099236867995,-0.2457783409050019,0.21038802506614748,1.0052778856251878,918.2503063299894,0,4.3
L2,L2-15,core150,150,-0.5,-0.4,B,adj,59,41,5,3,apc_z,-0.0825919216429316,-0.09809454574666938,0.04651166545213998,-0.17409680693035717,-0.12935974230966463,-0.09670731401469562,-0.06876013779898688,-0.022536382026526608,1.0021568629951465,1587.662832974809,0,4.1
L2,L2-15,core150,150,-0.5,-0.4,B,adj,59,41,5,3,apc_s,-0.08029942207158229,-0.06230791511986274,0.05252859150626837,-0.14433349569020176,-0.0987458674045615,-0.06278549670819544,-0.030547759489452445,0.02290274535536763,1.0021568629951465,1587.662832974809,0,4.1
L2,L2-15,core150,150,-0.5,-0.4,B,adj,59,41,5,3,bzC,-0.4,-0.7740139147253292,0.44315457430781824,-1.5085395033649447,-1.0508550103007326,-0.7509122561999715,-0.48734621553057034,-0.08096007523369714,1.0021568629951465,1587.662832974809,0,4.1
L2,L2-34,sep150,150,-0.5,0.0,A,adj,0,51,2,10,apc_z,0.0,0.01853973519848,0.04580050085703119,-0.05887459289717272,-0.011307377497358426,0.01921767795997365,0.049974715866887384,0.09160526023876261,1.0017190378622471,1598.0161516286325,0,4.3
L2,L2-34,sep150,150,-0.5,0.0,A,adj,0,51,2,10,apc_s,-0.07978764519351615,-0.08748654430739838,0.04925983961778541,-0.16930057272896806,-0.11959881313225314,-0.08703989043751631,-0.05578519715519798,-0.004930156265671891,1.0017190378622471,1598.0161516286325,0,4.3
L2,L2-34,sep150,150,-0.5,0.0,A,adj,0,51,2,10,bzC,0.0,0.25004658108666167,0.37606999132583774,-0.342252868247764,0.016876156540634374,0.2443889052167535,0.4814133159594627,0.8769636499058138,1.0017190378622471,1598.0161516286325,0,4.3
L2,L2-34,sep150,150,-0.5,0.0,A,adj,1,45,2,8,apc_z,0.0,0.015706458791994504,0.05771646079828504,-0.0821697187743302,-0.021672982931682253,0.01910730649927629,0.05343937172364162,0.10742462807589852,1.003000620735207,1321.865466877408,0,4.4
L2,L2-34,sep150,150,-0.5,0.0,A,adj,1,45,2,8,apc_s,-0.07978764519351615,-0.06508256516795528,0.06546292120972166,-0.16585262099099599,-0.10957471780563424,-0.06427064523652418,-0.024056820065444753,0.04263927852951704,1.003000620735207,1321.865466877408,0,4.4
L2,L2-34,sep150,150,-0.5,0.0,A,adj,1,45,2,8,bzC,0.0,0.16047561588377096,0.42593212954190585,-0.5472920501673234,-0.11076492906792258,0.16972061140127903,0.43894958816653074,0.8319811674734514,1.003000620735207,1321.865466877408,0,4.4
L2,L2-34,sep150,150,-0.5,0.0,A,adj,2,49,2,5,apc_z,0.0,0.04173248687720085,0.07617536213173627,-0.08738881244374866,-0.007520228535277106,0.046867901546139304,0.088251558285233,0.1618046005661284,1.003696368804478,919.3151108717677,0,4.5
L2,L2-34,sep150,150,-0.5,0.0,A,adj,2,49,2,5,apc_s,-0.07978764519351615,-0.07211118095232871,0.088099859722097,-0.2142489538648404,-0.1327057459505766,-0.07421035885024066,-0.015373410416444392,0.07596622528017236,1.003696368804478,919.3151108717677,0,4.5
L2,L2-34,sep150,150,-0.5,0.0,A,adj,2,49,2,5,bzC,0.0,0.14973687088936283,0.5243217203512744,-0.7559700279911997,-0.16975746131064726,0.16855999240869796,0.48234243599448356,0.9881810247464429,1.003696368804478,919.3151108717677,0,4.5
L2,L2-34,sep150,150,-0.5,0.0,A,adj,3,51,1,6,apc_z,0.0,-0.10397494039715152,0.07445791041192613,-0.22619001061861252,-0.15121828552561783,-0.10061624079255502,-0.05344167795010685,0.01162659265316652,1.005354177367485,808.1323858144814,0,4.8
L2,L2-34,sep150,150,-0.5,0.0,A,adj,3,51,1,6,apc_s,-0.07978764519351615,-0.18286465086295237,0.0782919580619208,-0.3054592058773393,-0.23523658269946335,-0.18836298628076875,-0.13353893847380544,-0.04730380146734541,1.005354177367485,808.1323858144814,0,4.8
L2,L2-34,sep150,150,-0.5,0.0,A,adj,3,51,1,6,bzC,0.0,-0.5833525267359647,0.5293645491052588,-1.5072056653834771,-0.9124239356482365,-0.5341941532785734,-0.21957143245203203,0.2126000456656859,1.005354177367485,808.1323858144814,0,4.8
L2,L2-34,sep150,150,-0.5,0.0,A,adj,4,47,2,7,apc_z,0.0,-0.025213835486563772,0.09905143746308787,-0.2001618862995317,-0.08810972897854753,-0.020104125382431722,0.041177860236894584,0.1266976631688964,1.0019997385984811,827.6280232496393,0,4.6
L2,L2-34,sep150,150,-0.5,0.0,A,adj,4,47,2,7,apc_s,-0.07978764519351615,-0.02955775209906769,0.1077834778091736,-0.21421322985919133,-0.10223735833714198,-0.02790873192605335,0.0480501514718628,0.14020599095724662,1.0019997385984811,827.6280232496393,0,4.6
L2,L2-34,sep150,150,-0.5,0.0,A,adj,4,47,2,7,bzC,0.0,-0.11801624033642721,0.6286912517422464,-1.1873504643995072,-0.5071173588213519,-0.09101887416665191,0.29921955984951726,0.8502887651399843,1.0019997385984811,827.6280232496393,0,4.6
L2,L2-34,sep150,150,-0.5,0.0,A,adj,5,46,1,10,apc_z,0.0,-0.03494459318139591,0.047195624307909495,-0.11383378608830351,-0.06570519133209457,-0.034087451218906085,-0.002581203791901726,0.041966770084787254,1.0045002410475818,1130.8097591718997,0,4.6
L2,L2-34,sep150,150,-0.5,0.0,A,adj,5,46,1,10,apc_s,-0.07978764519351615,-0.12094308752559906,0.0528137547525253,-0.20668456509511898,-0.15624664043740089,-0.12190331131628068,-0.08634697342878708,-0.03311854842139994,1.0045002410475818,1130.8097591718997,0,4.6
L2,L2-34,sep150,150,-0.5,0.0,A,adj,5,46,1,10,bzC,0.0,-0.10229048279184086,0.41884932202377984,-0.7866149690644715,-0.3650538102270826,-0.0983233907839437,0.1671567929069999,0.5651919943064259,1.0045002410475818,1130.8097591718997,0,4.6
L2,L2-34,sep150,150,-0.5,0.0,A,adj,6,40,1,2,apc_z,0.0,-0.05141608977582206,0.04789817870495619,-0.1288156360724434,-0.08370444215573905,-0.050541167306792895,-0.01817699648442392,0.023016335876039937,1.002315326410944,1618.3674162946786,0,4.2
L2,L2-34,sep150,150,-0.5,0.0,A,adj,6,40,1,2,apc_s,-0.07978764519351615,-0.11221982453708995,0.05778538139749455,-0.20542482329061054,-0.15107617313370825,-0.11585654549445631,-0.0738204307270149,-0.013516710235918942,1.002315326410944,1618.3674162946786,0,4.2
L2,L2-34,sep150,150,-0.5,0.0,A,adj,6,40,1,2,bzC,0.0,-0.24141879487057497,0.400550079218819,-0.8892204330160219,-0.4879546019454357,-0.23948669449884616,0.004124335598941861,0.4034620006360782,1.002315326410944,1618.3674162946786,0,4.2
L2,L2-34,sep150,150,-0.5,0.0,A,adj,7,45,0,12,apc_z,0.0,0.007141301880269789,0.0472395229743329,-0.07061627746361578,-0.022503564437079966,0.008263646561317579,0.03913833683715243,0.08225052154158213,1.0016254985326916,1845.2282934665898,0,4.3
L2,L2-34,sep150,150,-0.5,0.0,A,adj,7,45,0,12,apc_s,-0.07978764519351615,-0.01722155440752374,0.055328031641189206,-0.10786648932613102,-0.05488191585824008,-0.015817777461563615,0.01998892987692845,0.07295810294442936,1.0016254985326916,1845.2282934665898,0,4.3
L2,L2-34,sep150,150,-0.5,0.0,A,adj,7,45,0,12,bzC,0.0,-0.02601104070781641,0.37959466193502883,-0.6693405579999047,-0.25705790350072333,-0.011031712196405856,0.21842451778850006,0.5703841647092649,1.0016254985326916,1845.2282934665898,0,4.3
L2,L2-34,sep150,150,-0.5,0.0,A,adj,8,50,1,12,apc_z,0.0,-0.0043491703807971354,0.04507259502763589,-0.08298542062081032,-0.03466433020078653,-0.0031068480531615578,0.027034169761231065,0.06722275917839769,1.003362536749661,1076.200976115217,0,4.3
L2,L2-34,sep150,150,-0.5,0.0,A,adj,8,50,1,12,apc_s,-0.07978764519351615,-0.15418363020925083,0.03892927835731072,-0.21302233960340172,-0.1821682803048418,-0.1537983355599986,-0.12845614738610522,-0.08949167047072012,1.003362536749661,1076.200976115217,0,4.3
L2,L2-34,sep150,150,-0.5,0.0,A,adj,8,50,1,12,bzC,0.0,-0.011699082249090307,0.4296976690548184,-0.7384194103494975,-0.2781655859655966,-0.0028943734736365592,0.26375523842848136,0.6762208078422325,1.003362536749661,1076.200976115217,0,4.3
L2,L2-34,sep150,150,-0.5,0.0,A,adj,9,47,1,6,apc_z,0.0,0.04903849666181964,0.04446369441642291,-0.025002608612747154,0.019467669032432938,0.04987631961491552,0.07936934953192055,0.11802127797527627,1.0046145785921117,1561.421240466814,0,4.1
L2,L2-34,sep150,150,-0.5,0.0,A,adj,9,47,1,6,apc_s,-0.07978764519351615,-0.11874513083889932,0.052666978788339446,-0.20175787973590778,-0.1554103964907584,-0.12018797503039243,-0.08466177742913605,-0.030983477457148592,1.0046145785921117,1561.421240466814,0,4.1
L2,L2-34,sep150,150,-0.5,0.0,A,adj,9,47,1,6,bzC,0.0,0.3659026621695403,0.3558478456894997,-0.21276660182643492,0.13703074307188892,0.3588345566751667,0.5949303964993418,0.942314894530679,1.0046145785921117,1561.421240466814,0,4.1
L2,L2-34,sep150,150,-0.5,0.0,A,adj,10,36,1,3,apc_z,0.0,-0.026500410083820466,0.06370158820670409,-0.13267644916480242,-0.06805477976183527,-0.02412679911103676,0.017689250830892247,0.07592129758999211,1.0101695355208957,1139.4115792960692,0,4.3
L2,L2-34,sep150,150,-0.5,0.0,A,adj,10,36,1,3,apc_s,-0.07978764519351615,-0.12550881867525826,0.0693896682160372,-0.24016865140682797,-0.17092669191598464,-0.12782329262856112,-0.08212973879659408,-0.006846004554760675,1.0101695355208957,1139.4115792960692,0,4.3
L2,L2-34,sep150,150,-0.5,0.0,A,adj,10,36,1,3,bzC,0.0,-0.14182404143827454,0.5126386720276364,-1.008475403848144,-0.46596815037854145,-0.12571929132838733,0.20834211327121316,0.6849138327777489,1.0101695355208957,1139.4115792960692,0,4.3
L2,L2-34,sep150,150,-0.5,0.0,A,adj,11,42,4,7,apc_z,0.0,0.12803985465518988,0.052386215364239076,0.04167926929201071,0.09481012057107147,0.12867024274474928,0.16066258153035015,0.2101822352652766,1.002243173172465,1181.5194033261855,0,4.2
L2,L2-34,sep150,150,-0.5,0.0,A,adj,11,42,4,7,apc_s,-0.07978764519351615,0.051421699134891384,0.060174092810088495,-0.04777227107306472,0.012123467168043623,0.05307210427467621,0.09298026981712815,0.14831525051311714,1.002243173172465,1181.5194033261855,0,4.2
L2,L2-34,sep150,150,-0.5,0.0,A,adj,11,42,4,7,bzC,0.0,0.7554492638972321,0.5140821125608068,-0.0597749831493247,0.41919540031210323,0.739229121984752,1.0801431486135469,1.6164259620130796,1.002243173172465,1181.5194033261855,0,4.2
L2,L2-34,sep150,150,-0.5,0.0,A,adj,12,47,3,8,apc_z,0.0,0.02374098636838843,0.059802989987122766,-0.08018024452603942,-0.01714378906145355,0.024930410560147595,0.06579286803370493,0.11693937113385292,1.0020020372692306,1401.3608392172098,0,3.8
L2,L2-34,sep150,150,-0.5,0.0,A,adj,12,47,3,8,apc_s,-0.07978764519351615,-0.10410961802045862,0.060066146948025284,-0.20318529005019834,-0.1455516790830566,-0.10488914573984004,-0.06369164884786549,-0.004903144313105921,1.0020020372692306,1401.3608392172098,0,3.8
L2,L2-34,sep150,150,-0.5,0.0,A,adj,12,47,3,8,bzC,0.0,-0.027228955013570904,0.5228051695638903,-0.9268302368334059,-0.3580190015288742,0.0046557732462276565,0.32191528576179934,0.7956183038276753,1.0020020372692306,1401.3608392172098,0,3.8
L2,L2-34,sep150,150,-0.5,0.0,A,adj,13,49,0,7,apc_z,0.0,-0.00791098779507217,0.049869199376442644,-0.09279104873063104,-0.04095949813339131,-0.006122602621870242,0.02581410988789017,0.07301297430679564,1.0046306949022001,1580.6110802695318,0,3.8
L2,L2-34,sep150,150,-0.5,0.0,A,adj,13,49,0,7,apc_s,-0.07978764519351615,-0.08741833480736841,0.05682945813958148,-0.17736459714851557,-0.12480514954479524,-0.08771007731536042,-0.048852955853787565,0.007945058043415072,1.0046306949022001,1580.6110802695318,0,3.8
L2,L2-34,sep150,150,-0.5,0.0,A,adj,13,49,0,7,bzC,0.0,-0.19753526048782316,0.445686148427917,-0.9716921144491286,-0.47374413001116067,-0.17104056685962354,0.11159050273780545,0.4769627806584994,1.0046306949022001,1580.6110802695318,0,3.8
L2,L2-34,sep150,150,-0.5,0.0,A,adj,14,45,1,9,apc_z,0.0,0.027145551063605253,0.04575818241156747,-0.04768642030746757,-0.002845336054526751,0.02716459667315744,0.06050746499630372,0.10008871818383643,1.00268712998087,1797.0862056489236,0,3.8
L2,L2-34,sep150,150,-0.5,0.0,A,adj,14,45,1,9,apc_s,-0.07978764519351615,-0.04652252840993335,0.05390258308005474,-0.134381456149558,-0.08269140797956206,-0.04692918640578335,-0.011348241780719841,0.04282083287061549,1.00268712998087,1797.0862056489236,0,3.8
L2,L2-34,sep150,150,-0.5,0.0,A,adj,14,45,1,9,bzC,0.0,0.19089768369199658,0.3526065962151555,-0.38656537935110186,-0.029477513175715918,0.19387704294812652,0.41148047226277207,0.7753953678259115,1.00268712998087,1797.0862056489236,0,3.8
L2,L2-34,sep150,150,-0.5,0.0,A,adj,15,36,1,3,apc_z,0.0,-0.07037796068344543,0.057083631528692676,-0.1699958000804971,-0.1067118834044072,-0.06681600430905732,-0.03448167774956412,0.023723164967544116,1.0024542133977707,1289.5454072329003,0,3.9
L2,L2-34,sep150,150,-0.5,0.0,A,adj,15,36,1,3,apc_s,-0.07978764519351615,-0.06260698204628373,0.06697655142500707,-0.17347138856193767,-0.10808595627071722,-0.06419934268471102,-0.01813008202840591,0.04557890163993609,1.0024542133977707,1289.5454072329003,0,3.9
L2,L2-34,sep150,150,-0.5,0.0,A,adj,15,36,1,3,bzC,0.0,-0.46801050519902593,0.45762710836834997,-1.2364045741042966,-0.7413458542036381,-0.4490913285374095,-0.1765145310708446,0.2540178189309609,1.0024542133977707,1289.5454072329003,0,3.9
L2,L2-34,sep150,150,-0.5,0.0,A,adj,16,37,3,10,apc_z,0.0,0.040366126881580894,0.04576620636970395,-0.03545569677071934,0.009913413724361468,0.03966539035627599,0.07117429005121362,0.11177806212179224,1.0024102877899552,1114.0434027723709,0,4.1
L2,L2-34,sep150,150,-0.5,0.0,A,adj,16,37,3,10,apc_s,-0.07978764519351615,-0.052901456330719125,0.05188016331343206,-0.14059128582149913,-0.08697315752938262,-0.052273572244520734,-0.01872039129957266,0.030571310451808643,1.0024102877899552,1114.0434027723709,0,4.1
L2,L2-34,sep150,150,-0.5,0.0,A,adj,16,37,3,10,bzC,0.0,0.3866540763880595,0.4607203476405344,-0.36627261127281746,0.09451472430803975,0.39096420686388555,0.6872301339292191,1.123835485657743,1.0024102877899552,1114.0434027723709,0,4.1
L2,L2-34,sep150,150,-0.5,0.0,A,adj,17,48,1,8,apc_z,0.0,-0.06746893930075946,0.0538928037013653,-0.15659214544815203,-0.10573125840720424,-0.06636783610514066,-0.030762640433997273,0.016020674327456214,1.0037913948510298,1020.8232752641425,0,4.6
L2,L2-34,sep150,150,-0.5,0.0,A,adj,17,48,1,8,apc_s,-0.07978764519351615,-0.1471322079590714,0.061886639426085306,-0.24617752295886483,-0.18795493318152703,-0.14980593732843628,-0.10449150208569104,-0.04425371832793563,1.0037913948510298,1020.8232752641425,0,4.6
L2,L2-34,sep150,150,-0.5,0.0,A,adj,17,48,1,8,bzC,0.0,-0.5921782017731185,0.4600048957316447,-1.404937276888122,-0.8764044533622853,-0.566150131940899,-0.26912338114856527,0.09955082710245396,1.0037913948510298,1020.8232752641425,0,4.6
L2,L2-34,sep150,150,-0.5,0.0,A,adj,18,36,1,7,apc_z,0.0,-0.08755583774241228,0.049416576287709055,-0.17207217658374369,-0.12089181260858936,-0.08830648920141435,-0.05366322095703391,-0.0058048680630186505,1.004711345136517,1215.3848919202087,0,4.8
L2,L2-34,sep150,150,-0.5,0.0,A,adj,18,36,1,7,apc_s,-0.07978764519351615,-0.16028925313381728,0.04508729164209909,-0.2323479451961956,-0.19159894468645738,-0.1608687484972537,-0.13198327067150173,-0.08145136922550689,1.004711345136517,1215.3848919202087,0,4.8
L2,L2-34,sep150,150,-0.5,0.0,A,adj,18,36,1,7,bzC,0.0,-0.7756095515418875,0.49500018138792895,-1.6382391254660436,-1.0844837555310933,-0.7544151216310346,-0.4345943402382191,0.0006777033689676968,1.004711345136517,1215.3848919202087,0,4.8
L2,L2-34,sep150,150,-0.5,0.0,A,adj,19,43,3,4,apc_z,0.0,0.0381546208395545,0.05904119826497731,-0.056638932045083995,-0.00022519779640364226,0.03884128043503983,0.07728138594314644,0.13311386621586918,1.0025226311733533,1293.434493773255,0,4.6
L2,L2-34,sep150,150,-0.5,0.0,A,adj,19,43,3,4,apc_s,-0.07978764519351615,0.012433706023801566,0.07327729423354822,-0.11266190502945934,-0.036152031102027665,0.011133520258114007,0.06324504638507025,0.12624409601615408,1.0025226311733533,1293.434493773255,0,4.6
L2,L2-34,sep150,150,-0.5,0.0,A,adj,19,43,3,4,bzC,0.0,0.22719767312441588,0.44555435729102233,-0.47215986372296065,-0.05664615984056767,0.2297011034230752,0.5034619870286784,0.934214104673894,1.0025226311733533,1293.434493773255,0,4.6
L2,L2-34,sep150,150,-0.5,0.0,A,adj,20,43,3,8,apc_z,0.0,-0.07996192986426788,0.0521278500679967,-0.16581847077734513,-0.11343637791702359,-0.08057575177528611,-0.04382692005586403,-0.0002975560980112392,1.0054633879161055,1080.2134180008388,0,4.5
L2,L2-34,sep150,150,-0.5,0.0,A,adj,20,43,3,8,apc_s,-0.07978764519351615,-0.1589674229656655,0.05214984175102025,-0.24486858718792925,-0.19260699893079974,-0.16003956765244998,-0.12685294384177934,-0.07053329841782656,1.0054633879161055,1080.2134180008388,0,4.5
L2,L2-34,sep150,150,-0.5,0.0,A,adj,20,43,3,8,bzC,0.0,-0.6350998539415786,0.4742674171577415,-1.4557160801439493,-0.9295907832207446,-0.611983705453079,-0.30797114923817603,0.10213147280687294,1.0054633879161055,1080.2134180008388,0,4.5
L2,L2-34,sep150,150,-0.5,0.0,A,adj,21,42,1,7,apc_z,0.0,-0.06477040807809016,0.05281925943880278,-0.15496301365086515,-0.09908497485109267,-0.06434021586983227,-0.030356495278089486,0.019126705239270802,1.003604238219856,1261.8149919772327,0,4.4
L2,L2-34,sep150,150,-0.5,0.0,A,adj,21,42,1,7,apc_s,-0.07978764519351615,-0.08606246479113239,0.05897699325361902,-0.1805363997567971,-0.12604092692132585,-0.08647984786386514,-0.045159533737975495,0.008812213550387929,1.003604238219856,1261.8149919772327,0,4.4
L2,L2-34,sep150,150,-0.5,0.0,A,adj,21,42,1,7,bzC,0.0,-0.4744989901489073,0.4617131250181259,-1.2903513635427133,-0.7466392038405497,-0.451977727106168,-0.17862083263466927,0.23122034275176623,1.003604238219856,1261.8149919772327,0,4.4
L2,L2-34,sep150,150,-0.5,0.0,A,adj,22,48,2,10,apc_z,0.0,-0.0272179627945008,0.06495148246327209,-0.12956157465115056,-0.06824373490567213,-0.026940370577642203,0.013341745064651347,0.08573478122354138,1.0027054339952586,800.8808856282942,0,4.6
L2,L2-34,sep150,150,-0.5,0.0,A,adj,22,48,2,10,apc_s,-0.07978764519351615,-0.11346165734943514,0.07031347282990853,-0.22221416473112435,-0.1609327571102121,-0.11560342743058943,-0.07140347885740425,0.008285240262607631,1.0027054339952586,800.8808856282942,0,4.6
L2,L2-34,sep150,150,-0.5,0.0,A,adj,22,48,2,10,bzC,0.0,-0.22217106942942444,0.5302806943083651,-1.0886216318843585,-0.5584255985687532,-0.21502876528806758,0.11622312460904366,0.6117770273764683,1.0027054339952586,800.8808856282942,0,4.6
L2,L2-34,sep150,150,-0.5,0.0,A,adj,23,49,2,3,apc_z,0.0,-0.09707864290590908,0.06681847852864269,-0.21059577451852057,-0.1409854388441949,-0.09435918669684978,-0.05124615507162329,0.004173482155326046,1.0059308780357972,991.9864329368955,0,4.5
L2,L2-34,sep150,150,-0.5,0.0,A,adj,23,49,2,3,apc_s,-0.07978764519351615,-0.19030098064317805,0.0692780257208966,-0.2966958920621754,-0.23936174849644803,-0.19420834316700103,-0.14166611633655593,-0.0747351052948893,1.0059308780357972,991.9864329368955,0,4.5
L2,L2-34,sep150,150,-0.5,0.0,A,adj,23,49,2,3,bzC,0.0,-0.5187361007370963,0.5386228335368589,-1.4330108608773977,-0.8546822780284445,-0.48759903231484103,-0.16464111543670062,0.31331272257945403,1.0059308780357972,991.9864329368955,0,4.5
L2,L2-34,sep150,150,-0.5,0.0,A,adj,24,49,0,7,apc_z,0.0,-0.03312342288004351,0.06258528578545904,-0.13435767863935286,-0.07152493682518091,-0.029923735679341826,0.0053185173363056405,0.062423660324408194,1.002553298932881,1141.5879440332885,0,4.3
L2,L2-34,sep150,150,-0.5,0.0,A,adj,24,49,0,7,apc_s,-0.07978764519351615,-0.063306759789517,0.0758288303296053,-0.19097736350051175,-0.11209097966158106,-0.05882424490630002,-0.012251711040223025,0.057441712087538246,1.002553298932881,1141.5879440332885,0,4.3
L2,L2-34,sep150,150,-0.5,0.0,A,adj,24,49,0,7,bzC,0.0,-0.05225300658996067,0.43768907858447076,-0.7544572740207786,-0.32042212812730175,-0.045007369048311416,0.22519084963984334,0.6548641308899473,1.002553298932881,1141.5879440332885,0,4.3
L2,L2-34,sep150,150,-0.5,0.0,A,adj,25,43,2,8,apc_z,0.0,-0.06235297388858644,0.05922341354029054,-0.1610757806699753,-0.10087665431257253,-0.06321800020230821,-0.022866850968099206,0.034131812293968194,1.0048402171303894,1157.3608970359542,0,4.3
L2,L2-34,sep150,150,-0.5,0.0,A,adj,25,43,2,8,apc_s,-0.07978764519351615,-0.10617935181636798,0.060373704130500624,-0.1956273490522474,-0.14823728990495214,-0.10720477811131016,-0.06581567918870461,-0.00174364270992645,1.0048402171303894,1157.3608970359542,0,4.3
L2,L2-34,sep150,150,-0.5,0.0,A,adj,25,43,2,8,bzC,0.0,-0.4440063157722083,0.482113735080829,-1.2597631082056562,-0.7528527975094549,-0.4320097954534293,-0.11175173242636288,0.3192889806297194,1.0048402171303894,1157.3608970359542,0,4.3
L2,L2-34,sep150,150,-0.5,0.0,A,adj,26,55,1,9,apc_z,0.0,0.0853005366497608,0.057303801516950206,-0.008060430481616657,0.048605514987232916,0.0846764831597448,0.12426756939484332,0.17874171974676614,1.003840686279826,1362.6931678671242,0,4.5
L2,L2-34,sep150,150,-0.5,0.0,A,adj,26,55,1,9,apc_s,-0.07978764519351615,0.014533332530741556,0.06758025288400332,-0.08996502209638425,-0.0315865458012841,0.013698897581143041,0.06131823709336123,0.12872925738053428,1.003840686279826,1362.6931678671242,0,4.5
L2,L2-34,sep150,150,-0.5,0.0,A,adj,26,55,1,9,bzC,0.0,0.46086562061130176,0.4076831753616689,-0.17455101861454295,0.19240387484781635,0.4506667212296155,0.7047400086227352,1.172573952042481,1.003840686279826,1362.6931678671242,0,4.5
L2,L2-34,sep150,150,-0.5,0.0,A,adj,27,49,2,7,apc_z,0.0,-0.05922762763477981,0.06771727406777572,-0.17054198467953854,-0.10521303216536344,-0.060535176926632565,-0.013466405784965977,0.05195380155745407,1.003620239453531,1028.4798745780452,0,4.7
L2,L2-34,sep150,150,-0.5,0.0,A,adj,27,49,2,7,apc_s,-0.07978764519351615,-0.13814526585562492,0.0739436930828072,-0.2463648022146657,-0.1916767165625584,-0.14347884975024727,-0.09105301279602981,-0.008747350257163968,1.003620239453531,1028.4798745780452,0,4.7
L2,L2-34,sep150,150,-0.5,0.0,A,adj,27,49,2,7,bzC,0.0,-0.3824041586783655,0.5119125349453856,-1.273393057402496,-0.7211159179955036,-0.35475450678595566,-0.028641825335675025,0.40355189694456495,1.003620239453531,1028.4798745780452,0,4.7
L2,L2-34,sep150,150,-0.5,0.0,A,adj,28,42,2,6,apc_z,0.0,0.008700403970698222,0.052704752035474305,-0.08533928494541106,-0.025552694136423568,0.010181409976584697,0.044360849731399726,0.09031886022693697,1.0037204916477958,1291.990894537889,0,4.8
L2,L2-34,sep150,150,-0.5,0.0,A,adj,28,42,2,6,apc_s,-0.07978764519351615,-0.09129954505370351,0.0626087915066903,-0.19586651746821868,-0.13019751686360004,-0.09234894446526201,-0.04962072602426845,0.012337810553783487,1.0037204916477958,1291.990894537889,0,4.8
L2,L2-34,sep150,150,-0.5,0.0,A,adj,28,42,2,6,bzC,0.0,0.0423098072403197,0.423008285425381,-0.69776801950066,-0.21322980211969794,0.06639954861174095,0.320244968326336,0.697079900024986,1.0037204916477958,1291.990894537889,0,4.8
L2,L2-34,sep150,150,-0.5,0.0,A,adj,29,46,0,9,apc_z,0.0,-0.07295820559632481,0.05975669686740282,-0.1698297035685364,-0.11255745656382461,-0.0734674376027219,-0.03290166219989064,0.023274007209382625,1.0025054862840537,1347.583178239015,0,4.9
L2,L2-34,sep150,150,-0.5,0.0,A,adj,29,46,0,9,apc_s,-0.07978764519351615,-0.08136372220568239,0.06980867436278679,-0.1985020943418187,-0.12777699586262828,-0.08166279720882343,-0.03449128542544568,0.03438727472507648,1.0025054862840537,1347.583178239015,0,4.9
L2,L2-34,sep150,150,-0.5,0.0,A,adj,29,46,0,9,bzC,0.0,-0.4478248034526064,0.46741565894763887,-1.2371959685466156,-0.7349213887592096,-0.42786826431892044,-0.13509323290718617,0.2703948541178978,1.0025054862840537,1347.583178239015,0,4.9
L2,L2-34,sep150,150,-0.5,0.0,A,adj,30,62,5,12,apc_z,0.0,0.08594194337899179,0.045657816418409665,0.012730714925160074,0.05578117691270904,0.08748677401337858,0.11757969976593252,0.1586565188540005,1.0027567161880384,1607.426321418555,0,4.6
L2,L2-34,sep150,150,-0.5,0.0,A,adj,30,62,5,12,apc_s,-0.07978764519351615,-0.05676811524517882,0.05515251549811848,-0.1458985589338956,-0.09338919361533594,-0.058757145607477856,-0.019464475165585693,0.03474333619337748,1.0027567161880384,1607.426321418555,0,4.6
L2,L2-34,sep150,150,-0.5,0.0,A,adj,30,62,5,12,bzC,0.0,0.5758152695336389,0.3837512922163608,-0.02222712904523518,0.31954816648423157,0.5673370735209671,0.8229752496473227,1.208729904159961,1.0027567161880384,1607.426321418555,0,4.6
L2,L2-34,sep150,150,-0.5,0.0,A,adj,31,37,0,6,apc_z,0.0,-0.089816388340099,0.05430847489529067,-0.17985441273022204,-0.12383090913044108,-0.09101645948544992,-0.05388796573176697,-0.0035781439832308004,1.0031186196647595,1569.4385721893386,0,4.5
L2,L2-34,sep150,150,-0.5,0.0,A,adj,31,37,0,6,apc_s,-0.07978764519351615,-0.047783566099244196,0.06507084077329867,-0.15641994957823105,-0.09030402613385394,-0.049779180679143054,-0.004992348131313929,0.06038473659203774,1.0031186196647595,1569.4385721893386,0,4.5
L2,L2-34,sep150,150,-0.5,0.0,A,adj,31,37,0,6,bzC,0.0,-0.5996151526569011,0.5045197079625696,-1.4643938339683245,-0.9068031775842312,-0.5836186143111064,-0.27921204584346243,0.19339814772917935,1.0031186196647595,1569.4385721893386,0,4.5
L2,L2-34,sep150,150,-0.5,0.0,A,adj,32,43,1,5,apc_z,0.0,-0.033056049157673684,0.055265783709253925,-0.12585250182781205,-0.07163704052951567,-0.03092017577836709,0.00277694050073654,0.057100797953585206,1.003018174180853,1212.6468475424472,0,4.6
L2,L2-34,sep150,150,-0.5,0.0,A,adj,32,43,1,5,apc_s,-0.07978764519351615,-0.11695869492322152,0.06524191113165873,-0.22157313094518624,-0.16344132838140107,-0.11878644484887091,-0.0708695266905069,-0.008592293183376495,1.003018174180853,1212.6468475424472,0,4.6
L2,L2-34,sep150,150,-0.5,0.0,A,adj,32,43,1,5,bzC,0.0,-0.16498612394002493,0.4205824156647743,-0.8978740155396727,-0.43009329088997533,-0.1499306362933059,0.1157687593864802,0.5026949438934204,1.003018174180853,1212.6468475424472,0,4.6
L2,L2-34,sep150,150,-0.5,0.0,A,adj,33,52,2,8,apc_z,0.0,0.03981240294017028,0.06901572979539337,-0.07081601892912687,-0.005505091520182614,0.040561345135995144,0.08657930279465341,0.1547424043400459,1.0018082037198004,1127.8663966703334,0,4.4
L2,L2-34,sep150,150,-0.5,0.0,A,adj,33,52,2,8,apc_s,-0.07978764519351615,-0.09141817164068633,0.07716139857855453,-0.21027830017586566,-0.14304113672392116,-0.09348921849413384,-0.0466908771712556,0.04132228736049601,1.0018082037198004,1127.8663966703334,0,4.4
L2,L2-34,sep150,150,-0.5,0.0,A,adj,33,52,2,8,bzC,0.0,0.09528525018671127,0.503364308262778,-0.7347734442902325,-0.21812910499133803,0.099630036386883,0.4119592623292446,0.8918934799892567,1.0018082037198004,1127.8663966703334,0,4.4
L2,L2-34,sep150,150,-0.5,0.0,A,adj,34,37,1,5,apc_z,0.0,0.08206564629982042,0.05237149755449805,-0.009704139091827792,0.050190310598857285,0.08503476186160591,0.11684842279169799,0.16514443952117225,1.0023383675972382,1277.2209894891225,0,4.2
L2,L2-34,sep150,150,-0.5,0.0,A,adj,34,37,1,5,apc_s,-0.07978764519351615,-0.051818450936228215,0.06891660241818164,-0.16430047862334515,-0.09474495166355254,-0.05406357628453018,-0.007066853264020813,0.07024475011860958,1.0023383675972382,1277.2209894891225,0,4.2
L2,L2-34,sep150,150,-0.5,0.0,A,adj,34,37,1,5,bzC,0.0,0.6190657462975205,0.44750638019195627,-0.1257495638741332,0.35020988507578205,0.6275669042227008,0.9007781425825429,1.3369534186292846,1.0023383675972382,1277.2209894891225,0,4.2
L2,L2-34,sep150,150,-0.5,0.0,A,adj,35,42,1,3,apc_z,0.0,0.03396987573475881,0.04954283242189816,-0.0501568799148736,0.004252207380652864,0.03519095682719116,0.06775333344985532,0.11186904342777709,1.0047310966854477,1489.2275743276389,0,4.3
L2,L2-34,sep150,150,-0.5,0.0,A,adj,35,42,1,3,apc_s,-0.07978764519351615,-0.056669030559774194,0.06113060892161693,-0.15360509873505665,-0.09493114071568139,-0.0556516134388028,-0.015456988096430159,0.042253000422707944,1.0047310966854477,1489.2275743276389,0,4.3
L2,L2-34,sep150,150,-0.5,0.0,A,adj,35,42,1,3,bzC,0.0,0.24437462900806844,0.3913395535706747,-0.38784818891695877,0.0011187926187776268,0.24495209789109063,0.48498298381009997,0.8939743642827856,1.0047310966854477,1489.2275743276389,0,4.3
L2,L2-34,sep150,150,-0.5,0.0,A,adj,36,42,1,4,apc_z,0.0,0.062000529012449096,0.08710601863482045,-0.08308176290662544,0.006668804234529859,0.06528949107987449,0.12118151394929227,0.19724533083390416,1.0058841853113394,1011.7391588108111,0,4.6
L2,L2-34,sep150,150,-0.5,0.0,A,adj,36,42,1,4,apc_s,-0.07978764519351615,-0.04149578135223332,0.09659768103584161,-0.19769093881170974,-0.10612135000278129,-0.039991918436564564,0.0246046133564339,0.11743216288506035,1.0058841853113394,1011.7391588108111,0,4.6
L2,L2-34,sep150,150,-0.5,0.0,A,adj,36,42,1,4,bzC,0.0,0.33493984432467266,0.6038084616899044,-0.6735877747366156,-0.03683608525529465,0.3508896449247438,0.7200868578058179,1.284835582379434,1.0058841853113394,1011.7391588108111,0,4.6
L2,L2-34,sep150,150,-0.5,0.0,A,adj,37,50,2,7,apc_z,0.0,-0.02264238022713315,0.047211125958776634,-0.10135304488244251,-0.053545243362274196,-0.023778802181615336,0.010159265099835054,0.05322250852654237,1.005041699590958,1199.1309907073248,0,4.3
L2,L2-34,sep150,150,-0.5,0.0,A,adj,37,50,2,7,apc_s,-0.07978764519351615,-0.14351884784642197,0.05544115457991124,-0.23152151624126227,-0.17947456378182847,-0.14595932207302575,-0.10721335553023903,-0.05362259715482176,1.005041699590958,1199.1309907073248,0,4.3
L2,L2-34,sep150,150,-0.5,0.0,A,adj,37,50,2,7,bzC,0.0,-0.17149421817196384,0.3678937281157778,-0.7972669725237203,-0.39876978630693743,-0.15707170331497866,0.07302610848756846,0.3998833322011349,1.005041699590958,1199.1309907073248,0,4.3
L2,L2-34,sep150,150,-0.5,0.0,A,adj,38,61,3,8,apc_z,0.0,0.03303258505454232,0.0695456619097604,-0.08943199960307449,-0.010830436703180277,0.0349570422924641,0.07915727056110394,0.1408332162803617,1.0029215974315107,947.9107647540126,0,4.5
L2,L2-34,sep150,150,-0.5,0.0,A,adj,38,61,3,8,apc_s,-0.07978764519351615,-0.083720068370209,0.08400542573882375,-0.21799476607619162,-0.14108250768238198,-0.08647318823700353,-0.028037993003314724,0.05238308244463708,1.0029215974315107,947.9107647540126,0,4.5
L2,L2-34,sep150,150,-0.5,0.0,A,adj,38,61,3,8,bzC,0.0,0.19808880955620237,0.45489666832030745,-0.5703023978367069,-0.0687701738188731,0.21087267963615794,0.4841980390385528,0.9351302723497137,1.0029215974315107,947.9107647540126,0,4.5
L2,L2-34,sep150,150,-0.5,0.0,A,adj,40,43,1,8,apc_z,0.0,0.05463368637370209,0.05742788657986823,-0.042106484491681036,0.01911273003046242,0.054451998298000515,0.0929908154815238,0.14736506770507468,1.0018421902723929,1112.3471360528872,0,4.5
L2,L2-34,sep150,150,-0.5,0.0,A,adj,40,43,1,8,apc_s,-0.07978764519351615,-0.02762365189997609,0.06830534322830088,-0.13968931102530407,-0.07397604366961097,-0.027356272323164385,0.020167546872389933,0.08349622761087744,1.0018421902723929,1112.3471360528872,0,4.5
L2,L2-34,sep150,150,-0.5,0.0,A,adj,40,43,1,8,bzC,0.0,0.3421644137081595,0.43522790085963814,-0.3668041304597548,0.07234498006745087,0.3387282749883876,0.6016770808056696,1.066521407488897,1.0018421902723929,1112.3471360528872,0,4.5
L2,L2-34,sep150,150,-0.5,0.0,A,adj,39,39,0,8,apc_z,0.0,-0.024402044740854563,0.07020002127347948,-0.1375009756172124,-0.0699152652301248,-0.027716426201204687,0.020335151605378236,0.09214674604403378,1.0038908013080594,996.4867281597076,0,4.6
L2,L2-34,sep150,150,-0.5,0.0,A,adj,39,39,0,8,apc_s,-0.07978764519351615,-0.10310439909230358,0.07411744709802709,-0.2146501817020607,-0.1523509517404486,-0.10806311848794409,-0.05812636374605535,0.025306279717989953,1.0038908013080594,996.4867281597076,0,4.6
L2,L2-34,sep150,150,-0.5,0.0,A,adj,39,39,0,8,bzC,0.0,-0.2267172254079259,0.5722388937076488,-1.1509375152790555,-0.5844215360904286,-0.23529761575488356,0.13555113829342125,0.7156965216188259,1.0038908013080594,996.4867281597076,0,4.6
L2,L2-34,sep150,150,-0.5,0.0,A,adj,41,45,1,4,apc_z,0.0,-0.025069109884899025,0.10477959407929303,-0.1879031656270682,-0.09618212315668073,-0.025902349294608433,0.045207006446983306,0.1440145376317729,1.0035781391577772,751.2955752497429,0,4.6
L2,L2-34,sep150,150,-0.5,0.0,A,adj,41,45,1,4,apc_s,-0.07978764519351615,-0.10637336645815494,0.10879272858442704,-0.27041507442153995,-0.17927371819573978,-0.11452667441728287,-0.03555229921153953,0.07779343115475752,1.0035781391577772,751.2955752497429,0,4.6
L2,L2-34,sep150,150,-0.5,0.0,A,adj,41,45,1,4,bzC,0.0,-0.08866285968765598,0.6859600237054967,-1.2141789698257734,-0.5408245858953851,-0.08586540093661715,0.35512704494150266,1.0501670774767136,1.0035781391577772,751.2955752497429,0,4.6
L2,L2-34,sep150,150,-0.5,0.0,A,adj,42,56,4,7,apc_z,0.0,-0.013429927828074393,0.054106304246904637,-0.11087292962888869,-0.047715653095130706,-0.009749261410407224,0.023415907695962815,0.06877065894339843,1.0047862980529345,1402.4395651664179,0,4.4
L2,L2-34,sep150,150,-0.5,0.0,A,adj,42,56,4,7,apc_s,-0.07978764519351615,-0.1128409296861438,0.057770090509513414,-0.20386873777513428,-0.15116161747570397,-0.1138326998543622,-0.07365670979165664,-0.016789747451408113,1.0047862980529345,1402.4395651664179,0,4.4
L2,L2-34,sep150,150,-0.5,0.0,A,adj,42,56,4,7,bzC,0.0,-0.14156360911794866,0.37036102662531084,-0.7653406162808821,-0.3780164374827397,-0.12698203786099582,0.10960710738421892,0.4413252877586346,1.0047862980529345,1402.4395651664179,0,4.4
L2,L2-34,sep150,150,-0.5,0.0,A,adj,43,42,3,4,apc_z,0.0,0.05667723105220234,0.08240469956573145,-0.08181487849119412,0.005528531454102564,0.06029671111352025,0.11218579153319826,0.1877311656430733,1.0042621556668627,1001.606970349653,0,4.4
L2,L2-34,sep150,150,-0.5,0.0,A,adj,43,42,3,4,apc_s,-0.07978764519351615,-0.011817869597517267,0.09105701039548962,-0.16590105648136289,-0.0681811252421512,-0.01295348587502377,0.0484087690321776,0.13584863855661605,1.0042621556668627,1001.606970349653,0,4.4
L2,L2-34,sep150,150,-0.5,0.0,A,adj,43,42,3,4,bzC,0.0,0.3556439839799397,0.5937361071920255,-0.6376484553940293,-0.017851109820059316,0.35385478978711904,0.7444940614264046,1.3449602984944373,1.0042621556668627,1001.606970349653,0,4.4
L2,L2-34,sep150,150,-0.5,0.0,A,adj,44,42,1,7,apc_z,0.0,0.10239619116098944,0.06735550468280678,-0.009948222001857118,0.05864044482722324,0.10388044875303826,0.14783037744120703,0.20851591926688715,1.001997953113427,1068.8642987042847,0,4.3
L2,L2-34,sep150,150,-0.5,0.0,A,adj,44,42,1,7,apc_s,-0.07978764519351615,0.035829467600626386,0.07563831332591427,-0.0965329360728798,-0.012315505007748221,0.03986033380627177,0.086475366165372,0.15272341106980808,1.001997953113427,1068.8642987042847,0,4.3
L2,L2-34,sep150,150,-0.5,0.0,A,adj,44,42,1,7,bzC,0.0,0.6541489230119071,0.5507813440852825,-0.2643149562441455,0.30671523459785643,0.6547990925423084,1.0093080536341215,1.537672567707207,1.001997953113427,1068.8642987042847,0,4.3
L2,L2-34,sep150,150,-0.5,0.0,A,adj,45,42,1,10,apc_z,0.0,0.049743270274945045,0.04262853111362819,-0.01812745581466923,0.022041096681095478,0.049075148385960846,0.07745221847864234,0.12040330741288964,1.003051143278264,1673.8903538850489,0,4.3
L2,L2-34,sep150,150,-0.5,0.0,A,adj,45,42,1,10,apc_s,-0.07978764519351615,0.030055974283797398,0.049227598564259165,-0.0470204508633177,-0.0033910998860857402,0.029250487625051724,0.06144166171710498,0.11739086874555242,1.003051143278264,1673.8903538850489,0,4.3
L2,L2-34,sep150,150,-0.5,0.0,A,adj,45,42,1,10,bzC,0.0,0.4148386530404381,0.39412434319022566,-0.2083983832318913,0.17317728062585225,0.40884218052333154,0.6577837164644211,1.067218876494051,1.003051143278264,1673.8903538850489,0,4.3
L2,L2-34,sep150,150,-0.5,0.0,A,adj,46,36,2,3,apc_z,0.0,-0.03420700096497021,0.05643158513980288,-0.12937253983053743,-0.0694073810835486,-0.03444630819552233,0.002041765279468212,0.05721419899378057,1.0043199160528533,1439.0191033713688,0,4.4
L2,L2-34,sep150,150,-0.5,0.0,A,adj,46,36,2,3,apc_s,-0.07978764519351615,-0.007836739670186568,0.06880100525732785,-0.12472683466493413,-0.052637927895066466,-0.007179553390966382,0.03993209197270497,0.10133835660373415,1.0043199160528533,1439.0191033713688,0,4.4
L2,L2-34,sep150,150,-0.5,0.0,A,adj,46,36,2,3,bzC,0.0,-0.23531244689615294,0.46008707510141733,-1.007675776621014,-0.5208941874115836,-0.22979318563940743,0.061393986833746625,0.4972059210241988,1.0043199160528533,1439.0191033713688,0,4.4
L2,L2-34,sep150,150,-0.5,0.0,A,adj,47,37,3,11,apc_z,0.0,0.028285264508950986,0.041205513012329116,-0.0410200829251022,0.003436967924402251,0.02789748062978438,0.05456897736930479,0.09605602117022662,1.0050570987980447,1474.763831796249,0,4.1
L2,L2-34,sep150,150,-0.5,0.0,A,adj,47,37,3,11,apc_s,-0.07978764519351615,-0.03411899980966788,0.04463762664483408,-0.11349227549301026,-0.06266282854272186,-0.031713171659524794,-0.005758811387325426,0.0370398389665877,1.0050570987980447,1474.763831796249,0,4.1
L2,L2-34,sep150,150,-0.5,0.0,A,adj,47,37,3,11,bzC,0.0,0.35566106222851285,0.40113009200210853,-0.30521975705776555,0.11030219090708779,0.36379802592377297,0.6124931887152434,0.990265925521643,1.0050570987980447,1474.763831796249,0,4.1
L2,L2-34,sep150,150,-0.5,0.0,A,adj,48,50,0,11,apc_z,0.0,-0.03937013205302468,0.07126536355804887,-0.15640965168228338,-0.08530995672824299,-0.03578698776249721,0.00976974884136449,0.07526655302270617,1.0027301248085991,999.3958434630804,0,4.7
L2,L2-34,sep150,150,-0.5,0.0,A,adj,48,50,0,11,apc_s,-0.07978764519351615,-0.06163570701263807,0.0817895459995217,-0.19369365852313838,-0.11347138802113753,-0.058769151582580864,-0.005653555160717563,0.06982591755583624,1.0027301248085991,999.3958434630804,0,4.7
L2,L2-34,sep150,150,-0.5,0.0,A,adj,48,50,0,11,bzC,0.0,-0.14705737913163447,0.480050843548205,-0.9683878038958788,-0.4284803800527207,-0.12868748602378915,0.15814339576153294,0.6008289317899111,1.0027301248085991,999.3958434630804,0,4.7
L2,L2-34,sep150,150,-0.5,0.0,A,adj,49,47,1,6,apc_z,0.0,0.010222936173809183,0.08638646451333813,-0.13491610858253023,-0.0431499364742596,0.011668646966586791,0.06510301880469706,0.14669007040223978,1.002615470542881,867.4858641465421,0,4.7
L2,L2-34,sep150,150,-0.5,0.0,A,adj,49,47,1,6,apc_s,-0.07978764519351615,-0.099863148551883,0.09055021811215255,-0.2463717692378161,-0.15771342895625756,-0.10123063124141898,-0.04232253917892975,0.04270270689238623,1.002615470542881,867.4858641465421,0,4.7
L2,L2-34,sep150,150,-0.5,0.0,A,adj,49,47,1,6,bzC,0.0,0.09755627489472979,0.5799013330088156,-0.8956118959946783,-0.2497159583660145,0.1035410657546636,0.4568823176016718,1.003558223636954,1.002615470542881,867.4858641465421,0,4.7
L2,L2-34,sep150,150,-0.5,0.0,A,adj,50,38,2,6,apc_z,0.0,0.04121275901407768,0.05989956933106583,-0.05855176928596609,0.0033273160317180014,0.04451768821821196,0.08137278070997436,0.13777567510498487,1.0048165286605044,1077.9099438287662,0,4.7
L2,L2-34,sep150,150,-0.5,0.0,A,adj,50,38,2,6,apc_s,-0.07978764519351615,-0.012710631337663553,0.07176522968128073,-0.13273267965971083,-0.057704925072267696,-0.010473802037331014,0.03523301257271125,0.10114931324671078,1.0048165286605044,1077.9099438287662,0,4.7
L2,L2-34,sep150,150,-0.5,0.0,A,adj,50,38,2,6,bzC,0.0,0.3471793052288746,0.4965554278435917,-0.4584402141971619,0.04472722833815185,0.34464509923733455,0.6701666360816663,1.15170567127789,1.0048165286605044,1077.9099438287662,0,4.7
L2,L2-34,sep150,150,-0.5,0.0,A,adj,52,44,1,6,apc_z,0.0,-0.0019773976963737743,0.05586090007828016,-0.09375319213761805,-0.035776839114075754,-0.000721940607110047,0.035602388457893555,0.08473397670950406,1.0043493021748948,1310.8616950227265,0,4.3
L2,L2-34,sep150,150,-0.5,0.0,A,adj,52,44,1,6,apc_s,-0.07978764519351615,-0.14636103218026664,0.05757269548994245,-0.23481108565196407,-0.183082722847386,-0.1479950855270787,-0.10858812193588262,-0.04839911656653602,1.0043493021748948,1310.8616950227265,0,4.3
L2,L2-34,sep150,150,-0.5,0.0,A,adj,52,44,1,6,bzC,0.0,0.015424570462982,0.45737232970214226,-0.7409570426216496,-0.28292849648975316,0.029825108962167855,0.3211485586999727,0.7424511202188899,1.0043493021748948,1310.8616950227265,0,4.3
L2,L2-34,sep150,150,-0.5,0.0,A,adj,51,55,2,8,apc_z,0.0,-0.05831860305896579,0.05225264147957708,-0.1467307177241646,-0.08952160398829254,-0.05953943903684229,-0.022354111195663218,0.028245747144201038,1.002967521862237,1493.1839039269505,0,4.5
L2,L2-34,sep150,150,-0.5,0.0,A,adj,51,55,2,8,apc_s,-0.07978764519351615,-0.008922839957755975,0.06963366684459314,-0.12518209174285605,-0.052512793131555206,-0.009642663832611687,0.03606245146627323,0.10565162111927615,1.002967521862237,1493.1839039269505,0,4.5
L2,L2-34,sep150,150,-0.5,0.0,A,adj,51,55,2,8,bzC,0.0,-0.37657234246177507,0.3798774584064016,-1.0056121905964874,-0.6055187807024409,-0.3725040127936117,-0.12915885364975135,0.21797159745256386,1.002967521862237,1493.1839039269505,0,4.5
L2,L2-34,sep150,150,-0.5,0.0,A,adj,53,38,1,5,apc_z,0.0,-0.04906889509289205,0.05304604032640112,-0.1395738279972959,-0.081790884781025,-0.04751302602853967,-0.014708113704067913,0.03718396654922371,1.0034864471825038,1608.6987873287912,0,4.1
L2,L2-34,sep150,150,-0.5,0.0,A,adj,53,38,1,5,apc_s,-0.07978764519351615,-0.040983773545520914,0.05990531982590922,-0.13703232153086087,-0.08302941157734418,-0.04248691893715055,0.0006217722775498137,0.05866615160092986,1.0034864471825038,1608.6987873287912,0,4.1
L2,L2-34,sep150,150,-0.5,0.0,A,adj,53,38,1,5,bzC,0.0,-0.3325407638234993,0.42387730875892377,-1.037861086480679,-0.6016374920046657,-0.3122077719738876,-0.049146296499067876,0.33037343318614704,1.0034864471825038,1608.6987873287912,0,4.1
L2,L2-34,sep150,150,-0.5,0.0,A,adj,54,56,5,11,apc_z,0.0,0.07716649089632999,0.05286621382775555,-0.009774990526169515,0.04365576775455104,0.07609526455366064,0.10917536743995837,0.16822972553108334,1.0035426160996779,1221.8643396670238,0,4.3
L2,L2-34,sep150,150,-0.5,0.0,A,adj,54,56,5,11,apc_s,-0.07978764519351615,0.026804787882151564,0.0652544910798232,-0.07514343042845675,-0.018330672203739157,0.027645019125724438,0.0704444535380985,0.129865661532209,1.0035426160996779,1221.8643396670238,0,4.3
L2,L2-34,sep150,150,-0.5,0.0,A,adj,54,56,5,11,bzC,0.0,0.532849033532439,0.42659225910128545,-0.10974396877428053,0.25910098604026616,0.5110238630831346,0.7876928418931166,1.2550455064191712,1.0035426160996779,1221.8643396670238,0,4.3
L2,L2-34,sep150,150,-0.5,0.0,A,adj,55,52,0,11,apc_z,0.0,-0.025008739594698084,0.07047902527873379,-0.14313391825048158,-0.06833272353311451,-0.022966885512825143,0.02073336406444553,0.08990754785829613,1.004982610394312,801.8310941275739,0,4.2
L2,L2-34,sep150,150,-0.5,0.0,A,adj,55,52,0,11,apc_s,-0.07978764519351615,-0.06172395833733104,0.08075951425102346,-0.19077046329277345,-0.11514448680058585,-0.0596307312594092,-0.009895462401369307,0.06804387271272751,1.004982610394312,801.8310941275739,0,4.2
L2,L2-34,sep150,150,-0.5,0.0,A,adj,55,52,0,11,bzC,0.0,-0.1769943428961999,0.4836722956310905,-0.985979134303655,-0.45649065737897093,-0.1536633698624022,0.1288723479149879,0.5854432754293225,1.004982610394312,801.8310941275739,0,4.2
L2,L2-34,sep150,150,-0.5,0.0,A,adj,56,47,1,8,apc_z,0.0,0.05555875976912138,0.06005971256257411,-0.04821820163176708,0.018019247495756924,0.05833775102355576,0.09516458268663659,0.1496427868632691,1.0033440336468746,1381.0909018008476,0,4.4
L2,L2-34,sep150,150,-0.5,0.0,A,adj,56,47,1,8,apc_s,-0.07978764519351615,-0.03547100218484259,0.0722216986731731,-0.1522733326869164,-0.08394829745806145,-0.03321133789470471,0.013848617437844277,0.08008426906062463,1.0033440336468746,1381.0909018008476,0,4.4
L2,L2-34,sep150,150,-0.5,0.0,A,adj,56,47,1,8,bzC,0.0,0.36438836955341114,0.42890759141445206,-0.33016737679593194,0.10329356214494313,0.36748136819090266,0.6353939614012214,1.0555236257038945,1.0033440336468746,1381.0909018008476,0,4.4
L2,L2-34,sep150,150,-0.5,0.0,A,adj,57,39,0,5,apc_z,0.0,0.026881448268882373,0.04957701702032244,-0.055003961398047474,-0.006008995643261364,0.02376188268891466,0.0607550403658475,0.10567705121525993,1.004937309853403,1759.52087438168,0,4.3
L2,L2-34,sep150,150,-0.5,0.0,A,adj,57,39,0,5,apc_s,-0.07978764519351615,0.04693903815825552,0.06097082390607139,-0.05625093582254019,0.005690933690612985,0.04612163594694259,0.08840321423700724,0.1437426657089469,1.004937309853403,1759.52087438168,0,4.3
L2,L2-34,sep150,150,-0.5,0.0,A,adj,57,39,0,5,bzC,0.0,0.2358122170330612,0.40534391556261185,-0.39692898109928076,-0.02771197700564216,0.2259768461439689,0.4970208317916188,0.9249790763284823,1.004937309853403,1759.52087438168,0,4.3
L2,L2-34,sep150,150,-0.5,0.0,A,adj,58,47,1,8,apc_z,0.0,0.013540340963393842,0.06123683221755892,-0.08853383588678213,-0.023932903163436145,0.01609494517461075,0.05431105488749743,0.10848040616806938,1.0022112350922256,1257.3196890716686,0,4.7
L2,L2-34,sep150,150,-0.5,0.0,A,adj,58,47,1,8,apc_s,-0.07978764519351615,-0.09521471724753382,0.06554042772353623,-0.2061477424381243,-0.13704681215535341,-0.09650459741124458,-0.05374947638445686,0.01613991955645912,1.0022112350922256,1257.3196890716686,0,4.7
L2,L2-34,sep150,150,-0.5,0.0,A,adj,58,47,1,8,bzC,0.0,-0.024142190900304065,0.5028202870778081,-0.8956032000080028,-0.33731041664251843,0.0035144636898640676,0.31116394301903627,0.7491865639436083,1.0022112350922256,1257.3196890716686,0,4.7
L2,L2-34,sep150,150,-0.5,0.0,A,adj,59,49,0,10,apc_z,0.0,0.01133621995807767,0.04633839304853148,-0.06263867376336277,-0.02107144566594838,0.010609598219446036,0.042766513615104564,0.08941086755014661,1.00293610379175,1892.359832610668,0,4.3
L2,L2-34,sep150,150,-0.5,0.0,A,adj,59,49,0,10,apc_s,-0.07978764519351615,0.006973031404607285,0.057151313777317685,-0.08865252823796844,-0.030642551533779788,0.007066294789270253,0.043941210364741835,0.09830098923819137,1.00293610379175,1892.359832610668,0,4.3
L2,L2-34,sep150,150,-0.5,0.0,A,adj,59,49,0,10,bzC,0.0,0.1142672980951824,0.3661192244767906,-0.4676847569468315,-0.1134540346295642,0.11064506121845176,0.3366269561260611,0.7124448495494672,1.00293610379175,1892.359832610668,0,4.3
L2,L2-35,sep150,150,-0.5,-0.4,A,adj,0,44,2,9,apc_z,-0.0814935630625833,0.003501263695403693,0.07588101601344195,-0.11502207702893158,-0.04498025304058244,-0.0013026817328032408,0.05043660386705324,0.13444124628414492,1.006161338334178,859.7917616233111,0,4.3
L2,L2-35,sep150,150,-0.5,-0.4,A,adj,0,44,2,9,apc_s,-0.07917176186539009,0.02716107323811463,0.08535996139001535,-0.10947701565033606,-0.03061357947104156,0.021497553081934184,0.08498616493296934,0.1671660294981989,1.006161338334178,859.7917616233111,0,4.3
L2,L2-35,sep150,150,-0.5,-0.4,A,adj,0,44,2,9,bzC,-0.4,-0.019718301044516315,0.5549327141571367,-0.894617973855323,-0.3678838587515651,-0.032628499966016085,0.30863500666237415,0.930635068112413,1.006161338334178,859.7917616233111,0,4.3
L2,L2-35,sep150,150,-0.5,-0.4,A,adj,1,46,3,9,apc_z,-0.0814935630625833,-0.06051641066730146,0.06625829745041092,-0.16556515351366247,-0.10442239584787608,-0.0596127063371074,-0.019584557755703197,0.04376491576395823,1.0032209999193693,888.6320568592696,0,4.5
L2,L2-35,sep150,150,-0.5,-0.4,A,adj,1,46,3,9,apc_s,-0.07917176186539009,-0.115832418897401,0.06983781614569275,-0.22389038271113254,-0.16288880710944587,-0.11970323323900195,-0.07139384186928188,0.00022329243279140443,1.0032209999193693,888.6320568592696,0,4.5
L2,L2-35,sep150,150,-0.5,-0.4,A,adj,1,46,3,9,bzC,-0.4,-0.5009733983026855,0.5210256888595276,-1.3839592550837432,-0.8183685171204087,-0.4838162248571205,-0.15998336924461504,0.3105205153726023,1.0032209999193693,888.6320568592696,0,4.5
L2,L2-35,sep150,150,-0.5,-0.4,A,adj,2,53,1,12,apc_z,-0.0814935630625833,-0.03640300851526816,0.04285646631731944,-0.10145570839379947,-0.0673823660377291,-0.03677207451118732,-0.0064975148283941,0.03413272002413285,1.0025419067764085,1589.0594077312335,0,4.3
L2,L2-35,sep150,150,-0.5,-0.4,A,adj,2,53,1,12,apc_s,-0.07917176186539009,-0.04434520033310391,0.050712862529965035,-0.13287165877776652,-0.07750958559768903,-0.04424904404426751,-0.010868142604969919,0.0388708961363941,1.0025419067764085,1589.0594077312335,0,4.3
L2,L2-35,sep150,150,-0.5,-0.4,A,adj,2,53,1,12,bzC,-0.4,-0.2798535741987342,0.33043068930578645,-0.8349721711960147,-0.48862244475409844,-0.2672544801896681,-0.06522686551427986,0.247838888234353,1.0025419067764085,1589.0594077312335,0,4.3
L2,L2-35,sep150,150,-0.5,-0.4,A,adj,3,44,0,5,apc_z,-0.0814935630625833,-0.09869734849650362,0.06465742588364007,-0.20484123375497823,-0.14192202698435885,-0.09732329974469267,-0.0562021810485687,0.005716171746605953,1.0044534456008647,1247.965802508998,0,4.7
L2,L2-35,sep150,150,-0.5,-0.4,A,adj,3,44,0,5,apc_s,-0.07917176186539009,-0.051894400083075706,0.07360180943866004,-0.17528713195267262,-0.10183573288834719,-0.052851500804210215,-0.004915199378755396,0.06391630584052452,1.0044534456008647,1247.965802508998,0,4.7
L2,L2-35,sep150,150,-0.5,-0.4,A,adj,3,44,0,5,bzC,-0.4,-0.5207174799882603,0.4855936270448187,-1.3412018774119185,-0.8124125958683088,-0.5222214481896034,-0.2042504475113865,0.259623144613763,1.0044534456008647,1247.965802508998,0,4.7
L2,L2-35,sep150,150,-0.5,-0.4,A,adj,4,45,2,9,apc_z,-0.0814935630625833,-0.10882868713467951,0.04075645419739748,-0.1768864293556708,-0.13582533813118836,-0.10781883476383425,-0.08084364681960232,-0.04165834929258576,1.0029559004566333,1656.3912209238488,0,4.6
L2,L2-35,sep150,150,-0.5,-0.4,A,adj,4,45,2,9,apc_s,-0.07917176186539009,-0.06678111419759611,0.052389103141529496,-0.15082433754294777,-0.10183503468331613,-0.0702008365468788,-0.031005840822057987,0.022576320914170625,1.0029559004566333,1656.3912209238488,0,4.6
L2,L2-35,sep150,150,-0.5,-0.4,A,adj,4,45,2,9,bzC,-0.4,-0.672386917467404,0.3922598115836167,-1.3249347926379769,-0.9198471607973753,-0.6681252376252844,-0.42057140811816707,-0.020609083452572376,1.0029559004566333,1656.3912209238488,0,4.6
L2,L2-35,sep150,150,-0.5,-0.4,A,adj,5,42,0,9,apc_z,-0.0814935630625833,-0.013933282553803298,0.0644865328498099,-0.11450567810244758,-0.05680915525209076,-0.015328929748004393,0.027882902976118985,0.09287219689793964,1.0040240818568926,1096.722267319493,0,4.8
L2,L2-35,sep150,150,-0.5,-0.4,A,adj,5,42,0,9,apc_s,-0.07917176186539009,0.04149185448533959,0.07250611691571952,-0.0829213387609545,-0.0054589940116101165,0.04386059763267451,0.089247999002385,0.15836035470813525,1.0040240818568926,1096.722267319493,0,4.8
L2,L2-35,sep150,150,-0.5,-0.4,A,adj,5,42,0,9,bzC,-0.4,-0.05183496936677835,0.47969013013843387,-0.8294749733552718,-0.3603724262933929,-0.0631637313370483,0.24572089479515888,0.7387605861658701,1.0040240818568926,1096.722267319493,0,4.8
L2,L2-35,sep150,150,-0.5,-0.4,A,adj,6,50,0,13,apc_z,-0.0814935630625833,-0.12162500582813388,0.047048950175037484,-0.19658423270102418,-0.15433424516148708,-0.12026525296895126,-0.08893803840815062,-0.04591985230207285,1.0048373671766768,992.0858742194783,0,4.5
L2,L2-35,sep150,150,-0.5,-0.4,A,adj,6,50,0,13,apc_s,-0.07917176186539009,-0.15023788863824455,0.04858851160410877,-0.2261773243202813,-0.18262345067624222,-0.15105782125578254,-0.1178189925475168,-0.06927768713814535,1.0048373671766768,992.0858742194783,0,4.5
L2,L2-35,sep150,150,-0.5,-0.4,A,adj,6,50,0,13,bzC,-0.4,-0.9162958364272759,0.45498287654021763,-1.702826224673697,-1.2016837006435044,-0.8812016093251416,-0.6013618963245055,-0.22649689777379864,1.0048373671766768,992.0858742194783,0,4.5
L2,L2-35,sep150,150,-0.5,-0.4,A,adj,7,44,1,8,apc_z,-0.0814935630625833,-0.058875882667005684,0.0452493428293025,-0.12990163754338555,-0.09022759152635103,-0.06016003307990061,-0.029978552963594092,0.019216679822137626,1.0024104763263604,1431.9024000270956,0,4.4
L2,L2-35,sep150,150,-0.5,-0.4,A,adj,7,44,1,8,apc_s,-0.07917176186539009,-0.02166242832463738,0.05767510968450838,-0.11331141427759293,-0.06085583882581131,-0.022902646854264738,0.015245300540915822,0.07571536149501767,1.0024104763263604,1431.9024000270956,0,4.4
L2,L2-35,sep150,150,-0.5,-0.4,A,adj,7,44,1,8,bzC,-0.4,-0.2612733304558396,0.3666575090601243,-0.8599059020196661,-0.48661038947208635,-0.26525175025972114,-0.04174383691272436,0.34903434789707444,1.0024104763263604,1431.9024000270956,0,4.4
L2,L2-35,sep150,150,-0.5,-0.4,A,adj,8,55,3,7,apc_z,-0.0814935630625833,-0.00973222927227265,0.05442009812546792,-0.09693382255236249,-0.049489524930973805,-0.009499048689888368,0.026081745417972618,0.08014136084326116,1.0052897908197431,1447.5806893325273,0,4.4
L2,L2-35,sep150,150,-0.5,-0.4,A,adj,8,55,3,7,apc_s,-0.07917176186539009,0.04423556009854337,0.06596069056404086,-0.06244328434076701,-0.0017127664016342247,0.04630741112809551,0.0872055173679433,0.1521021940722796,1.0052897908197431,1447.5806893325273,0,4.4
L2,L2-35,sep150,150,-0.5,-0.4,A,adj,8,55,3,7,bzC,-0.4,-0.0785926296693718,0.35492129022637114,-0.6446950228479853,-0.30823003843982755,-0.0894129055102445,0.14198842895900046,0.5142112637629824,1.0052897908197431,1447.5806893325273,0,4.4
L2,L2-35,sep150,150,-0.5,-0.4,A,adj,9,54,1,11,apc_z,-0.0814935630625833,0.0542669038567643,0.0619510239917828,-0.04465402325703186,0.011380567245470225,0.0536073788574636,0.09551820202170387,0.15531437596592046,1.0029502591613295,966.0479247665561,0,4.4
L2,L2-35,sep150,150,-0.5,-0.4,A,adj,9,54,1,11,apc_s,-0.07917176186539009,0.07790596371620995,0.07338279957568541,-0.05207053448326038,0.029307040437582848,0.07700217846060108,0.12711861931338145,0.19626004570280844,1.0029502591613295,966.0479247665561,0,4.4
L2,L2-35,sep150,150,-0.5,-0.4,A,adj,9,54,1,11,bzC,-0.4,0.5184407084595378,0.4662954685110771,-0.2161247877867361,0.20214879010369521,0.4970834954906226,0.8074590254038199,1.3168738089220715,1.0029502591613295,966.0479247665561,0,4.4
L2,L2-35,sep150,150,-0.5,-0.4,A,adj,10,43,2,10,apc_z,-0.0814935630625833,-0.10436140927023446,0.05789701252464122,-0.1992547270531245,-0.14008828450091826,-0.1058032762949641,-0.06654711377205179,-0.012272231264311862,1.0023449091811703,1050.0610668696556,0,4.4
L2,L2-35,sep150,150,-0.5,-0.4,A,adj,10,43,2,10,apc_s,-0.07917176186539009,-0.0965372875697989,0.06281604722387756,-0.19648149954355265,-0.14037235977137663,-0.09781498871506508,-0.0584635127959796,0.009016665277759957,1.0023449091811703,1050.0610668696556,0,4.4
L2,L2-35,sep150,150,-0.5,-0.4,A,adj,10,43,2,10,bzC,-0.4,-0.7203854141168865,0.5059078231977422,-1.584610219305896,-1.0432867265342973,-0.6963775801654181,-0.37895694199861835,0.06964194605834614,1.0023449091811703,1050.0610668696556,0,4.4
L2,L2-35,sep150,150,-0.5,-0.4,A,adj,11,46,1,9,apc_z,-0.0814935630625833,-0.09041852507261279,0.055161580498987645,-0.18195733726699306,-0.1261356470163666,-0.0878822037098353,-0.05440063502210708,-0.0037887828376409493,1.0053159959587952,1090.2210854085372,0,4.5
L2,L2-35,sep150,150,-0.5,-0.4,A,adj,11,46,1,9,apc_s,-0.07917176186539009,-0.120916352161652,0.059470021076345386,-0.21461947124070027,-0.16172669531728495,-0.12341538005878225,-0.0823480014576296,-0.018722668099106433,1.0053159959587952,1090.2210854085372,0,4.5
L2,L2-35,sep150,150,-0.5,-0.4,A,adj,11,46,1,9,bzC,-0.4,-0.6032279165325629,0.5020683595070012,-1.4900667061012998,-0.8999412996386241,-0.5715915932633658,-0.2792079939238771,0.14040160297618973,1.0053159959587952,1090.2210854085372,0,4.5
L2,L2-35,sep150,150,-0.5,-0.4,A,adj,12,52,2,10,apc_z,-0.0814935630625833,-0.1429764427601391,0.055647568419993375,-0.24025300152515522,-0.17907413745839046,-0.1421542801957238,-0.10520546272337834,-0.051469776321936195,1.002575126972266,1046.0577795019067,0,4.3
L2,L2-35,sep150,150,-0.5,-0.4,A,adj,12,52,2,10,apc_s,-0.07917176186539009,-0.14714888675519341,0.06117417125770995,-0.24414202430669052,-0.18841385187459347,-0.14907395755813824,-0.10997853113749943,-0.041904551920328284,1.002575126972266,1046.0577795019067,0,4.3
L2,L2-35,sep150,150,-0.5,-0.4,A,adj,12,52,2,10,bzC,-0.4,-0.783718691298664,0.5468540925076858,-1.6921331398355324,-1.127156100435468,-0.7688133593768828,-0.42654649129715166,0.08334518078146551,1.002575126972266,1046.0577795019067,0,4.3
L2,L2-35,sep150,150,-0.5,-0.4,A,adj,13,51,2,10,apc_z,-0.0814935630625833,-0.06395594255391204,0.060487231914570345,-0.16216404578766286,-0.10090376314817599,-0.06164447064622991,-0.025845156075280627,0.031183431301923307,1.0032069804068295,1120.8129557712286,0,4.4
L2,L2-35,sep150,150,-0.5,-0.4,A,adj,13,51,2,10,apc_s,-0.07917176186539009,-0.09287790524501523,0.06910683370210889,-0.20328668800267893,-0.14083794969639687,-0.09188267371141798,-0.04890521507362973,0.023766527166698657,1.0032069804068295,1120.8129557712286,0,4.4
L2,L2-35,sep150,150,-0.5,-0.4,A,adj,13,51,2,10,bzC,-0.4,-0.3563463152263266,0.44769092002309746,-1.1205393467337115,-0.6265016526118754,-0.3283886713723383,-0.06738455504522088,0.33245737183817203,1.0032069804068295,1120.8129557712286,0,4.4
L2,L2-35,sep150,150,-0.5,-0.4,A,adj,14,41,1,6,apc_z,-0.0814935630625833,-0.1247131649156022,0.06002361107886793,-0.22175505052932473,-0.16481213651067966,-0.12623778949567876,-0.08470573844266685,-0.021710486250188652,1.0041149451290574,1335.9535570695023,0,4.3
L2,L2-35,sep150,150,-0.5,-0.4,A,adj,14,41,1,6,apc_s,-0.07917176186539009,-0.052726530531504424,0.0686395766617567,-0.1608101678631096,-0.09758307225293672,-0.054755769751078216,-0.011894870937367543,0.06771783640177867,1.0041149451290574,1335.9535570695023,0,4.3
L2,L2-35,sep150,150,-0.5,-0.4,A,adj,14,41,1,6,bzC,-0.4,-0.8264206400735131,0.5283112078277589,-1.7049226057029525,-1.16239229699425,-0.8126290641730007,-0.49939811085549946,0.03435282552435727,1.0041149451290574,1335.9535570695023,0,4.3
L2,L2-35,sep150,150,-0.5,-0.4,A,adj,15,47,2,7,apc_z,-0.0814935630625833,-0.09471452001208167,0.06652465489296185,-0.19840482978401866,-0.1360531946799673,-0.09590078290526817,-0.056247433815522496,0.015408909811106144,1.0059453227299109,917.4705969807196,0,4.1
L2,L2-35,sep150,150,-0.5,-0.4,A,adj,15,47,2,7,apc_s,-0.07917176186539009,-0.1283759433117671,0.07220987539103241,-0.23593166912271923,-0.1775785732699535,-0.13195284638927113,-0.08449038015009763,-0.01238049037566201,1.0059453227299109,917.4705969807196,0,4.1
L2,L2-35,sep150,150,-0.5,-0.4,A,adj,15,47,2,7,bzC,-0.4,-0.6965316260949256,0.5209332870468771,-1.569751809634364,-1.0232633484842137,-0.6788382446070826,-0.3547722681798304,0.12225256411740819,1.0059453227299109,917.4705969807196,0,4.1
L2,L2-35,sep150,150,-0.5,-0.4,A,adj,16,49,1,8,apc_z,-0.0814935630625833,-0.033839797950700704,0.059409491067150474,-0.13161506037322093,-0.07034670561556297,-0.03439868074723888,0.0021488302289833306,0.06235813377469458,1.0036334006091754,1327.691308868994,0,4.1
L2,L2-35,sep150,150,-0.5,-0.4,A,adj,16,49,1,8,apc_s,-0.07917176186539009,-0.06643667927935244,0.0696719003271,-0.1815107806314208,-0.11217122192800835,-0.06625249602606231,-0.02186017469397767,0.044731016048349816,1.0036334006091754,1327.691308868994,0,4.1
L2,L2-35,sep150,150,-0.5,-0.4,A,adj,16,49,1,8,bzC,-0.4,-0.24364775624305185,0.4086370195625801,-0.9253594709109496,-0.49633343858347667,-0.2376280991361656,0.012430324020899802,0.4175860860252307,1.0036334006091754,1327.691308868994,0,4.1
L2,L2-35,sep150,150,-0.5,-0.4,A,adj,17,49,1,7,apc_z,-0.0814935630625833,-0.10044600514203773,0.07149528725289124,-0.20822737860254836,-0.1464695156105236,-0.1025029956808416,-0.05892878296765876,0.018366551854745783,1.00397218194305,974.4913111864275,0,4.2
L2,L2-35,sep150,150,-0.5,-0.4,A,adj,17,49,1,7,apc_s,-0.07917176186539009,-0.03374967051370399,0.08237378044532112,-0.1656000148734284,-0.08928028124090934,-0.0371435184328962,0.01724423081969973,0.10015205089077588,1.00397218194305,974.4913111864275,0,4.2
L2,L2-35,sep150,150,-0.5,-0.4,A,adj,17,49,1,7,bzC,-0.4,-0.6188761162701396,0.4986421868968662,-1.4647017184510847,-0.9210576086371097,-0.609208252965227,-0.31975071203718236,0.17211296852566396,1.00397218194305,974.4913111864275,0,4.2
L2,L2-35,sep150,150,-0.5,-0.4,A,adj,18,46,1,6,apc_z,-0.0814935630625833,-0.07125174758741426,0.055303048113520846,-0.15827872285782849,-0.10804847985431452,-0.07168092057600225,-0.031779617799874676,0.01696344330660265,1.0021249604296827,1273.961468650515,0,4.4
L2,L2-35,sep150,150,-0.5,-0.4,A,adj,18,46,1,6,apc_s,-0.07917176186539009,-0.07386916760975269,0.06989122416096555,-0.18905578396366826,-0.12236391665097826,-0.07479618996744865,-0.028525964883401665,0.04619576484556729,1.0021249604296827,1273.961468650515,0,4.4
L2,L2-35,sep150,150,-0.5,-0.4,A,adj,18,46,1,6,bzC,-0.4,-0.5073703841109607,0.4078127970902242,-1.2097799887405125,-0.7477815987389473,-0.4972721986995508,-0.2373135514981486,0.11739954887846393,1.0021249604296827,1273.961468650515,0,4.4
L2,L2-35,sep150,150,-0.5,-0.4,A,adj,19,46,3,7,apc_z,-0.0814935630625833,-0.11950836963741743,0.04897225863653084,-0.19787786437311583,-0.1526794608520486,-0.11966690498914875,-0.08725396068773975,-0.03934314336124157,1.0037995471017822,1307.955964726134,0,4.3
L2,L2-35,sep150,150,-0.5,-0.4,A,adj,19,46,3,7,apc_s,-0.07917176186539009,-0.09041858139230145,0.05455787838446212,-0.17488627114552455,-0.12871373572853534,-0.092579556857605,-0.05412077532526344,0.0030176227895431025,1.0037995471017822,1307.955964726134,0,4.3
L2,L2-35,sep150,150,-0.5,-0.4,A,adj,19,46,3,7,bzC,-0.4,-0.8196097054963059,0.42037475113680783,-1.53462620322468,-1.0835861593480676,-0.8075885704163586,-0.5387441349581369,-0.1671422688007427,1.0037995471017822,1307.955964726134,0,4.3
L2,L2-35,sep150,150,-0.5,-0.4,A,adj,20,51,2,8,apc_z,-0.0814935630625833,-0.084856864962145,0.07761805543794809,-0.21036480573022417,-0.13562045417574325,-0.08616965290079642,-0.03284769294932706,0.03940902817857194,1.0050720839388947,674.2761642080303,0,4.4
L2,L2-35,sep150,150,-0.5,-0.4,A,adj,20,51,2,8,apc_s,-0.07917176186539009,-0.038339109218032644,0.09004317012112055,-0.18218416411316712,-0.09901032882352664,-0.0402446625492326,0.02048096739908363,0.1106314914711471,1.0050720839388947,674.2761642080303,0,4.4
L2,L2-35,sep150,150,-0.5,-0.4,A,adj,20,51,2,8,bzC,-0.4,-0.5140064212733284,0.5368124957533909,-1.4164748949250217,-0.8464942298450908,-0.494888192594267,-0.16712778640221967,0.31316131985672163,1.0050720839388947,674.2761642080303,0,4.4
L2,L2-35,sep150,150,-0.5,-0.4,A,adj,21,46,1,4,apc_z,-0.0814935630625833,-0.12009087104099912,0.04377277207970367,-0.19016313328344164,-0.14959192993836865,-0.12116449210590188,-0.09005572815848163,-0.04322921040999906,1.0047160326876048,1624.1521209450677,0,4.2
L2,L2-35,sep150,150,-0.5,-0.4,A,adj,21,46,1,4,apc_s,-0.07917176186539009,-0.06403042171990947,0.05540731633152064,-0.15586494392702757,-0.1020676619354218,-0.06341030665905625,-0.026305900694771497,0.02644477494380565,1.0047160326876048,1624.1521209450677,0,4.2
L2,L2-35,sep150,150,-0.5,-0.4,A,adj,21,46,1,4,bzC,-0.4,-0.7653001643556904,0.38665124435722814,-1.4307323576417883,-1.008730067457496,-0.7531563228279777,-0.5125364808156024,-0.1637083585598253,1.0047160326876048,1624.1521209450677,0,4.2
L2,L2-35,sep150,150,-0.5,-0.4,A,adj,22,48,2,10,apc_z,-0.0814935630625833,-0.12003669071092896,0.04315273523718206,-0.19065152228387006,-0.14949781926941136,-0.11992074174760196,-0.09150750405412743,-0.05078689189183295,1.0033964907986215,1312.2732344001738,0,4.3
L2,L2-35,sep150,150,-0.5,-0.4,A,adj,22,48,2,10,apc_s,-0.07917176186539009,-0.10360231247795745,0.04943062964979002,-0.183545054914379,-0.1392146421416618,-0.10495947604202527,-0.06741129800048283,-0.022939784400665755,1.0033964907986215,1312.2732344001738,0,4.3
L2,L2-35,sep150,150,-0.5,-0.4,A,adj,22,48,2,10,bzC,-0.4,-0.7380979689547669,0.42454386457546767,-1.468214167730288,-1.0017194581800855,-0.72919956178063,-0.4598936065372092,-0.08254284576206632,1.0033964907986215,1312.2732344001738,0,4.3
L2,L2-35,sep150,150,-0.5,-0.4,A,adj,23,48,2,7,apc_z,-0.0814935630625833,-0.0758562968297964,0.041266670637314554,-0.14129426343504226,-0.10255362376830836,-0.0770408419969718,-0.049244867827109184,-0.004039051253022744,1.0023908252078324,1679.3912289542488,0,4.2
L2,L2-35,sep150,150,-0.5,-0.4,A,adj,23,48,2,7,apc_s,-0.07917176186539009,0.01642624166330553,0.05334788189193876,-0.0713873535025803,-0.020489752255856582,0.01569509116545132,0.05193336797095262,0.10717605121953377,1.0023908252078324,1679.3912289542488,0,4.2
L2,L2-35,sep150,150,-0.5,-0.4,A,adj,23,48,2,7,bzC,-0.4,-0.39118932990050076,0.3242161295007648,-0.9175628771404655,-0.5932623962863629,-0.39432885967092923,-0.18976358958824419,0.13680789788784728,1.0023908252078324,1679.3912289542488,0,4.2
L2,L2-35,sep150,150,-0.5,-0.4,A,adj,24,45,1,8,apc_z,-0.0814935630625833,-0.13218851001996615,0.05627634995887516,-0.22142948796417014,-0.1687076007446359,-0.13260540867916265,-0.09783313213007624,-0.04677306999060988,1.0029381843606446,1112.9628144504247,0,4.2
L2,L2-35,sep150,150,-0.5,-0.4,A,adj,24,45,1,8,apc_s,-0.07917176186539009,-0.09465086951621988,0.06208464333021526,-0.1862681092314144,-0.13782768230849943,-0.09962608458235478,-0.05764205548109648,0.011886956971538592,1.0029381843606446,1112.9628144504247,0,4.2
L2,L2-35,sep150,150,-0.5,-0.4,A,adj,24,45,1,8,bzC,-0.4,-1.0371532225131346,0.5043011898810278,-1.8825187092589473,-1.3622053574501143,-1.0161859841402938,-0.7050431693908711,-0.2655978044132746,1.0029381843606446,1112.9628144504247,0,4.2
L2,L2-35,sep150,150,-0.5,-0.4,A,adj,25,45,1,11,apc_z,-0.0814935630625833,-0.12625621753418914,0.04539466800964992,-0.20411842774360295,-0.15834098516752965,-0.1252928437829689,-0.09592796168386195,-0.05104245041868983,1.0025029885487493,1506.1212610589457,0,4.5
L2,L2-35,sep150,150,-0.5,-0.4,A,adj,25,45,1,11,apc_s,-0.07917176186539009,-0.09074212831495747,0.046503368508721894,-0.16899868300547088,-0.12147474646941675,-0.09257581852889882,-0.05856995698407069,-0.013686596053545151,1.0025029885487493,1506.1212610589457,0,4.5
L2,L2-35,sep150,150,-0.5,-0.4,A,adj,25,45,1,11,bzC,-0.4,-0.9938658386423113,0.4514649860162221,-1.7704285725223325,-1.2791000545795475,-0.9705059978712887,-0.6888748037734956,-0.30588074708174084,1.0025029885487493,1506.1212610589457,0,4.5
L2,L2-35,sep150,150,-0.5,-0.4,A,adj,26,50,2,6,apc_z,-0.0814935630625833,-0.023510680344725005,0.04690444816513862,-0.10389115463523872,-0.0539511723642149,-0.023642437359329055,0.007303544405993463,0.05287210530577347,1.0035597612429097,1348.8358890912964,0,4.5
L2,L2-35,sep150,150,-0.5,-0.4,A,adj,26,50,2,6,apc_s,-0.07917176186539009,-0.08672693788490932,0.05711288219486508,-0.18274081423394953,-0.1230486105582079,-0.08561556627077321,-0.04683093688640884,0.0047232775430505695,1.0035597612429097,1348.8358890912964,0,4.5
L2,L2-35,sep150,150,-0.5,-0.4,A,adj,26,50,2,6,bzC,-0.4,-0.0005939024933148511,0.42150032705795304,-0.6864810567710313,-0.26486416314656985,-0.005207055334932506,0.25616732538134007,0.7035890681039357,1.0035597612429097,1348.8358890912964,0,4.5
L2,L2-35,sep150,150,-0.5,-0.4,A,adj,27,40,2,6,apc_z,-0.0814935630625833,-0.13739359840459803,0.05425985089662173,-0.2272645205982013,-0.17366301219573607,-0.13765788919556826,-0.10006339985391255,-0.04805806435636793,1.0030499875826397,1310.2704544492663,0,4.5
L2,L2-35,sep150,150,-0.5,-0.4,A,adj,27,40,2,6,apc_s,-0.07917176186539009,-0.10355402572199053,0.05958837971925269,-0.19791825573068972,-0.1443367407154646,-0.10260821348849992,-0.06815981449637598,-0.001974943179939841,1.0030499875826397,1310.2704544492663,0,4.5
L2,L2-35,sep150,150,-0.5,-0.4,A,adj,27,40,2,6,bzC,-0.4,-1.0344232213759446,0.5277977145773868,-1.9268709172551748,-1.3756287649301044,-1.022646121224176,-0.6903283470205893,-0.22433367212250885,1.0030499875826397,1310.2704544492663,0,4.5
L2,L2-35,sep150,150,-0.5,-0.4,A,adj,28,43,3,7,apc_z,-0.0814935630625833,-0.054310935041177066,0.06460350624109353,-0.15352027618237615,-0.10006039278314564,-0.05893840739996806,-0.014965200913053632,0.05949995905093781,1.00357296842262,1221.8956326152086,0,4.4
L2,L2-35,sep150,150,-0.5,-0.4,A,adj,28,43,3,7,apc_s,-0.07917176186539009,0.05752116957320928,0.07051953465111972,-0.0503390686260071,0.010885554798275554,0.05254617629138836,0.10237079343934265,0.17599270508806178,1.00357296842262,1221.8956326152086,0,4.4
L2,L2-35,sep150,150,-0.5,-0.4,A,adj,28,43,3,7,bzC,-0.4,-0.48882944797636446,0.531132525399068,-1.331447896121521,-0.8304066066439608,-0.5086833838693176,-0.16448941113064894,0.3868822173077749,1.00357296842262,1221.8956326152086,0,4.4
L2,L2-35,sep150,150,-0.5,-0.4,A,adj,29,52,1,2,apc_z,-0.0814935630625833,-0.1465764919546856,0.06797218888199953,-0.2597434824837137,-0.1916015628806876,-0.1481490912159385,-0.10259850876825025,-0.031192303544740865,1.0027612403073285,1302.9170286613125,0,4.3
L2,L2-35,sep150,150,-0.5,-0.4,A,adj,29,52,1,2,apc_s,-0.07917176186539009,-0.1093365278983895,0.07864812704021434,-0.23151160929547787,-0.16493076795255057,-0.1110192348169271,-0.05169769281416481,0.01805612252079766,1.0027612403073285,1302.9170286613125,0,4.3
L2,L2-35,sep150,150,-0.5,-0.4,A,adj,29,52,1,2,bzC,-0.4,-0.8233083653907775,0.48954584874801615,-1.6380332515407936,-1.1207713134290622,-0.8018522202342688,-0.49993457745844655,-0.08048236804815145,1.0027612403073285,1302.9170286613125,0,4.3
L2,L2-35,sep150,150,-0.5,-0.4,A,adj,30,44,0,10,apc_z,-0.0814935630625833,-0.10556510231821209,0.06827857346666094,-0.2114305244258141,-0.1485710731875735,-0.1095743783145347,-0.06374145072527793,0.0103943457276347,1.0038487758860342,868.432842671472,0,4.3
L2,L2-35,sep150,150,-0.5,-0.4,A,adj,30,44,0,10,apc_s,-0.07917176186539009,0.0495671681850726,0.07851194520893258,-0.07645793894358535,-0.0013906659200291411,0.04831520250105822,0.10018765162566329,0.1825043101132111,1.0038487758860342,868.432842671472,0,4.3
L2,L2-35,sep150,150,-0.5,-0.4,A,adj,30,44,0,10,bzC,-0.4,-0.650457987760828,0.5914562106227252,-1.6228026139152272,-1.0261750519846151,-0.6665220953786739,-0.2744688425516498,0.3366212464465904,1.0038487758860342,868.432842671472,0,4.3
L2,L2-35,sep150,150,-0.5,-0.4,A,adj,31,52,2,8,apc_z,-0.0814935630625833,-0.09420106378063209,0.057017636425424074,-0.1804084808736213,-0.13414201671887327,-0.09602396241031533,-0.05528882642225485,-0.004415934651956396,1.0021227702636089,1250.3042993636213,0,4.5
L2,L2-35,sep150,150,-0.5,-0.4,A,adj,31,52,2,8,apc_s,-0.07917176186539009,-0.07093286269721744,0.07082832702907153,-0.1805836903581226,-0.12154046549959556,-0.07416328971269362,-0.025441119462763867,0.04609351582993128,1.0021227702636089,1250.3042993636213,0,4.5
L2,L2-35,sep150,150,-0.5,-0.4,A,adj,31,52,2,8,bzC,-0.4,-0.5532194422245095,0.42509307298422866,-1.2562431371786016,-0.82776460251594,-0.5513942913731976,-0.28255608060448334,0.1382501929343505,1.0021227702636089,1250.3042993636213,0,4.5
L2,L2-35,sep150,150,-0.5,-0.4,A,adj,32,53,1,12,apc_z,-0.0814935630625833,-0.1300103995238269,0.05505246643763162,-0.2225530286253909,-0.1651899601596345,-0.12904579240583902,-0.09253321040613029,-0.04314586502115666,1.002067000919356,1273.5985061636084,0,4.2
L2,L2-35,sep150,150,-0.5,-0.4,A,adj,32,53,1,12,apc_s,-0.07917176186539009,-0.08847824959753049,0.06073208383937625,-0.18520267445597194,-0.1281091999323438,-0.09035072956284451,-0.05009202178954275,0.01580506586816503,1.002067000919356,1273.5985061636084,0,4.2
L2,L2-35,sep150,150,-0.5,-0.4,A,adj,32,53,1,12,bzC,-0.4,-0.8348532001396469,0.47171110758048335,-1.6409760851355366,-1.1293760847576775,-0.8108459434307433,-0.5312571167389346,-0.0872547900597184,1.002067000919356,1273.5985061636084,0,4.2
L2,L2-35,sep150,150,-0.5,-0.4,A,adj,33,52,5,8,apc_z,-0.0814935630625833,-0.08819862748740269,0.0513011358303439,-0.17325744535062185,-0.12473749241056854,-0.08845946462061574,-0.052055474180971215,-0.0026514806484266903,1.0035187964088836,1053.6538040295895,0,4.3
L2,L2-35,sep150,150,-0.5,-0.4,A,adj,33,52,5,8,apc_s,-0.07917176186539009,-0.18720480591506586,0.04752487045641825,-0.2634472147133062,-0.21885129922303104,-0.18762625941576494,-0.155405508770568,-0.10293065769408768,1.0035187964088836,1053.6538040295895,0,4.3
L2,L2-35,sep150,150,-0.5,-0.4,A,adj,33,52,5,8,bzC,-0.4,-0.7129416138007899,0.45800591413011643,-1.5096631853149816,-0.9990420885733285,-0.6927745661281062,-0.40132177234677147,7.989533691479637e-05,1.0035187964088836,1053.6538040295895,0,4.3
L2,L2-35,sep150,150,-0.5,-0.4,A,adj,34,43,1,5,apc_z,-0.0814935630625833,-0.0408042277963151,0.0956680769846932,-0.1941417912396886,-0.10397118306866127,-0.047085435634935904,0.024606130464974212,0.12330371116048242,1.0050718528288176,791.0532810391873,0,4.3
L2,L2-35,sep150,150,-0.5,-0.4,A,adj,34,43,1,5,apc_s,-0.07917176186539009,-0.024826974870603407,0.10503684814350635,-0.1983324665573893,-0.09530040682986748,-0.02561052798039845,0.05078223017894358,0.14727984459499413,1.0050718528288176,791.0532810391873,0,4.3
L2,L2-35,sep150,150,-0.5,-0.4,A,adj,34,43,1,5,bzC,-0.4,-0.26962107459247686,0.6232305093210341,-1.3132882339816985,-0.676811564141275,-0.26919466126333375,0.1451530712897006,0.7522055520461226,1.0050718528288176,791.0532810391873,0,4.3
L2,L2-35,sep150,150,-0.5,-0.4,A,adj,35,48,2,4,apc_z,-0.0814935630625833,-0.0914387404069034,0.045844328370621724,-0.16729865909354508,-0.12320103304373799,-0.08936077165751091,-0.06192893151475463,-0.014360308223496501,1.002535505418288,1625.1440408101898,0,4.5
L2,L2-35,sep150,150,-0.5,-0.4,A,adj,35,48,2,4,apc_s,-0.07917176186539009,-0.06956818877349244,0.061741197607751985,-0.1680451600522288,-0.11480899838219051,-0.06933967981428088,-0.026797377780657695,0.027705220203085773,1.002535505418288,1625.1440408101898,0,4.5
L2,L2-35,sep150,150,-0.5,-0.4,A,adj,35,48,2,4,bzC,-0.4,-0.4381884703094823,0.41345086508764345,-1.1109464724813987,-0.6889760586286291,-0.4399748511626407,-0.17713320606893912,0.23161077872439947,1.002535505418288,1625.1440408101898,0,4.5
L2,L2-35,sep150,150,-0.5,-0.4,A,adj,36,45,0,9,apc_z,-0.0814935630625833,-0.08755139562344393,0.05097923144019344,-0.17398132164080757,-0.12340698056345423,-0.08909567478568796,-0.05064560603993508,-0.004333089391553006,1.0028726191793569,1179.3813232399386,0,4.3
L2,L2-35,sep150,150,-0.5,-0.4,A,adj,36,45,0,9,apc_s,-0.07917176186539009,-0.10632251956182438,0.058903375604464986,-0.20344508723369825,-0.14473334710404423,-0.10628939726901485,-0.06401789537561464,-0.009187057184068304,1.0028726191793569,1179.3813232399386,0,4.3
L2,L2-35,sep150,150,-0.5,-0.4,A,adj,36,45,0,9,bzC,-0.4,-0.4646866252509966,0.4298297055632536,-1.195770085644635,-0.7306849930683306,-0.45534071320984026,-0.17967293186339386,0.21117241118071792,1.0028726191793569,1179.3813232399386,0,4.3
L2,L2-35,sep150,150,-0.5,-0.4,A,adj,37,46,1,7,apc_z,-0.0814935630625833,-0.09142384819391068,0.08171564766697796,-0.21629841409200473,-0.1456126621363793,-0.09588480788539186,-0.03963471721996799,0.04641925798934269,1.0049169705107868,951.9988085457072,0,4.2
L2,L2-35,sep150,150,-0.5,-0.4,A,adj,37,46,1,7,apc_s,-0.07917176186539009,-0.06623003340733481,0.08721710178690684,-0.19912561166740508,-0.12735061191440405,-0.06963592861050208,-0.010215861415793896,0.080879600917311,1.0049169705107868,951.9988085457072,0,4.2
L2,L2-35,sep150,150,-0.5,-0.4,A,adj,37,46,1,7,bzC,-0.4,-0.5694635228509599,0.5840369797311077,-1.5114531117270151,-0.9316400420691034,-0.5647894010639395,-0.19981121506474703,0.37729726944448866,1.0049169705107868,951.9988085457072,0,4.2
L2,L2-35,sep150,150,-0.5,-0.4,A,adj,38,44,1,6,apc_z,-0.0814935630625833,0.0043420297532909885,0.05326824155018672,-0.07843743357754678,-0.03165594392069737,0.003766531419627203,0.04048911450610874,0.09006191150928682,1.0021488560332361,1455.596181763342,0,4.3
L2,L2-35,sep150,150,-0.5,-0.4,A,adj,38,44,1,6,apc_s,-0.07917176186539009,-0.025621155634224416,0.06558267115004145,-0.1335540110735421,-0.07071508983468563,-0.025184867080750017,0.01683379801991259,0.08353865390433804,1.0021488560332361,1455.596181763342,0,4.3
L2,L2-35,sep150,150,-0.5,-0.4,A,adj,38,44,1,6,bzC,-0.4,0.10671804391938167,0.43324802275994556,-0.5915092668163834,-0.1757890951870164,0.10476309054882435,0.37525410626610717,0.8196049575919201,1.0021488560332361,1455.596181763342,0,4.3
L2,L2-35,sep150,150,-0.5,-0.4,A,adj,39,46,3,3,apc_z,-0.0814935630625833,-0.11722516725951763,0.05609238322243549,-0.20735305142027285,-0.15450271718674097,-0.11847726166545525,-0.07960845518687858,-0.02295198446308554,1.0024407921102958,1234.7648791982097,0,4.5
L2,L2-35,sep150,150,-0.5,-0.4,A,adj,39,46,3,3,apc_s,-0.07917176186539009,-0.0860608531637901,0.0666036031900808,-0.19469786645751652,-0.13283578460236084,-0.08852850801041487,-0.040586356292758835,0.027478524518383167,1.0024407921102958,1234.7648791982097,0,4.5
L2,L2-35,sep150,150,-0.5,-0.4,A,adj,39,46,3,3,bzC,-0.4,-0.8378759965117621,0.4783533348180458,-1.6503376275425545,-1.1441467847480586,-0.818410121249757,-0.5078634874082633,-0.10511709470563023,1.0024407921102958,1234.7648791982097,0,4.5
L2,L2-35,sep150,150,-0.5,-0.4,A,adj,40,49,1,6,apc_z,-0.0814935630625833,-0.12754034600770603,0.07566740717289584,-0.24199791863382858,-0.17697330318541235,-0.13090301445542163,-0.08323187001440965,0.0002598998884923263,1.0040156021863837,878.0999990151774,0,4.5
L2,L2-35,sep150,150,-0.5,-0.4,A,adj,40,49,1,6,apc_s,-0.07917176186539009,-0.12978490708605955,0.08795908818276622,-0.2592462238503035,-0.189673029665814,-0.1380230498289658,-0.07544881204530536,0.02436458595428474,1.0040156021863837,878.0999990151774,0,4.5
L2,L2-35,sep150,150,-0.5,-0.4,A,adj,40,49,1,6,bzC,-0.4,-0.7079983231872371,0.5389021639487894,-1.612259612265873,-1.0347261768877418,-0.6953153727643564,-0.36774138193369243,0.13950279281420908,1.0040156021863837,878.0999990151774,0,4.5
L2,L2-35,sep150,150,-0.5,-0.4,A,adj,41,48,2,10,apc_z,-0.0814935630625833,-0.13644775404180015,0.045399032780437144,-0.2105602927534869,-0.16478448862455405,-0.1363350590998486,-0.10711550644652708,-0.06162287249174819,1.0027787516176936,1113.1892234538745,0,4.4
L2,L2-35,sep150,150,-0.5,-0.4,A,adj,41,48,2,10,apc_s,-0.07917176186539009,-0.118476754656315,0.05226112290885104,-0.20062259977573302,-0.15574693894678016,-0.11958370276822516,-0.08333951735793922,-0.029885190254960614,1.0027787516176936,1113.1892234538745,0,4.4
L2,L2-35,sep150,150,-0.5,-0.4,A,adj,41,48,2,10,bzC,-0.4,-0.9399123027598312,0.4423660295793907,-1.7194989432485577,-1.2106668950217039,-0.9105166798733948,-0.6452003748791728,-0.2741379188738315,1.0027787516176936,1113.1892234538745,0,4.4
L2,L2-35,sep150,150,-0.5,-0.4,A,adj,42,51,4,11,apc_z,-0.0814935630625833,-0.0718043939325723,0.04439025579563999,-0.14605746143529477,-0.10143475646844705,-0.07241832961305282,-0.04218888649763506,0.0013186580349324444,1.0028961956222733,1488.5779736614013,0,4.3
L2,L2-35,sep150,150,-0.5,-0.4,A,adj,42,51,4,11,apc_s,-0.07917176186539009,0.0035273794340633085,0.0504542981678325,-0.0800876647064451,-0.030178953709064215,0.0037577152243344633,0.03793662450245226,0.08703298139906039,1.0028961956222733,1488.5779736614013,0,4.3
L2,L2-35,sep150,150,-0.5,-0.4,A,adj,42,51,4,11,bzC,-0.4,-0.4184999231055036,0.42713802856037086,-1.1062954383718415,-0.6837079810741655,-0.42634570306984254,-0.16086567845078567,0.28438550710800786,1.0028961956222733,1488.5779736614013,0,4.3
L2,L2-35,sep150,150,-0.5,-0.4,A,adj,43,48,2,6,apc_z,-0.0814935630625833,-0.006034354728623074,0.05107749818561066,-0.09398270557923462,-0.03833711560157408,-0.005348607935234227,0.027292476829519848,0.0750934717420269,1.0032712425231947,1662.616319496344,0,4.3
L2,L2-35,sep150,150,-0.5,-0.4,A,adj,43,48,2,6,apc_s,-0.07917176186539009,-0.005675227703481325,0.06392728078338632,-0.11363485072747997,-0.046861360597340605,-0.0024787568190901654,0.03669649109080597,0.09242036084346358,1.0032712425231947,1662.616319496344,0,4.3
L2,L2-35,sep150,150,-0.5,-0.4,A,adj,43,48,2,6,bzC,-0.4,0.04896455322932506,0.36708670494281537,-0.5573346840728588,-0.17963018435105935,0.053359234714189976,0.28522853877967635,0.6288036552263775,1.0032712425231947,1662.616319496344,0,4.3
L2,L2-35,sep150,150,-0.5,-0.4,A,adj,44,48,0,16,apc_z,-0.0814935630625833,-0.08566724457936692,0.044774366462124404,-0.16274165658883957,-0.1149683091058282,-0.08622454634811028,-0.05677477559556776,-0.007173592163908156,1.003422150136111,1354.752777317348,0,4.5
L2,L2-35,sep150,150,-0.5,-0.4,A,adj,44,48,0,16,apc_s,-0.07917176186539009,-0.11004253584140926,0.04559811435474827,-0.1825759606433624,-0.14221834544648643,-0.11071897876562395,-0.07925307077658846,-0.03402686223617183,1.003422150136111,1354.752777317348,0,4.5
L2,L2-35,sep150,150,-0.5,-0.4,A,adj,44,48,0,16,bzC,-0.4,-0.5919236268979996,0.43633912374063955,-1.3085819472888123,-0.8539068023593898,-0.5895830064087586,-0.31391851489199385,0.10142544773828878,1.003422150136111,1354.752777317348,0,4.5
L2,L2-35,sep150,150,-0.5,-0.4,A,adj,45,49,2,7,apc_z,-0.0814935630625833,-0.09547182934359198,0.047151179547080355,-0.17034944695026488,-0.12792497786422669,-0.09528152829597011,-0.06214852954872866,-0.020745672217438223,1.0025852809774345,1524.3045687228348,0,4.8
L2,L2-35,sep150,150,-0.5,-0.4,A,adj,45,49,2,7,apc_s,-0.07917176186539009,-0.10627149032128727,0.05318733495369501,-0.1904224615228794,-0.1425475294264381,-0.10451428496580725,-0.07048090551456326,-0.01855988802021051,1.0025852809774345,1524.3045687228348,0,4.8
L2,L2-35,sep150,150,-0.5,-0.4,A,adj,45,49,2,7,bzC,-0.4,-0.5014003198030039,0.37997603409909547,-1.109720940728274,-0.7391627518902524,-0.49192220894610267,-0.2660772631577192,0.09212329911071802,1.0025852809774345,1524.3045687228348,0,4.8
L2,L2-35,sep150,150,-0.5,-0.4,A,adj,46,35,0,8,apc_z,-0.0814935630625833,-0.07334078142872019,0.060017867268411663,-0.1720978354510025,-0.11347413748882303,-0.07306044220763977,-0.03368022348910055,0.023373441067394637,1.0017231298025522,1194.92193614807,0,4.8
L2,L2-35,sep150,150,-0.5,-0.4,A,adj,46,35,0,8,apc_s,-0.07917176186539009,-0.017643750935397603,0.06984621177173532,-0.12530656875933396,-0.06599297977985878,-0.020248616054262605,0.02852281376969132,0.10358968336214947,1.0017231298025522,1194.92193614807,0,4.8
L2,L2-35,sep150,150,-0.5,-0.4,A,adj,46,35,0,8,bzC,-0.4,-0.5759293220543835,0.5431361455769951,-1.4740774813071267,-0.9200633996616124,-0.5727030933478057,-0.23544737310416003,0.3229172224239261,1.0017231298025522,1194.92193614807,0,4.8
L2,L2-35,sep150,150,-0.5,-0.4,A,adj,47,44,1,7,apc_z,-0.0814935630625833,-0.09790038813219729,0.04819207033080194,-0.1782666178267595,-0.1322515926825249,-0.09837867583688092,-0.0631587775874202,-0.0215042535100076,1.0028350401275317,1010.2375509289446,0,4.7
L2,L2-35,sep150,150,-0.5,-0.4,A,adj,47,44,1,7,apc_s,-0.07917176186539009,-0.11227954842121993,0.05458565923382319,-0.1981546811755949,-0.14880934940637475,-0.1144016064141406,-0.07751248629624014,-0.018832077500115126,1.0028350401275317,1010.2375509289446,0,4.7
L2,L2-35,sep150,150,-0.5,-0.4,A,adj,47,44,1,7,bzC,-0.4,-0.612852348510349,0.41594922810260004,-1.3107335862499414,-0.8744812380301485,-0.5959270994016994,-0.3403476947295014,0.03636067274059669,1.0028350401275317,1010.2375509289446,0,4.7
L2,L2-35,sep150,150,-0.5,-0.4,A,adj,48,45,3,11,apc_z,-0.0814935630625833,-0.12358051481901218,0.04664389128089899,-0.20210272124490358,-0.15499638029569007,-0.1219658133422489,-0.09142575925193315,-0.05037402794059198,1.0063082191835875,1227.319611639646,0,4.8
L2,L2-35,sep150,150,-0.5,-0.4,A,adj,48,45,3,11,apc_s,-0.07917176186539009,-0.1063743062040741,0.04797286726164964,-0.18033808824426634,-0.13982698590880768,-0.10720965276893653,-0.07503794570466238,-0.02485666694551064,1.0063082191835875,1227.319611639646,0,4.8
L2,L2-35,sep150,150,-0.5,-0.4,A,adj,48,45,3,11,bzC,-0.4,-0.7110734756174595,0.5444595969078259,-1.5990562190562896,-1.065975121430479,-0.7293791046943716,-0.3625717582075584,0.19523155569520717,1.0063082191835875,1227.319611639646,0,4.8
L2,L2-35,sep150,150,-0.5,-0.4,A,adj,49,51,2,3,apc_z,-0.0814935630625833,-0.1053809053569535,0.06249728345188689,-0.21063450053191202,-0.14628718487607067,-0.10219767058854773,-0.06139656883445059,-0.01043264167447997,1.0042285605443293,949.0672906153667,0,4.7
L2,L2-35,sep150,150,-0.5,-0.4,A,adj,49,51,2,3,apc_s,-0.07917176186539009,-0.15721120440735684,0.074896170674533,-0.27111885230906946,-0.20971967215012813,-0.16074679197784675,-0.10405348528112096,-0.0315201241470081,1.0042285605443293,949.0672906153667,0,4.7
L2,L2-35,sep150,150,-0.5,-0.4,A,adj,49,51,2,3,bzC,-0.4,-0.6240198246550456,0.46452516840663743,-1.4337589516666274,-0.8915094902897063,-0.5835054927657041,-0.3143913422447835,0.05703149924045033,1.0042285605443293,949.0672906153667,0,4.7
L2,L2-35,sep150,150,-0.5,-0.4,A,adj,50,35,0,9,apc_z,-0.0814935630625833,-0.04639327165261226,0.044736630955506985,-0.12033428030205685,-0.07483227711710622,-0.04590753539900129,-0.01737059519667774,0.026225675535822335,1.0023954125357775,1220.1150543619917,0,4.4
L2,L2-35,sep150,150,-0.5,-0.4,A,adj,50,35,0,9,apc_s,-0.07917176186539009,-0.13357129846387322,0.043245882877464455,-0.2011473901028481,-0.1629950302067685,-0.13147778941971386,-0.10603444316653982,-0.06381341130173941,1.0023954125357775,1220.1150543619917,0,4.4
L2,L2-35,sep150,150,-0.5,-0.4,A,adj,50,35,0,9,bzC,-0.4,-0.45096107441839645,0.45875553537576863,-1.223660753245519,-0.7468824492268276,-0.4352358309239566,-0.14424381399127836,0.27234980360832417,1.0023954125357775,1220.1150543619917,0,4.4
L2,L2-35,sep150,150,-0.5,-0.4,A,adj,51,46,0,10,apc_z,-0.0814935630625833,-0.1259330586780459,0.04193470357387049,-0.19546875569722033,-0.15391517841355173,-0.12494600796883545,-0.09815389659279838,-0.05763580496301892,1.0035685381909547,1605.151409501451,0,4.4
L2,L2-35,sep150,150,-0.5,-0.4,A,adj,51,46,0,10,apc_s,-0.07917176186539009,-0.06245093640619557,0.05165479375650216,-0.14754400382714056,-0.09544845002469277,-0.06173076054027668,-0.028497774043759694,0.024482873739102542,1.0035685381909547,1605.151409501451,0,4.4
L2,L2-35,sep150,150,-0.5,-0.4,A,adj,51,46,0,10,bzC,-0.4,-0.8022173613493712,0.40748720878492384,-1.501340622219394,-1.0514200798069298,-0.7841024786479325,-0.5397362053029217,-0.1544822066040357,1.0035685381909547,1605.151409501451,0,4.4
L2,L2-35,sep150,150,-0.5,-0.4,A,adj,52,38,0,5,apc_z,-0.0814935630625833,-0.11382933281799354,0.04535297506076978,-0.18842671485311835,-0.14110945495789312,-0.11487937163889957,-0.08624759669213347,-0.03835290939538428,1.0016651193845578,1766.730301154653,0,4.2
L2,L2-35,sep150,150,-0.5,-0.4,A,adj,52,38,0,5,apc_s,-0.07917176186539009,-0.06684107148758651,0.054946400096049564,-0.15356284298655454,-0.10500407915611887,-0.06716627978521672,-0.029813454131562694,0.0254748295202575,1.0016651193845578,1766.730301154653,0,4.2
L2,L2-35,sep150,150,-0.5,-0.4,A,adj,52,38,0,5,bzC,-0.4,-0.7571344924181342,0.4092693247098022,-1.4433225944009738,-1.0046141439242127,-0.7381635356088392,-0.4924913924754184,-0.11354248165088765,1.0016651193845578,1766.730301154653,0,4.2
L2,L2-35,sep150,150,-0.5,-0.4,A,adj,53,62,1,10,apc_z,-0.0814935630625833,-0.08617866843689372,0.049026915613109526,-0.16373424282923502,-0.11896543852542737,-0.0865940986924946,-0.052203777373678956,-0.005617286249756108,1.0041908010828988,1389.9743423189336,0,4.3
L2,L2-35,sep150,150,-0.5,-0.4,A,adj,53,62,1,10,apc_s,-0.07917176186539009,-0.08350587379572454,0.06234707285361894,-0.18497152664776012,-0.12383385721703485,-0.08462753034833645,-0.04277770370334172,0.022992521235889046,1.0041908010828988,1389.9743423189336,0,4.3
L2,L2-35,sep150,150,-0.5,-0.4,A,adj,53,62,1,10,bzC,-0.4,-0.5011091359115893,0.3849537498401069,-1.1269357969773814,-0.7329269746299975,-0.4964755671496208,-0.2627426822900665,0.10985790184500377,1.0041908010828988,1389.9743423189336,0,4.3
L2,L2-35,sep150,150,-0.5,-0.4,A,adj,54,39,1,7,apc_z,-0.0814935630625833,-0.08627317849716312,0.044633074705108966,-0.16108996769300735,-0.11766957498914131,-0.08619750992718112,-0.05424264065319691,-0.014851264161091168,1.0052159549252142,1250.7707978094384,0,4.4
L2,L2-35,sep150,150,-0.5,-0.4,A,adj,54,39,1,7,apc_s,-0.07917176186539009,-0.1105031648565624,0.04757792653263149,-0.1860129827100128,-0.14422808447964658,-0.11325177596715483,-0.0764136931428557,-0.029458138952224336,1.0052159549252142,1250.7707978094384,0,4.4
L2,L2-35,sep150,150,-0.5,-0.4,A,adj,54,39,1,7,bzC,-0.4,-0.6553542569362717,0.41806935845508747,-1.3718940656579828,-0.9055241956687137,-0.6348990412192322,-0.37478590809561496,-0.018766599938699894,1.0052159549252142,1250.7707978094384,0,4.4
L2,L2-35,sep150,150,-0.5,-0.4,A,adj,55,56,0,9,apc_z,-0.0814935630625833,-0.19496472275098278,0.0535277505688509,-0.2825874880999304,-0.23250172551119788,-0.19533089602461767,-0.15662504932839907,-0.10874531515457359,1.0039843119680234,1153.4066972973992,0,4.5
L2,L2-35,sep150,150,-0.5,-0.4,A,adj,55,56,0,9,apc_s,-0.07917176186539009,-0.09315021685660926,0.06683785869335318,-0.1984535414495081,-0.14008050079641177,-0.09642877636685049,-0.04988614090915909,0.02470095599665089,1.0039843119680234,1153.4066972973992,0,4.5
L2,L2-35,sep150,150,-0.5,-0.4,A,adj,55,56,0,9,bzC,-0.4,-0.8499234844744872,0.5781591912449611,-1.823872553858624,-1.2281816932073117,-0.8464629095944178,-0.46624177282146156,0.08141484499497538,1.0039843119680234,1153.4066972973992,0,4.5
L2,L2-35,sep150,150,-0.5,-0.4,A,adj,56,47,1,9,apc_z,-0.0814935630625833,-0.13338193455836653,0.05688602783421387,-0.22485179013891637,-0.17231411530772012,-0.13224239830591106,-0.09421296885811817,-0.04183077000800757,1.004060524851409,1280.531344969493,0,4.6
L2,L2-35,sep150,150,-0.5,-0.4,A,adj,56,47,1,9,apc_s,-0.07917176186539009,-0.0466854737522458,0.07133129469378732,-0.16818024888720218,-0.09612342434421207,-0.04890118973888988,0.002096789164213844,0.0738701347578274,1.004060524851409,1280.531344969493,0,4.6
L2,L2-35,sep150,150,-0.5,-0.4,A,adj,56,47,1,9,bzC,-0.4,-0.7806020835501083,0.4853017076039999,-1.5813448940355066,-1.084155615220359,-0.7729348181391809,-0.47050841777077923,-0.011046706339850809,1.004060524851409,1280.531344969493,0,4.6
L2,L2-35,sep150,150,-0.5,-0.4,A,adj,57,45,0,9,apc_z,-0.0814935630625833,-0.17476480662951913,0.047160108914931734,-0.2498978415271323,-0.2058061826182622,-0.1747451650509717,-0.1425506224542576,-0.09723105312687243,1.0022696905213793,1292.0029414952608,0,4.6
L2,L2-35,sep150,150,-0.5,-0.4,A,adj,57,45,0,9,apc_s,-0.07917176186539009,-0.07730396823685907,0.05674515254202848,-0.17247332663541737,-0.11223351651382217,-0.07743732727979721,-0.03824362141328579,0.02032906716536304,1.0022696905213793,1292.0029414952608,0,4.6
L2,L2-35,sep150,150,-0.5,-0.4,A,adj,57,45,0,9,bzC,-0.4,-1.2232708547644953,0.4583631660975847,-2.010404537325753,-1.5098703539485094,-1.200609341552717,-0.910518788606318,-0.5238230672615901,1.0022696905213793,1292.0029414952608,0,4.6
L2,L2-35,sep150,150,-0.5,-0.4,A,adj,58,44,1,8,apc_z,-0.0814935630625833,-0.148793995134831,0.05331851358483229,-0.23662868868053222,-0.18191249743733315,-0.1484525038314215,-0.11413220525692637,-0.06379296294014657,1.0039591493512419,1226.7022020776233,0,4.7
L2,L2-35,sep150,150,-0.5,-0.4,A,adj,58,44,1,8,apc_s,-0.07917176186539009,-0.08444486716918868,0.06144817750323907,-0.1850475583194994,-0.12710557318295618,-0.08323964713585102,-0.04416337343358042,0.025484756271749866,1.0039591493512419,1226.7022020776233,0,4.7
L2,L2-35,sep150,150,-0.5,-0.4,A,adj,58,44,1,8,bzC,-0.4,-0.8924212394554983,0.499866688025371,-1.7479635487528171,-1.2044277654682802,-0.872607030530174,-0.5636125140605575,-0.11315189850231623,1.0039591493512419,1226.7022020776233,0,4.7
L2,L2-35,sep150,150,-0.5,-0.4,A,adj,59,33,2,7,apc_z,-0.0814935630625833,0.020426665107635935,0.047993343347060256,-0.05457576132558695,-0.011689062257257766,0.019911799862150387,0.05181845062381361,0.0966313925011094,1.0039423398591232,1391.9030630623556,0,4.2
L2,L2-35,sep150,150,-0.5,-0.4,A,adj,59,33,2,7,apc_s,-0.07917176186539009,0.0009636981010408891,0.05620994637484655,-0.08961265110886585,-0.03537038016528407,-0.0005086914346264127,0.036519344550151246,0.09218107454640452,1.0039423398591232,1391.9030630623556,0,4.2
L2,L2-35,sep150,150,-0.5,-0.4,A,adj,59,33,2,7,bzC,-0.4,0.2161798611340151,0.46959007716551643,-0.5221988874758418,-0.09333981666947133,0.2065964845053929,0.49975108676603186,1.0186517450276067,1.0039423398591232,1391.9030630623556,0,4.2
L2,L2-00,core,300,0.0,0.0,A,adj,0,99,4,13,apc_z,0.0,-0.010858622702001714,0.031759126469973746,-0.06342530169077625,-0.03154274851352592,-0.011078097479327368,0.010781774979034407,0.04037809716771309,1.0030067657985942,1500.6692628817007,0,7.5
L2,L2-00,core,300,0.0,0.0,A,adj,0,99,4,13,apc_s,-0.07861729088031583,-0.06642524936939165,0.03931968238740587,-0.13158804486003348,-0.0926001889850256,-0.06543959582299524,-0.03934186612457046,-0.003034862029866977,1.0030067657985942,1500.6692628817007,0,7.5
L2,L2-00,core,300,0.0,0.0,A,adj,0,99,4,13,bzC,0.0,-0.11675939348944189,0.26998163060883223,-0.5627289840671366,-0.27714954522485186,-0.10937641528799526,0.05152216689800182,0.30511045102833556,1.0030067657985942,1500.6692628817007,0,7.5
L2,L2-00,core,300,0.0,0.0,A,adj,1,110,10,12,apc_z,0.0,0.05523115529753022,0.03158410772994496,0.001697403754192452,0.034717625776376354,0.05517572537727107,0.07667098815835302,0.10618141856592352,1.0021854627214346,1718.2396539844701,0,7.6
L2,L2-00,core,300,0.0,0.0,A,adj,1,110,10,12,apc_s,-0.07861729088031583,-0.0752672372847295,0.03965055661429327,-0.1396044146974617,-0.103411017537902,-0.07563021586001298,-0.04810386881653965,-0.008210840043363752,1.0021854627214346,1718.2396539844701,0,7.6
L2,L2-00,core,300,0.0,0.0,A,adj,1,110,10,12,bzC,0.0,0.25826506267725763,0.26242019071507916,-0.18119064861396095,0.10596619585624745,0.2589303957319665,0.42614204355723373,0.670182134464308,1.0021854627214346,1718.2396539844701,0,7.6
L2,L2-00,core,300,0.0,0.0,A,adj,2,95,4,17,apc_z,0.0,0.031429357918183264,0.030156267994618544,-0.018595888833204444,0.011719698846365048,0.03111176197791632,0.05091057752913537,0.08244215359368039,1.002602116935569,1561.0929151817495,0,7.7
L2,L2-00,core,300,0.0,0.0,A,adj,2,95,4,17,apc_s,-0.07861729088031583,-0.09415593241148833,0.0355361958992304,-0.15367109341590665,-0.11893810811542907,-0.09314475502367196,-0.06935938665105804,-0.03832932724644885,1.002602116935569,1561.0929151817495,0,7.7
L2,L2-00,core,300,0.0,0.0,A,adj,2,95,4,17,bzC,0.0,0.2372956322509038,0.2628732332995903,-0.1677770262485456,0.07500862719815074,0.23338754095607983,0.3992782344305064,0.6509039874086318,1.002602116935569,1561.0929151817495,0,7.7
L2,L2-00,core,300,0.0,0.0,A,adj,3,100,4,15,apc_z,0.0,0.004260905497563091,0.030901279322870047,-0.0490782791868573,-0.017166800040388345,0.004765410365300466,0.026070119221927836,0.054172033184686615,1.0042947907209812,1559.344524187131,0,7.4
L2,L2-00,core,300,0.0,0.0,A,adj,3,100,4,15,apc_s,-0.07861729088031583,-0.0948357969863487,0.03548811344182664,-0.15096020102231422,-0.11855119165597194,-0.09515074140841662,-0.0712738092156244,-0.03513770323481406,1.0042947907209812,1559.344524187131,0,7.4
L2,L2-00,core,300,0.0,0.0,A,adj,3,100,4,15,bzC,0.0,-1.8221955967721027e-05,0.22577761068441085,-0.3554314504116656,-0.14346441915287322,1.8508864004398388e-05,0.13549492745622144,0.3682337447216383,1.0042947907209812,1559.344524187131,0,7.4
L2,L2-00,core,300,0.0,0.0,A,adj,4,84,9,12,apc_z,0.0,-0.010084839056872989,0.028343500481494227,-0.05634649675851704,-0.030274916159281334,-0.008336973489692139,0.009015872118193012,0.035290663401202065,1.0018440016967343,1469.9867849954858,0,7.7
L2,L2-00,core,300,0.0,0.0,A,adj,4,84,9,12,apc_s,-0.07861729088031583,-0.0690399980809702,0.03644059463300098,-0.13023396414509755,-0.09264912375947794,-0.06777044484937639,-0.044341893024855555,-0.00848223063487042,1.0018440016967343,1469.9867849954858,0,7.7
L2,L2-00,core,300,0.0,0.0,A,adj,4,84,9,12,bzC,0.0,-0.02687419814802126,0.2686039180851328,-0.4603472872738659,-0.18079033069659953,-0.024210674719373045,0.13860426362444261,0.3902918783884699,1.0018440016967343,1469.9867849954858,0,7.7
L2,L2-00,core,300,0.0,0.0,A,adj,5,101,10,18,apc_z,0.0,-0.0308563041628088,0.02946014185000075,-0.08008599329290823,-0.050594244925590955,-0.03184745612703417,-0.0106010281159798,0.01778116672355725,1.003531969645342,1611.3246853601834,0,7.4
L2,L2-00,core,300,0.0,0.0,A,adj,5,101,10,18,apc_s,-0.07861729088031583,-0.052153390207080125,0.03398954483412821,-0.10821979295397204,-0.07458716122926154,-0.052962176999351435,-0.029601608330966256,0.003841065742147754,1.003531969645342,1611.3246853601834,0,7.4
L2,L2-00,core,300,0.0,0.0,A,adj,5,101,10,18,bzC,0.0,-0.16083853541800192,0.26511711640690283,-0.5734014268445791,-0.3161608383200528,-0.15839533292926705,-0.005442340614582229,0.24790593318104828,1.003531969645342,1611.3246853601834,0,7.4
L2,L2-00,core,300,0.0,0.0,A,adj,6,94,6,18,apc_z,0.0,0.0033720670872157835,0.030280551587544988,-0.04744892843153446,-0.01728714638178231,0.004136461267453397,0.023620542902434524,0.05242144191987309,1.0029854033858137,1646.0709164349641,0,7.8
L2,L2-00,core,300,0.0,0.0,A,adj,6,94,6,18,apc_s,-0.07861729088031583,-0.058288074850081174,0.03622150602381671,-0.1209949397569413,-0.08367285345252445,-0.05773882589375135,-0.0329917571128525,-0.0019552670697499477,1.0029854033858137,1646.0709164349641,0,7.8
L2,L2-00,core,300,0.0,0.0,A,adj,6,94,6,18,bzC,0.0,-0.0170130833556285,0.26327023626662965,-0.4522213844415046,-0.17353708258401263,-0.005861478402478311,0.15632416583459247,0.37793656107570006,1.0029854033858137,1646.0709164349641,0,7.8
L2,L2-00,core,300,0.0,0.0,A,adj,7,89,5,13,apc_z,0.0,-0.0414110467519094,0.030740691744544107,-0.09139498120634541,-0.06154205852733708,-0.042052029675564415,-0.02066860370520161,0.009311453832154266,1.0028758382275036,1534.9367371215358,0,7.8
L2,L2-00,core,300,0.0,0.0,A,adj,7,89,5,13,apc_s,-0.07861729088031583,-0.04032705703806437,0.04015554288408668,-0.10513086011744917,-0.06645833143341488,-0.04155990202763686,-0.014553457748894992,0.025918356082621413,1.0028758382275036,1534.9367371215358,0,7.8
L2,L2-00,core,300,0.0,0.0,A,adj,7,89,5,13,bzC,0.0,-0.2656691506973292,0.261420428155265,-0.6899146272811484,-0.4258080708837664,-0.2622274159953078,-0.10667660494430936,0.14817192334567938,1.0028758382275036,1534.9367371215358,0,7.8
L2,L2-00,core,300,0.0,0.0,A,adj,8,104,4,18,apc_z,0.0,0.00764362353963133,0.030971775084262087,-0.04152339409104425,-0.012331397037606032,0.0072577481658398545,0.028441724362968657,0.05858270481530548,1.0035813026561196,1401.5661555854708,0,7.8
L2,L2-00,core,300,0.0,0.0,A,adj,8,104,4,18,apc_s,-0.07861729088031583,-0.10639289639599571,0.03684115970421436,-0.16529389124410743,-0.13094296827265256,-0.10600492878890969,-0.08196296693382854,-0.04461678430076217,1.0035813026561196,1401.5661555854708,0,7.8
L2,L2-00,core,300,0.0,0.0,A,adj,8,104,4,18,bzC,0.0,0.09447094489058369,0.2715143615028804,-0.3264880535413197,-0.07292281347313885,0.08442562997588618,0.24868077135937874,0.5392149050036799,1.0035813026561196,1401.5661555854708,0,7.8
L2,L2-00,core,300,0.0,0.0,A,adj,9,88,9,11,apc_z,0.0,0.0008335067393019881,0.029101508686071684,-0.046542855756375706,-0.01749613291141989,0.0016814902196040167,0.020298664640308745,0.046907182124132904,1.0032369440752464,2018.241873799327,0,7.5
L2,L2-00,core,300,0.0,0.0,A,adj,9,88,9,11,apc_s,-0.07861729088031583,-0.038323571948212454,0.034877365187183124,-0.09667468909905343,-0.06168702146723328,-0.037309175878025055,-0.015004685637703524,0.01714115035038871,1.0032369440752464,2018.241873799327,0,7.5
L2,L2-00,core,300,0.0,0.0,A,adj,9,88,9,11,bzC,0.0,0.010665310931284306,0.24245686281219184,-0.38413561545906744,-0.13894144789533436,0.01266985866639718,0.15917360777491854,0.3949101085995868,1.0032369440752464,2018.241873799327,0,7.5
L2,L2-00,core,300,0.0,0.0,A,adj,10,83,6,14,apc_z,0.0,0.007631156099449962,0.028056862725381868,-0.037807065195813006,-0.011356812392328736,0.007893928696531397,0.026795770420031142,0.05203768293266426,1.0033724258615755,1469.6279135039435,0,7.7
L2,L2-00,core,300,0.0,0.0,A,adj,10,83,6,14,apc_s,-0.07861729088031583,-0.08948528682421888,0.03464973084815517,-0.14487772488902084,-0.11368345026026982,-0.08990038288808204,-0.06649310725524113,-0.03167436720545086,1.0033724258615755,1469.6279135039435,0,7.7
L2,L2-00,core,300,0.0,0.0,A,adj,10,83,6,14,bzC,0.0,0.024235053507613694,0.2776772063091405,-0.4334835736696659,-0.13363803400557223,0.025329030877592314,0.19437433590282815,0.4594250626910844,1.0033724258615755,1469.6279135039435,0,7.7
L2,L2-00,core,300,0.0,0.0,A,adj,11,90,5,19,apc_z,0.0,-0.03957821392976631,0.028089353662301874,-0.08439516497150563,-0.05819786361829801,-0.03936489311901485,-0.01994109695859409,0.0056691489143527885,1.0034596965904494,1625.7110649516721,0,7.8
L2,L2-00,core,300,0.0,0.0,A,adj,11,90,5,19,apc_s,-0.07861729088031583,-0.03956470508064602,0.034746560838969966,-0.09628511952836956,-0.06223527094184286,-0.040016699547348475,-0.01568698509430307,0.017946822020556412,1.0034596965904494,1625.7110649516721,0,7.8
L2,L2-00,core,300,0.0,0.0,A,adj,11,90,5,19,bzC,0.0,-0.2303893472111566,0.25677415692958533,-0.6130486002672454,-0.3886746421670063,-0.23943969893714195,-0.08781286950680228,0.18695059258023491,1.0034596965904494,1625.7110649516721,0,7.8
L2,L2-00,core,300,0.0,0.0,A,adj,12,86,10,9,apc_z,0.0,0.004270342161384901,0.029076026934111272,-0.042699957221643665,-0.015998938251275262,0.003466978742588964,0.02472285901551474,0.05076199881742447,1.003667347008459,1650.4083115859225,0,8.2
L2,L2-00,core,300,0.0,0.0,A,adj,12,86,10,9,apc_s,-0.07861729088031583,-0.023393207025132624,0.03574459315994743,-0.07907385909978884,-0.048495708352565954,-0.0240678773608562,0.0018195530054454867,0.031779523435800885,1.003667347008459,1650.4083115859225,0,8.2
L2,L2-00,core,300,0.0,0.0,A,adj,12,86,10,9,bzC,0.0,0.04761912489634894,0.2679842674680313,-0.38092893782896015,-0.11068065327835641,0.047457194051642865,0.20389468572539404,0.4731875644910433,1.003667347008459,1650.4083115859225,0,8.2
L2,L2-00,core,300,0.0,0.0,A,adj,13,99,6,19,apc_z,0.0,-0.03075618246584421,0.03144257601086793,-0.08107706659012123,-0.05215468463594072,-0.030733591482298928,-0.011483632438374278,0.0238313028116376,1.0068590686247614,1181.4274732593913,0,8.3
L2,L2-00,core,300,0.0,0.0,A,adj,13,99,6,19,apc_s,-0.07861729088031583,-0.0896032160641639,0.03554686778411428,-0.15007629015000248,-0.11282120590856848,-0.08805901700038923,-0.06613314855632023,-0.031167448186930735,1.0068590686247614,1181.4274732593913,0,8.3
L2,L2-00,core,300,0.0,0.0,A,adj,13,99,6,19,bzC,0.0,-0.1719677410591793,0.3416532023093495,-0.7540029457631677,-0.3677557660008828,-0.1624226944337741,0.03844765565037752,0.3756583399843431,1.0068590686247614,1181.4274732593913,0,8.3
L2,L2-00,core,300,0.0,0.0,A,adj,14,111,4,21,apc_z,0.0,-0.034509665569173266,0.030757909506945114,-0.08601963925847757,-0.05425354260707082,-0.035014051199498165,-0.013517781392030675,0.016801404410431358,1.0036059790703897,1173.8451433963269,0,8.1
L2,L2-00,core,300,0.0,0.0,A,adj,14,111,4,21,apc_s,-0.07861729088031583,-0.009407063197194403,0.0386509012724725,-0.07224114859944232,-0.03570821384902896,-0.009384418126740336,0.01600467723139005,0.056340637541655234,1.0036059790703897,1173.8451433963269,0,8.1
L2,L2-00,core,300,0.0,0.0,A,adj,14,111,4,21,bzC,0.0,-0.25626240286914037,0.3147238612655196,-0.7659120206318953,-0.4316931634329597,-0.24922172639950207,-0.07609226595865501,0.22762853579984574,1.0036059790703897,1173.8451433963269,0,8.1
L2,L2-00,core,300,0.0,0.0,A,adj,15,96,9,18,apc_z,0.0,-0.014049508205704992,0.028426139234289414,-0.05802161149527439,-0.033277465543367635,-0.015241852934826567,0.004509079593250519,0.033814504468065616,1.0018329133273418,1475.6280071454776,0,7.7
L2,L2-00,core,300,0.0,0.0,A,adj,15,96,9,18,apc_s,-0.07861729088031583,-0.013282988366231489,0.036521291333871185,-0.07463400816680321,-0.037543162814489994,-0.01288049314927014,0.011241193832994491,0.04690863118530388,1.0018329133273418,1475.6280071454776,0,7.7
L2,L2-00,core,300,0.0,0.0,A,adj,15,96,9,18,bzC,0.0,-0.1547769007442123,0.2788310447342925,-0.6124268639022579,-0.3103363602542975,-0.14542948840755449,0.012910230175211472,0.2587420961689676,1.0018329133273418,1475.6280071454776,0,7.7
L2,L2-00,core,300,0.0,0.0,A,adj,16,99,4,19,apc_z,0.0,0.007608717736827283,0.030617963400482544,-0.04255179343868598,-0.013832207894136792,0.00784655102855317,0.028907097409558973,0.05920068436575888,1.002553298446033,1875.2958818256886,0,7.2
L2,L2-00,core,300,0.0,0.0,A,adj,16,99,4,19,apc_s,-0.07861729088031583,0.006068259496943496,0.03966062278382925,-0.060025253286931944,-0.02159662352157248,0.005250994096208765,0.033408167066989944,0.0707299094738052,1.002553298446033,1875.2958818256886,0,7.2
L2,L2-00,core,300,0.0,0.0,A,adj,16,99,4,19,bzC,0.0,0.05018030705061542,0.23905790912755095,-0.3239782486452101,-0.09705022580714737,0.044767809297751926,0.18945408184329915,0.44363053575413175,1.002553298446033,1875.2958818256886,0,7.2
L2,L2-00,core,300,0.0,0.0,A,adj,17,83,2,12,apc_z,0.0,0.0034083104086769255,0.028748806486653327,-0.0444213147747807,-0.015737982889211848,0.002361740232307177,0.024411582840908063,0.0502131125418944,1.0031756766005788,1466.1092344855615,0,7.4
L2,L2-00,core,300,0.0,0.0,A,adj,17,83,2,12,apc_s,-0.07861729088031583,-0.07366183857625255,0.035358121553521776,-0.13171333483961598,-0.09775188335715765,-0.07293595547672246,-0.04966818017431625,-0.01630008986335303,1.0031756766005788,1466.1092344855615,0,7.4
L2,L2-00,core,300,0.0,0.0,A,adj,17,83,2,12,bzC,0.0,-0.029982092674915486,0.3087727978029885,-0.5251484083241325,-0.20662043213345965,-0.02918194948209188,0.14807143235941878,0.44942817090809933,1.0031756766005788,1466.1092344855615,0,7.4
L2,L2-00,core,300,0.0,0.0,A,adj,18,94,9,13,apc_z,0.0,0.01650558523471308,0.03015081941072885,-0.03266857535285047,-0.004819174531300679,0.016835459566124776,0.03785883696961352,0.06589604672256033,1.0029099491082472,1661.5579848367927,0,7.5
L2,L2-00,core,300,0.0,0.0,A,adj,18,94,9,13,apc_s,-0.07861729088031583,-0.051644389125882324,0.034626002215848536,-0.1073320497573424,-0.07457069790365425,-0.052562850890765206,-0.02773694602999119,0.0029619753924328344,1.0029099491082472,1661.5579848367927,0,7.5
L2,L2-00,core,300,0.0,0.0,A,adj,18,94,9,13,bzC,0.0,0.14549884382802136,0.2704519748830529,-0.2679834188614335,-0.019777158068572373,0.13802510241483862,0.30033173067124763,0.5794814882098176,1.0029099491082472,1661.5579848367927,0,7.5
L2,L2-00,core,300,0.0,0.0,A,adj,19,87,5,20,apc_z,0.0,0.00010622784233444605,0.029019988610422938,-0.0482475949713321,-0.019380166394294768,0.000503989184532024,0.018229588041686597,0.04704627344233998,1.0020023055409426,1569.0099293377064,0,7.5
L2,L2-00,core,300,0.0,0.0,A,adj,19,87,5,20,apc_s,-0.07861729088031583,-0.07947130309765754,0.03331158134363462,-0.13419130687392875,-0.10323626503688554,-0.07834336996971517,-0.05711656844817494,-0.025463105868951185,1.0020023055409426,1569.0099293377064,0,7.5
L2,L2-00,core,300,0.0,0.0,A,adj,19,87,5,20,bzC,0.0,0.06987687223547968,0.26390479533655914,-0.3536898201291596,-0.09939589624654739,0.060518155741406385,0.2400190856111934,0.5093235244448422,1.0020023055409426,1569.0099293377064,0,7.5
L2,L2-00,core,300,0.0,0.0,A,adj,20,85,7,14,apc_z,0.0,0.028967808000764,0.02916445532549249,-0.01921666062628602,0.009671818624874737,0.02904478908688007,0.04932217311486042,0.07542059798460005,1.003754552996897,1408.102272957224,0,7.4
L2,L2-00,core,300,0.0,0.0,A,adj,20,85,7,14,apc_s,-0.07861729088031583,-0.0006088797852332203,0.03341220202861506,-0.05650979904710088,-0.022527394780900357,-0.001966860370214264,0.021156017417700016,0.05717927269600358,1.003754552996897,1408.102272957224,0,7.4
L2,L2-00,core,300,0.0,0.0,A,adj,20,85,7,14,bzC,0.0,0.2059160656389886,0.29519240175977945,-0.29345256956272797,0.03635301356989723,0.21571706457116313,0.38987241234830927,0.6691810946194824,1.003754552996897,1408.102272957224,0,7.4
L2,L2-00,core,300,0.0,0.0,A,adj,21,91,5,18,apc_z,0.0,0.015560327409556172,0.02781168835265841,-0.030285070243136872,-0.001724882608072873,0.01494870936889683,0.03380920728098862,0.061709962551338926,1.003210796690118,1730.0564071296474,0,7.6
L2,L2-00,core,300,0.0,0.0,A,adj,21,91,5,18,apc_s,-0.07861729088031583,-0.04714870167642997,0.03517567860379113,-0.10352942018604232,-0.06902494335365737,-0.04738273791402538,-0.023865570944958305,0.009353754853797126,1.003210796690118,1730.0564071296474,0,7.6
L2,L2-00,core,300,0.0,0.0,A,adj,21,91,5,18,bzC,0.0,0.11549649149080232,0.25977275286166646,-0.28818493337855733,-0.03787222305939839,0.11519430799930974,0.2655851174045932,0.5283539618049319,1.003210796690118,1730.0564071296474,0,7.6
L2,L2-00,core,300,0.0,0.0,A,adj,22,100,10,14,apc_z,0.0,0.03570139989890219,0.03110178971612586,-0.016374207927324486,0.014035608543222554,0.03622503940657002,0.05675470347831876,0.08294142937624313,1.002475040869381,1749.9256254606626,0,7.6
L2,L2-00,core,300,0.0,0.0,A,adj,22,100,10,14,apc_s,-0.07861729088031583,-0.04387381940903344,0.037478593113567236,-0.10130831005136122,-0.06914559701863796,-0.04401149841617431,-0.020035977742720926,0.017519534772268166,1.002475040869381,1749.9256254606626,0,7.6
L2,L2-00,core,300,0.0,0.0,A,adj,22,100,10,14,bzC,0.0,0.16190808862929912,0.25365209663938815,-0.22904198025367417,0.009059382676179131,0.16248728270542762,0.3175611252836133,0.5545871263151625,1.002475040869381,1749.9256254606626,0,7.6
L2,L2-00,core,300,0.0,0.0,A,adj,23,97,5,18,apc_z,0.0,0.007761979089894264,0.02941700226990406,-0.039103400910300574,-0.012882011107081082,0.007219694500346809,0.028461160619025403,0.05548480136102502,1.0041551215098727,1242.972331224209,0,7.9
L2,L2-00,core,300,0.0,0.0,A,adj,23,97,5,18,apc_s,-0.07861729088031583,-0.11926292089575202,0.03555490050591687,-0.17636934286399605,-0.14422254568114906,-0.1194238157658419,-0.09613428383199613,-0.061837974072551226,1.0041551215098727,1242.972331224209,0,7.9
L2,L2-00,core,300,0.0,0.0,A,adj,23,97,5,18,bzC,0.0,0.10439246261242531,0.29014147589065115,-0.32600910703766484,-0.07514866372515527,0.09212762596936713,0.26252030090133904,0.5902281966932736,1.0041551215098727,1242.972331224209,0,7.9
L2,L2-00,core,300,0.0,0.0,A,adj,24,87,5,22,apc_z,0.0,-0.022977924961890387,0.028656354927768725,-0.071005267388784,-0.04201380251835099,-0.022698855777644245,-0.00429207737876974,0.023419771894206336,1.0033458950293557,1265.072341289985,0,7.7
L2,L2-00,core,300,0.0,0.0,A,adj,24,87,5,22,apc_s,-0.07861729088031583,-0.019103431560010643,0.031354217434909105,-0.07174879493712169,-0.04036358750689137,-0.01825232641459101,0.0020710447512693403,0.03235946133888881,1.0033458950293557,1265.072341289985,0,7.7
L2,L2-00,core,300,0.0,0.0,A,adj,24,87,5,22,bzC,0.0,-0.10808195855656094,0.3260993462581366,-0.6221345648994305,-0.30070831351847627,-0.1042034053811759,0.08322310346169891,0.4310774312920228,1.0033458950293557,1265.072341289985,0,7.7
L2,L2-00,core,300,0.0,0.0,A,adj,25,99,5,13,apc_z,0.0,-0.018740221851266163,0.03022269734759768,-0.06867132785244588,-0.03856626954886138,-0.019732913352026094,0.0020836946881049416,0.030645095009667337,1.0042238788885272,1280.8775719548883,0,7.6
L2,L2-00,core,300,0.0,0.0,A,adj,25,99,5,13,apc_s,-0.07861729088031583,-0.11264641818121415,0.03751006801096668,-0.17306129520451152,-0.1376741522874106,-0.11331714243492605,-0.08926369788242344,-0.048645596361503125,1.0042238788885272,1280.8775719548883,0,7.6
L2,L2-00,core,300,0.0,0.0,A,adj,25,99,5,13,bzC,0.0,-0.10900478372474744,0.2523501027256178,-0.5213446850196112,-0.2595411541436331,-0.10799578786907495,0.047826039177664176,0.3019066211652855,1.0042238788885272,1280.8775719548883,0,7.6
L2,L2-00,core,300,0.0,0.0,A,adj,26,107,11,12,apc_z,0.0,0.05993869385305481,0.029821328375359956,0.010840280067623588,0.040002770619092506,0.061348887322490775,0.08011644082397676,0.10663644461771722,1.004089466626856,1760.4584195951113,0,7.7
L2,L2-00,core,300,0.0,0.0,A,adj,26,107,11,12,apc_s,-0.07861729088031583,-0.06047566519019086,0.036429734701577815,-0.12186823804727528,-0.0846868536540392,-0.0601355487957291,-0.036163501095151165,-0.0005094773886375521,1.004089466626856,1760.4584195951113,0,7.7
L2,L2-00,core,300,0.0,0.0,A,adj,26,107,11,12,bzC,0.0,0.2734678577695399,0.2522385028905543,-0.13750452382535538,0.1288732849484064,0.2775930361609178,0.42169506880530094,0.6688371029210147,1.004089466626856,1760.4584195951113,0,7.7
L2,L2-00,core,300,0.0,0.0,A,adj,27,93,5,9,apc_z,0.0,-0.05190333360605679,0.02987778281889669,-0.10180733978466751,-0.07239697836184723,-0.051933794642944536,-0.03107925408014367,-0.0016202265805194734,1.0028905052895405,1816.39247375608,0,7.5
L2,L2-00,core,300,0.0,0.0,A,adj,27,93,5,9,apc_s,-0.07861729088031583,-0.056390750165569985,0.0396095636210299,-0.12278572892959776,-0.08324894520288681,-0.056453673870412974,-0.031208776668072136,0.010914541210046345,1.0028905052895405,1816.39247375608,0,7.5
L2,L2-00,core,300,0.0,0.0,A,adj,27,93,5,9,bzC,0.0,-0.3060522248055472,0.2671504320882419,-0.7204127810088612,-0.47192001833709735,-0.311433176458895,-0.1523569554218552,0.11041791900137425,1.0028905052895405,1816.39247375608,0,7.5
L2,L2-00,core,300,0.0,0.0,A,adj,28,87,3,11,apc_z,0.0,0.032836020008735686,0.028780493949664684,-0.015041824464707173,0.013343502281137625,0.03264903484703979,0.05318691714879399,0.07939911502608445,1.0018265622931204,1621.5387347423894,0,7.3
L2,L2-00,core,300,0.0,0.0,A,adj,28,87,3,11,apc_s,-0.07861729088031583,-0.06946581108492714,0.03676315449977253,-0.13111652977264232,-0.09518842254281047,-0.06799149526708151,-0.04558338741148796,-0.009994167611695701,1.0018265622931204,1621.5387347423894,0,7.3
L2,L2-00,core,300,0.0,0.0,A,adj,28,87,3,11,bzC,0.0,0.20991065345475596,0.2724550765370804,-0.2301104738727211,0.04188121795889952,0.2067642403098463,0.3793607369014782,0.6514983618481579,1.0018265622931204,1621.5387347423894,0,7.3
L2,L2-00,core,300,0.0,0.0,A,adj,29,103,5,13,apc_z,0.0,-0.026333378916275095,0.032096708918794944,-0.0798214121379473,-0.04792117030338931,-0.025126752494348238,-0.004651962865965564,0.023973858214987077,1.00297297840462,1735.765880207511,0,7.5
L2,L2-00,core,300,0.0,0.0,A,adj,29,103,5,13,apc_s,-0.07861729088031583,-0.06767147102310772,0.039129430716159715,-0.13443008267805284,-0.09452767956189588,-0.06770397843720663,-0.04196823835897963,-0.0035874874665969294,1.00297297840462,1735.765880207511,0,7.5
L2,L2-00,core,300,0.0,0.0,A,adj,29,103,5,13,bzC,0.0,-0.15973285644045465,0.25799946252523376,-0.5716802547162244,-0.31803860558294983,-0.1634159663518574,-0.004421487843948038,0.2564053558726248,1.00297297840462,1735.765880207511,0,7.5
L2,L2-00,core,300,0.0,0.0,A,adj,30,99,4,20,apc_z,0.0,0.026451415121128547,0.03314014372417254,-0.027234934126070955,0.004464555814079325,0.024971564962896757,0.04748498305225868,0.08104063683874625,1.0029200654684722,1306.8350138322076,0,7.0
L2,L2-00,core,300,0.0,0.0,A,adj,30,99,4,20,apc_s,-0.07861729088031583,-0.10230815220142236,0.03784977126609109,-0.16529114174801549,-0.12708480140661532,-0.1028796051917847,-0.07614581698624401,-0.03907655267962296,1.0029200654684722,1306.8350138322076,0,7.0
L2,L2-00,core,300,0.0,0.0,A,adj,30,99,4,20,bzC,0.0,0.15818504941418582,0.2732508736263688,-0.2620424214099157,-0.009446692722154294,0.15313834036897161,0.31272996263694675,0.6182383175188261,1.0029200654684722,1306.8350138322076,0,7.0
L2,L2-00,core,300,0.0,0.0,A,adj,31,96,5,17,apc_z,0.0,0.01538304936794951,0.033004642386696065,-0.03767486373330625,-0.006795078933234722,0.016563736114778835,0.03722426429865727,0.06875153182742441,1.0027708131775093,1098.0379256176564,0,7.1
L2,L2-00,core,300,0.0,0.0,A,adj,31,96,5,17,apc_s,-0.07861729088031583,-0.14364123366252507,0.033392269861544685,-0.1992725031235272,-0.16676795112617568,-0.14294120070505922,-0.11899902857939249,-0.08855744418936262,1.0027708131775093,1098.0379256176564,0,7.1
L2,L2-00,core,300,0.0,0.0,A,adj,31,96,5,17,bzC,0.0,0.02808649947692136,0.32690695457308344,-0.5311655983351501,-0.16768294651976548,0.03276218552923567,0.2309426623238804,0.5600619964642185,1.0027708131775093,1098.0379256176564,0,7.1
L2,L2-00,core,300,0.0,0.0,A,adj,32,101,6,17,apc_z,0.0,-0.02815395328412911,0.03065802046344472,-0.08134037554482841,-0.047658621184705464,-0.02758244710885057,-0.00777621380532556,0.02079106527547392,1.0015907578684955,1578.4485772553521,0,7.0
L2,L2-00,core,300,0.0,0.0,A,adj,32,101,6,17,apc_s,-0.07861729088031583,-0.03681236674979868,0.036157426172900006,-0.09543549766622213,-0.060718098330529956,-0.036493375817249984,-0.01368898881256256,0.021984500652307344,1.0015907578684955,1578.4485772553521,0,7.0
L2,L2-00,core,300,0.0,0.0,A,adj,32,101,6,17,bzC,0.0,-0.20950762311605786,0.25082614672043513,-0.6166184663327092,-0.35393457740773593,-0.20413783053942441,-0.05812445040274027,0.17378862262376643,1.0015907578684955,1578.4485772553521,0,7.0
L2,L2-00,core,300,0.0,0.0,A,adj,33,90,4,14,apc_z,0.0,-0.07724520723685259,0.03193016923880431,-0.1289501271269415,-0.09944291026264747,-0.07664912308904269,-0.05527575965229508,-0.026564284087803383,1.0033359334669207,1572.0363187626267,0,7.2
L2,L2-00,core,300,0.0,0.0,A,adj,33,90,4,14,apc_s,-0.07861729088031583,-0.0709241847747491,0.03597770810845486,-0.12832186993466108,-0.09512539268672636,-0.07172163507900559,-0.04598036089863926,-0.011351094105105314,1.0033359334669207,1572.0363187626267,0,7.2
L2,L2-00,core,300,0.0,0.0,A,adj,33,90,4,14,bzC,0.0,-0.472208201089367,0.2725164400889384,-0.9194849076934757,-0.6386397746211944,-0.4718406900477598,-0.30523583091876616,-0.04541032336312846,1.0033359334669207,1572.0363187626267,0,7.2
L2,L2-00,core,300,0.0,0.0,A,adj,34,95,5,11,apc_z,0.0,0.007145054851990247,0.031238478342696486,-0.04304152000217445,-0.013688693955832592,0.00842550335324847,0.028806968164205873,0.05712689239363404,1.0022538460514887,1789.697145972603,0,6.9
L2,L2-00,core,300,0.0,0.0,A,adj,34,95,5,11,apc_s,-0.07861729088031583,-0.005780178202979998,0.03858203534875861,-0.06890915639459988,-0.03077719675154736,-0.006259633136626167,0.02033041704572111,0.05588281744181331,1.0022538460514887,1789.697145972603,0,6.9
L2,L2-00,core,300,0.0,0.0,A,adj,34,95,5,11,bzC,0.0,0.07362483661254093,0.25861528631320113,-0.33236881400471047,-0.07951169008224633,0.0736773124113093,0.2223483810819288,0.48711557314339465,1.0022538460514887,1789.697145972603,0,6.9
L2,L2-00,core,300,0.0,0.0,A,adj,35,82,4,20,apc_z,0.0,0.0022424184873223825,0.02808465616850176,-0.04287345679267654,-0.01533737105279237,0.001844994126378184,0.02167363608853045,0.04752885365549663,1.0034284906689062,1221.9923772749444,0,7.0
L2,L2-00,core,300,0.0,0.0,A,adj,35,82,4,20,apc_s,-0.07861729088031583,-0.055606788690501674,0.033443613098989376,-0.10845194422988533,-0.07757839714055906,-0.055548039832723876,-0.032946773736389476,-0.0009089562202226007,1.0034284906689062,1221.9923772749444,0,7.0
L2,L2-00,core,300,0.0,0.0,A,adj,35,82,4,20,bzC,0.0,-0.06542940692059959,0.3325503295614075,-0.6440102363603838,-0.24553721192030326,-0.04289982936264129,0.14371429352237497,0.41761707579044965,1.0034284906689062,1221.9923772749444,0,7.0
L2,L2-00,core,300,0.0,0.0,A,adj,37,77,9,11,apc_z,0.0,-0.019052910431400626,0.025766967016143526,-0.060760796742051815,-0.036921790368364876,-0.018749844792475254,-0.0014096133455975919,0.021605664798219515,1.0034942513221474,1739.1492701364707,0,7.2
L2,L2-00,core,300,0.0,0.0,A,adj,37,77,9,11,apc_s,-0.07861729088031583,-0.008964664756566387,0.03128139326198613,-0.059248037338351454,-0.02955177959757363,-0.010665774497925752,0.011885794133064835,0.043284914363664016,1.0034942513221474,1739.1492701364707,0,7.2
L2,L2-00,core,300,0.0,0.0,A,adj,37,77,9,11,bzC,0.0,-0.16800030327574342,0.28360311445920466,-0.6060587095045687,-0.3328516364497489,-0.16747218292975263,-0.009925440733728079,0.2599975015132646,1.0034942513221474,1739.1492701364707,0,7.2
L2,L2-00,core,300,0.0,0.0,A,adj,36,85,6,9,apc_z,0.0,-0.0540903058963995,0.03083260392684805,-0.10476070843675579,-0.07474626608496424,-0.05274488820394323,-0.03596324631851422,-0.002680617857440781,1.001497057508041,1441.5254975230403,0,7.6
L2,L2-00,core,300,0.0,0.0,A,adj,36,85,6,9,apc_s,-0.07861729088031583,-0.0988130912003027,0.036119882704921114,-0.15737249366753922,-0.12441905118895506,-0.1008122627743622,-0.07330512627544049,-0.038151585390084244,1.001497057508041,1441.5254975230403,0,7.6
L2,L2-00,core,300,0.0,0.0,A,adj,36,85,6,9,bzC,0.0,-0.3524348174105181,0.2902147118684432,-0.8206439853031836,-0.5238250523096664,-0.3475553517622466,-0.1778389873033965,0.1055792080787213,1.001497057508041,1441.5254975230403,0,7.6
L2,L2-00,core,300,0.0,0.0,A,adj,38,95,8,23,apc_z,0.0,-0.016695953381895022,0.028699513013090712,-0.06327992608066177,-0.03584470304673561,-0.016284532867412826,0.00255353885276711,0.031043737178175566,1.0047888270879235,1083.5044568377857,0,7.2
L2,L2-00,core,300,0.0,0.0,A,adj,38,95,8,23,apc_s,-0.07861729088031583,-0.033556309316891755,0.033140200184170174,-0.08650445281715029,-0.05514166061950282,-0.034789886731650996,-0.01109023191378751,0.021249123362101118,1.0047888270879235,1083.5044568377857,0,7.2
L2,L2-00,core,300,0.0,0.0,A,adj,38,95,8,23,bzC,0.0,-0.15040348710835655,0.3277193977445275,-0.6931187805488132,-0.33951427530405137,-0.13940735253046777,0.04472670961010939,0.3550742617106289,1.0047888270879235,1083.5044568377857,0,7.2
L2,L2-00,core,300,0.0,0.0,A,adj,39,92,5,16,apc_z,0.0,-0.009944892951692902,0.028945070802356396,-0.05933334659767625,-0.029245490808608745,-0.009372313293910646,0.009343868871867838,0.03581816761532325,1.002617577922451,1852.6113508140413,0,7.4
L2,L2-00,core,300,0.0,0.0,A,adj,39,92,5,16,apc_s,-0.07861729088031583,-0.038526737487632974,0.03449721401718936,-0.09538649852151576,-0.06251916111017371,-0.037648106901536485,-0.016330899784193772,0.0188312911134342,1.002617577922451,1852.6113508140413,0,7.4
L2,L2-00,core,300,0.0,0.0,A,adj,39,92,5,16,bzC,0.0,-0.037226196430559,0.2473857926281408,-0.43538845223237743,-0.18523270086868082,-0.03861673399692102,0.10783999820495678,0.3662402059295208,1.002617577922451,1852.6113508140413,0,7.4
L2,L2-00,core,300,0.0,0.0,A,adj,40,98,3,21,apc_z,0.0,0.018414537874925804,0.028822473946734015,-0.029162598710628505,-0.0006431916357641071,0.01811456645060069,0.036935874707689956,0.06568997775169491,1.002993525841625,1648.5976630635362,0,7.6
L2,L2-00,core,300,0.0,0.0,A,adj,40,98,3,21,apc_s,-0.07861729088031583,-0.04315969495852412,0.03662689916524006,-0.10358832753543,-0.06748723307169487,-0.043134736559966594,-0.020230365324889147,0.01735971886803724,1.002993525841625,1648.5976630635362,0,7.6
L2,L2-00,core,300,0.0,0.0,A,adj,40,98,3,21,bzC,0.0,0.031159693814019236,0.267064008117612,-0.39089648820545936,-0.12497278826527689,0.03530327970354952,0.18236685720014947,0.441333345071442,1.002993525841625,1648.5976630635362,0,7.6
L2,L2-00,core,300,0.0,0.0,A,adj,41,100,7,18,apc_z,0.0,-0.060897607007021654,0.030316208047999914,-0.1080153748696656,-0.08143008200904661,-0.060744574201663695,-0.040416843850136046,-0.01043511165930515,1.0027315819215388,1277.5223218163724,0,7.9
L2,L2-00,core,300,0.0,0.0,A,adj,41,100,7,18,apc_s,-0.07861729088031583,-0.09643960788928763,0.03368207775683408,-0.1505418305130944,-0.11988091562559963,-0.09683591562732324,-0.07431090174418281,-0.03914644672995512,1.0027315819215388,1277.5223218163724,0,7.9
L2,L2-00,core,300,0.0,0.0,A,adj,41,100,7,18,bzC,0.0,-0.2568527370505886,0.34710162253474486,-0.7782225819012183,-0.47576516637993094,-0.2831338430434684,-0.05068709631147432,0.33192824590944775,1.0027315819215388,1277.5223218163724,0,7.9
L2,L2-00,core,300,0.0,0.0,A,adj,42,92,7,13,apc_z,0.0,0.013343956159138486,0.03211293377964698,-0.03785828303498957,-0.008346055542585886,0.012422172445530523,0.0341340369377089,0.06892768237860912,1.0042275311063633,1176.8645346974074,0,7.3
L2,L2-00,core,300,0.0,0.0,A,adj,42,92,7,13,apc_s,-0.07861729088031583,-0.11781658827551073,0.036932451768110795,-0.18038940232712042,-0.14436519824601343,-0.11670042361001842,-0.09269856127839284,-0.061047062417423206,1.0042275311063633,1176.8645346974074,0,7.3
L2,L2-00,core,300,0.0,0.0,A,adj,42,92,7,13,bzC,0.0,0.10500607427218685,0.28030812511707204,-0.3422096969488455,-0.07067234359759991,0.1010168722961627,0.2740773092463058,0.5708113340278551,1.0042275311063633,1176.8645346974074,0,7.3
L2,L2-00,core,300,0.0,0.0,A,adj,43,89,8,20,apc_z,0.0,0.035477558450106035,0.028826552293629362,-0.012359537953846127,0.017209441322243738,0.035709666931390674,0.05501609608615785,0.08238338703472992,1.002890290106634,1533.6444479783495,0,7.2
L2,L2-00,core,300,0.0,0.0,A,adj,43,89,8,20,apc_s,-0.07861729088031583,-0.06840564739885317,0.030163287378459625,-0.11996121445091035,-0.08828748547339121,-0.06774155139801348,-0.048647525287590566,-0.020503162859845783,1.002890290106634,1533.6444479783495,0,7.2
L2,L2-00,core,300,0.0,0.0,A,adj,43,89,8,20,bzC,0.0,0.27262077907965077,0.2876158791948296,-0.2019408102093812,0.10340157078037185,0.27758282783845356,0.4436761403890067,0.7336943029625779,1.002890290106634,1533.6444479783495,0,7.2
L2,L2-00,core,300,0.0,0.0,A,adj,44,99,8,14,apc_z,0.0,0.05169624012090552,0.03195389429699135,-0.0018831091401690157,0.03170491831631325,0.05286270009843348,0.07294499053624809,0.10300855358707735,1.0028365767634473,1155.8721524781984,0,7.7
L2,L2-00,core,300,0.0,0.0,A,adj,44,99,8,14,apc_s,-0.07861729088031583,-0.11940708549457787,0.03852109220782921,-0.1831461976889054,-0.14611300716190279,-0.12021842133294063,-0.09201145556209599,-0.055847358673251454,1.0028365767634473,1155.8721524781984,0,7.7
L2,L2-00,core,300,0.0,0.0,A,adj,44,99,8,14,bzC,0.0,0.30742407888652906,0.27769045951161,-0.1353203331302846,0.13775060640178116,0.29497264710521554,0.48347454454671945,0.7652492506100969,1.0028365767634473,1155.8721524781984,0,7.7
L2,L2-00,core,300,0.0,0.0,A,adj,45,93,3,14,apc_z,0.0,0.004383238233861714,0.03081470975349787,-0.0460377350893033,-0.01604040024657166,0.0041173716640485036,0.025233605217037235,0.05693267818988687,1.0025706916750872,1633.4627550085372,0,7.0
L2,L2-00,core,300,0.0,0.0,A,adj,45,93,3,14,apc_s,-0.07861729088031583,-0.01721443183895324,0.04030333622298997,-0.08295374276720097,-0.045019400789857306,-0.01768998957629367,0.0088843245277575,0.049135595596073375,1.0025706916750872,1633.4627550085372,0,7.0
L2,L2-00,core,300,0.0,0.0,A,adj,45,93,3,14,bzC,0.0,0.008186848942569009,0.275423341890078,-0.4555578044966614,-0.15003319894713646,0.02392610695334553,0.17647641795012647,0.4249393815358951,1.0025706916750872,1633.4627550085372,0,7.0
L2,L2-00,core,300,0.0,0.0,A,adj,46,81,6,10,apc_z,0.0,0.053842506538486504,0.02838279107026912,0.007527298856356474,0.03443064667297241,0.05341085665244054,0.0727670082571996,0.10057440584565516,1.003600936603743,1572.079287522735,0,7.4
L2,L2-00,core,300,0.0,0.0,A,adj,46,81,6,10,apc_s,-0.07861729088031583,-0.08275121204280184,0.035238592688727845,-0.14189315938760133,-0.10684557326997601,-0.0818208418970385,-0.058147043769728096,-0.027279200236552226,1.003600936603743,1572.079287522735,0,7.4
L2,L2-00,core,300,0.0,0.0,A,adj,46,81,6,10,bzC,0.0,0.3349556657748697,0.26239143483753075,-0.08095700164632082,0.1741438422560391,0.33595124788297004,0.500478434931691,0.7637691848972614,1.003600936603743,1572.079287522735,0,7.4
L2,L2-00,core,300,0.0,0.0,A,adj,47,89,7,9,apc_z,0.0,0.004177230500577153,0.029825793815886084,-0.042741419184085465,-0.01801332832579921,0.0023627419491617377,0.024552379675481704,0.05551331307505713,1.0018561453657686,1701.5726595046028,0,7.0
L2,L2-00,core,300,0.0,0.0,A,adj,47,89,7,9,apc_s,-0.07861729088031583,-0.018480807425280858,0.03870783912460731,-0.08185504683119062,-0.04422790126846888,-0.01890370016574181,0.007448338414232029,0.04621853171278183,1.0018561453657686,1701.5726595046028,0,7.0
L2,L2-00,core,300,0.0,0.0,A,adj,47,89,7,9,bzC,0.0,0.021547562587414883,0.22761087508846117,-0.3348487067657284,-0.12217880652996538,0.02049655009849649,0.15974257341389608,0.3882437669725006,1.0018561453657686,1701.5726595046028,0,7.0
L2,L2-00,core,300,0.0,0.0,A,adj,48,95,5,13,apc_z,0.0,-0.01737589586354033,0.031422146844047864,-0.06973446055994578,-0.03812951812526815,-0.0170255688216645,0.0035892717774502337,0.0345736936086479,1.0031187599516722,1742.4433427328543,0,7.1
L2,L2-00,core,300,0.0,0.0,A,adj,48,95,5,13,apc_s,-0.07861729088031583,-0.040878731192908815,0.037490466542087694,-0.10192733270676207,-0.06649599351412787,-0.03940970920668994,-0.01578931654965466,0.02092693196031929,1.0031187599516722,1742.4433427328543,0,7.1
L2,L2-00,core,300,0.0,0.0,A,adj,48,95,5,13,bzC,0.0,-0.13649082423002504,0.24071779300381477,-0.5152063951755104,-0.2808927842509459,-0.14143741945736393,0.016339122556603858,0.24248249788150458,1.0031187599516722,1742.4433427328543,0,7.1
L2,L2-00,core,300,0.0,0.0,A,adj,49,98,9,11,apc_z,0.0,0.02863145456812888,0.031029405708817792,-0.021795520145385397,0.007585019700850146,0.029241097501931705,0.04875520734232515,0.08017387541228974,1.0025187375871627,1529.4789748099813,0,7.1
L2,L2-00,core,300,0.0,0.0,A,adj,49,98,9,11,apc_s,-0.07861729088031583,-0.09308094234920848,0.038881093044025455,-0.15696458154076667,-0.12004232936978351,-0.09316631592037936,-0.06579803994710307,-0.03134382207681411,1.0025187375871627,1529.4789748099813,0,7.1
L2,L2-00,core,300,0.0,0.0,A,adj,49,98,9,11,bzC,0.0,0.18144126648038544,0.26172578509553895,-0.22477994345704663,0.025718885802464342,0.17249310155890712,0.3347549275170562,0.6095702138387274,1.0025187375871627,1529.4789748099813,0,7.1
L2,L2-00,core,300,0.0,0.0,A,adj,50,89,6,18,apc_z,0.0,-0.026328887379160188,0.028756905189559628,-0.07487371764144427,-0.04540920473550046,-0.024905807522645977,-0.006409388890918427,0.020246073078416672,1.0016985822909799,1683.9064905203413,0,7.1
L2,L2-00,core,300,0.0,0.0,A,adj,50,89,6,18,apc_s,-0.07861729088031583,-0.08353389531581296,0.033090750455685734,-0.13756502356345263,-0.10625323540510134,-0.08419276997225222,-0.06140488846074725,-0.028376154432171573,1.0016985822909799,1683.9064905203413,0,7.1
L2,L2-00,core,300,0.0,0.0,A,adj,50,89,6,18,bzC,0.0,-0.2297898537795329,0.27220855594239995,-0.6701749513252047,-0.40043933004866095,-0.2333892363683645,-0.056953806249770186,0.2101061345376317,1.0016985822909799,1683.9064905203413,0,7.1
L2,L2-00,core,300,0.0,0.0,A,adj,51,91,1,13,apc_z,0.0,-0.039882026352024084,0.027747360864002864,-0.08725571210763379,-0.05836256206767755,-0.03925922646970803,-0.02178006124915436,0.0055406297547450755,1.0021787123641053,1624.0648154831997,0,7.0
L2,L2-00,core,300,0.0,0.0,A,adj,51,91,1,13,apc_s,-0.07861729088031583,-0.08072218317600814,0.03843141860694327,-0.14215201200716882,-0.10755261574240466,-0.0819802363456471,-0.05397198691945617,-0.017799309570296504,1.0021787123641053,1624.0648154831997,0,7.0
L2,L2-00,core,300,0.0,0.0,A,adj,51,91,1,13,bzC,0.0,-0.2445721215126071,0.2628932513998491,-0.6723577903561206,-0.40045927809828097,-0.24071288384351053,-0.08899026555942302,0.1619527110800769,1.0021787123641053,1624.0648154831997,0,7.0
L2,L2-00,core,300,0.0,0.0,A,adj,52,105,6,16,apc_z,0.0,-0.010961153442155206,0.03350846577072034,-0.06581521588773248,-0.03370326586931467,-0.01108401865833205,0.013296008443327668,0.04378861062485114,1.0024412279007622,1098.5132062074806,0,7.0
L2,L2-00,core,300,0.0,0.0,A,adj,52,105,6,16,apc_s,-0.07861729088031583,-0.13142046442606775,0.038666634970608925,-0.1950683052863083,-0.15716185118394782,-0.13136164879836307,-0.10547467066680763,-0.06781109608243424,1.0024412279007622,1098.5132062074806,0,7.0
L2,L2-00,core,300,0.0,0.0,A,adj,52,105,6,16,bzC,0.0,-0.03196857233169717,0.2635862855626852,-0.44760393631301315,-0.19812659723919032,-0.03236342165702222,0.13046946370575224,0.40172109881025525,1.0024412279007622,1098.5132062074806,0,7.0
L2,L2-00,core,300,0.0,0.0,A,adj,53,99,6,13,apc_z,0.0,-0.019952037376593727,0.030507695140987463,-0.07089545558337079,-0.04144984751016108,-0.019891888803555625,0.002353548739507246,0.029638690396584743,1.00210778803584,1495.5631660727418,0,6.9
L2,L2-00,core,300,0.0,0.0,A,adj,53,99,6,13,apc_s,-0.07861729088031583,-0.08204703082818708,0.03865871988205713,-0.14658495319193543,-0.1082820445577446,-0.08029067708737195,-0.05556952385864711,-0.01771737868261329,1.00210778803584,1495.5631660727418,0,6.9
L2,L2-00,core,300,0.0,0.0,A,adj,53,99,6,13,bzC,0.0,-0.08239652424518237,0.24212330829237663,-0.461874443879169,-0.2318982549322742,-0.08112014579766452,0.06733859048215454,0.2926634798650468,1.00210778803584,1495.5631660727418,0,6.9
L2,L2-00,core,300,0.0,0.0,A,adj,54,110,5,22,apc_z,0.0,0.04335875550055302,0.03009389630593812,-0.005411411291944383,0.022683500442942737,0.043200012582546465,0.06348323308630899,0.0941689205783931,1.001648466349723,1223.9555677845988,0,7.2
L2,L2-00,core,300,0.0,0.0,A,adj,54,110,5,22,apc_s,-0.07861729088031583,-0.04458605836354352,0.03698606398412052,-0.10590941051376124,-0.0686514522839139,-0.04441743632550009,-0.021257774501889565,0.016694925815597353,1.001648466349723,1223.9555677845988,0,7.2
L2,L2-00,core,300,0.0,0.0,A,adj,54,110,5,22,bzC,0.0,0.23211765273628435,0.29162623358761675,-0.2539238975226661,0.06239152742948691,0.23995056962507375,0.4074576014217768,0.6962494193750814,1.001648466349723,1223.9555677845988,0,7.2
L2,L2-00,core,300,0.0,0.0,A,adj,55,91,8,18,apc_z,0.0,0.03135415731209908,0.028509417523692984,-0.013713367096774743,0.011811188817897264,0.03223287764877915,0.04957435398347948,0.07689177020862716,1.003266450776696,1425.0921152969806,0,7.4
L2,L2-00,core,300,0.0,0.0,A,adj,55,91,8,18,apc_s,-0.07861729088031583,-0.07951722253176154,0.03539119638166841,-0.1394536521763524,-0.10243331465712874,-0.07892521063123085,-0.05539698697976074,-0.022639879324409997,1.003266450776696,1425.0921152969806,0,7.4
L2,L2-00,core,300,0.0,0.0,A,adj,55,91,8,18,bzC,0.0,0.20308403364486727,0.25631107036431344,-0.2153312563529084,0.04748249120677922,0.20845673452058477,0.3605757968217351,0.6082733981166888,1.003266450776696,1425.0921152969806,0,7.4
L2,L2-00,core,300,0.0,0.0,A,adj,56,96,3,17,apc_z,0.0,0.050417928230051146,0.03001992070730223,0.0001366604283573261,0.03123942631172675,0.05084073971928734,0.0695552275544116,0.09864701733762539,1.0021240042680768,1653.7141315630206,0,7.7
L2,L2-00,core,300,0.0,0.0,A,adj,56,96,3,17,apc_s,-0.07861729088031583,-0.07474884995096985,0.03618352710606635,-0.1343746828192249,-0.10008205034175666,-0.07552178929447842,-0.04920639166301715,-0.014221411816128668,1.0021240042680768,1653.7141315630206,0,7.7
L2,L2-00,core,300,0.0,0.0,A,adj,56,96,3,17,bzC,0.0,0.2914880022651065,0.2465881174001298,-0.09796547545805573,0.13767642747956577,0.28804289208795697,0.44389305339607205,0.6933201542859198,1.0021240042680768,1653.7141315630206,0,7.7
L2,L2-00,core,300,0.0,0.0,A,adj,57,87,5,10,apc_z,0.0,-0.000822674808448563,0.029599537724303942,-0.047487705606887066,-0.021097096492158286,-0.0016275275258454624,0.017781831334020226,0.048826207728259886,1.0017853932467542,1580.7221306110573,0,7.5
L2,L2-00,core,300,0.0,0.0,A,adj,57,87,5,10,apc_s,-0.07861729088031583,-0.03519774652089828,0.039357964984200376,-0.10299926708774107,-0.06138545751954885,-0.034698614776256576,-0.006653037811339517,0.027003532425960906,1.0017853932467542,1580.7221306110573,0,7.5
L2,L2-00,core,300,0.0,0.0,A,adj,57,87,5,10,bzC,0.0,-0.07454776205311095,0.25936880302704046,-0.4879224526301512,-0.22279900321438126,-0.0736904392409033,0.08287484702243735,0.319968927403233,1.0017853932467542,1580.7221306110573,0,7.5
L2,L2-00,core,300,0.0,0.0,A,adj,58,92,2,16,apc_z,0.0,-0.015182778881579472,0.03053198657119961,-0.0657441314822381,-0.03560551871492407,-0.015003041163621994,0.006121316173285697,0.03520136810018513,1.00284264278546,1209.5294362383659,0,7.5
L2,L2-00,core,300,0.0,0.0,A,adj,58,92,2,16,apc_s,-0.07861729088031583,-0.12009919130672066,0.03555043791283291,-0.17473056557128852,-0.1443363506644454,-0.1217829072304033,-0.09697735478608326,-0.06031790290325015,1.00284264278546,1209.5294362383659,0,7.5
L2,L2-00,core,300,0.0,0.0,A,adj,58,92,2,16,bzC,0.0,-0.07713631474399034,0.2858812010890723,-0.5352821868048822,-0.25077461183081573,-0.0758322722091649,0.09544292305808925,0.38011433896091507,1.00284264278546,1209.5294362383659,0,7.5
L2,L2-00,core,300,0.0,0.0,A,adj,59,97,5,14,apc_z,0.0,0.01755839360310287,0.02884160110341063,-0.031548319529924186,-0.0008342950461432468,0.01828682224247586,0.03605756280315622,0.06196604259978745,1.001284876694363,1634.5458903164724,0,7.4
L2,L2-00,core,300,0.0,0.0,A,adj,59,97,5,14,apc_s,-0.07861729088031583,0.011849612873289022,0.03933770403408595,-0.05051380695331104,-0.014847354943763599,0.010461456482719397,0.03818630109361994,0.074153395889293,1.001284876694363,1634.5458903164724,0,7.4
L2,L2-00,core,300,0.0,0.0,A,adj,59,97,5,14,bzC,0.0,0.08983325083454133,0.2510584627850754,-0.31635062444861595,-0.050836292355984865,0.10056315796025374,0.24197070365636042,0.47315406030583246,1.001284876694363,1634.5458903164724,0,7.4
L2,L2-01,core,300,0.0,0.0,B,adj,0,108,5,17,apc_z,0.0,-0.021561377338460447,0.030589350154382744,-0.07063073399022883,-0.04196850830206939,-0.022438660783389193,-0.001269484123959407,0.030997125342237287,1.0041297361919723,1274.314206076446,0,7.0
L2,L2-01,core,300,0.0,0.0,B,adj,0,108,5,17,apc_s,-0.08098456026023326,-0.11115588416163705,0.0387294137526047,-0.1748822315140386,-0.13753322039161534,-0.1124336762759762,-0.08501431545490369,-0.05007736609799685,1.0041297361919723,1274.314206076446,0,7.0
L2,L2-01,core,300,0.0,0.0,B,adj,0,108,5,17,bzC,0.0,-0.20394894133356872,0.28860882924047115,-0.6918960107580592,-0.36535436659720033,-0.19554567276386858,-0.02185772714007727,0.23821658419375097,1.0041297361919723,1274.314206076446,0,7.0
L2,L2-01,core,300,0.0,0.0,B,adj,1,95,9,14,apc_z,0.0,-0.021338931245715925,0.030077605070873793,-0.0715192501789605,-0.040219829135322405,-0.021507025987496566,-0.0010087256190257255,0.02621060511498234,1.0056414577978794,1685.7415041610163,0,7.1
L2,L2-01,core,300,0.0,0.0,B,adj,1,95,9,14,apc_s,-0.08098456026023326,-0.06209803632596205,0.033757440809520006,-0.11540555508942789,-0.08513314515833714,-0.06172601208014946,-0.038791454742671524,-0.005970913467937359,1.0056414577978794,1685.7415041610163,0,7.1
L2,L2-01,core,300,0.0,0.0,B,adj,1,95,9,14,bzC,0.0,-0.08890228635051005,0.2624403690049628,-0.5066105393342992,-0.2497026408201412,-0.0924405883021483,0.06929767882954124,0.3249651565587193,1.0056414577978794,1685.7415041610163,0,7.1
L2,L2-01,core,300,0.0,0.0,B,adj,2,81,5,13,apc_z,0.0,0.00031621667484919863,0.0266770581516979,-0.044408308000458266,-0.016582309081419236,0.0007440301174164543,0.017050317906164847,0.04196316024471676,1.0024868427246074,1215.5519590982126,0,7.0
L2,L2-01,core,300,0.0,0.0,B,adj,2,81,5,13,apc_s,-0.08098456026023326,-0.05554379690764593,0.03284071936851092,-0.11017909094970654,-0.07679000659519958,-0.053253180119249795,-0.03386130565292819,-0.004102553394767199,1.0024868427246074,1215.5519590982126,0,7.0
L2,L2-01,core,300,0.0,0.0,B,adj,2,81,5,13,bzC,0.0,-0.07058709127419067,0.30262997496975286,-0.5398480583502542,-0.2512666279399694,-0.07784594724935152,0.0991280324818541,0.4195053150997162,1.0024868427246074,1215.5519590982126,0,7.0
L2,L2-01,core,300,0.0,0.0,B,adj,3,106,9,17,apc_z,0.0,0.035448919025245454,0.029786694761390807,-0.0169970345127851,0.016080272689076865,0.0342787837366638,0.055529398441344406,0.08513984914459084,1.0035135012932312,892.1574998033402,0,7.3
L2,L2-01,core,300,0.0,0.0,B,adj,3,106,9,17,apc_s,-0.08098456026023326,-0.12348090188995713,0.03267606556645676,-0.17909989187256847,-0.14612824384225212,-0.12145076268129318,-0.10177676461669541,-0.07184272403725245,1.0035135012932312,892.1574998033402,0,7.3
L2,L2-01,core,300,0.0,0.0,B,adj,3,106,9,17,bzC,0.0,0.24213061130276026,0.2889058756341104,-0.20341715822202106,0.061010745599057316,0.2260019776780113,0.4184138799767199,0.7210429637089826,1.0035135012932312,892.1574998033402,0,7.3
L2,L2-01,core,300,0.0,0.0,B,adj,4,89,6,24,apc_z,0.0,0.02812438899587749,0.026529014771171797,-0.01587956774155781,0.009652302346830975,0.02763286362998102,0.04722644046466941,0.071849913510623,1.0026398265583873,1691.8950049159955,0,7.3
L2,L2-01,core,300,0.0,0.0,B,adj,4,89,6,24,apc_s,-0.08098456026023326,-0.07993776192175436,0.02911229015235118,-0.12777765613593842,-0.09948610619344109,-0.0796886474980856,-0.059897650868768144,-0.03210861504191469,1.0026398265583873,1691.8950049159955,0,7.3
L2,L2-01,core,300,0.0,0.0,B,adj,4,89,6,24,bzC,0.0,0.16611624119771487,0.2668120743553873,-0.26178239780469953,-0.003487172129810326,0.1640645199074553,0.33021696906996817,0.6071553057045802,1.0026398265583873,1691.8950049159955,0,7.3
L2,L2-01,core,300,0.0,0.0,B,adj,5,98,6,14,apc_z,0.0,0.035863960446739084,0.03124174779605677,-0.013723033535728754,0.014342595980067287,0.033840827040720084,0.05625604756384654,0.08773862997691098,1.0041711351831069,1172.1448038003034,0,7.4
L2,L2-01,core,300,0.0,0.0,B,adj,5,98,6,14,apc_s,-0.08098456026023326,-0.10837543897981408,0.037004009687358154,-0.17091695151403258,-0.1332147000751673,-0.10804765484689022,-0.08242001186018691,-0.048351390748738954,1.0041711351831069,1172.1448038003034,0,7.4
L2,L2-01,core,300,0.0,0.0,B,adj,5,98,6,14,bzC,0.0,0.32407258008344514,0.31572187416711156,-0.14855806711093025,0.127880157775292,0.3132047862585301,0.5058642726667323,0.8612484418557124,1.0041711351831069,1172.1448038003034,0,7.4
L2,L2-01,core,300,0.0,0.0,B,adj,6,84,8,10,apc_z,0.0,-0.026695975487069715,0.028567664163341184,-0.07318242014756768,-0.04496649585343805,-0.026722176553837712,-0.006914445564916716,0.020050804314119076,1.004383133277993,1313.6023872628339,0,6.9
L2,L2-01,core,300,0.0,0.0,B,adj,6,84,8,10,apc_s,-0.08098456026023326,-0.06562868082691622,0.03244880781319212,-0.11824986312829835,-0.08677179903606097,-0.06456909310839626,-0.04456402305655032,-0.01291349070309281,1.004383133277993,1313.6023872628339,0,6.9
L2,L2-01,core,300,0.0,0.0,B,adj,6,84,8,10,bzC,0.0,-0.12698873332247745,0.2830346407855352,-0.5558933024180012,-0.3047876204145708,-0.1365048568288428,0.035727032629230146,0.34059532147856747,1.004383133277993,1313.6023872628339,0,6.9
L2,L2-01,core,300,0.0,0.0,B,adj,7,110,7,22,apc_z,0.0,-0.023405706171033637,0.02904518751863919,-0.07022860888142468,-0.04386677971984748,-0.02303783640107919,-0.003586677867511761,0.024161700913151726,1.0021405729447932,1441.5219648346513,0,7.2
L2,L2-01,core,300,0.0,0.0,B,adj,7,110,7,22,apc_s,-0.08098456026023326,-0.07639677536341426,0.03445574324437391,-0.13222064645685733,-0.09992315727328147,-0.07536057097986461,-0.05480230461993804,-0.020429180307364583,1.0021405729447932,1441.5219648346513,0,7.2
L2,L2-01,core,300,0.0,0.0,B,adj,7,110,7,22,bzC,0.0,-0.1121839824158354,0.2609682592608935,-0.5119085062006626,-0.27312340117923245,-0.12245486158546143,0.03828559120664365,0.3219002155983769,1.0021405729447932,1441.5219648346513,0,7.2
L2,L2-01,core,300,0.0,0.0,B,adj,8,90,3,12,apc_z,0.0,0.010646463934245955,0.02863085060932067,-0.035230352138907475,-0.009362925620162416,0.011757149771126244,0.030212683874173595,0.05594139675797485,1.0072131222972975,1484.161791116965,0,7.1
L2,L2-01,core,300,0.0,0.0,B,adj,8,90,3,12,apc_s,-0.08098456026023326,-0.11294442803676764,0.03602757568044871,-0.17158645643607526,-0.13631914567191233,-0.11333423841138349,-0.08997329952939769,-0.05328111172286735,1.0072131222972975,1484.161791116965,0,7.1
L2,L2-01,core,300,0.0,0.0,B,adj,8,90,3,12,bzC,0.0,0.045851444051232905,0.26484751851643246,-0.37504568200261545,-0.11317492025143332,0.03973048862708109,0.20370843511818731,0.4703102886946836,1.0072131222972975,1484.161791116965,0,7.1
L2,L2-01,core,300,0.0,0.0,B,adj,9,101,7,14,apc_z,0.0,-0.03242257719291749,0.030835007234900225,-0.08262793482354258,-0.05248169813265627,-0.032411437547946884,-0.012802026331241795,0.016417820134891008,1.0015253909521669,1896.305011112534,0,7.3
L2,L2-01,core,300,0.0,0.0,B,adj,9,101,7,14,apc_s,-0.08098456026023326,-0.07401467730311201,0.034802881655299094,-0.13043566658084976,-0.09838300408921818,-0.07426091200672505,-0.04949739340363764,-0.01811364461962523,1.0015253909521669,1896.305011112534,0,7.3
L2,L2-01,core,300,0.0,0.0,B,adj,9,101,7,14,bzC,0.0,-0.18945178442435096,0.248939969482554,-0.5818159177049977,-0.3487705496796495,-0.1945003927136186,-0.0360191124884739,0.21931597054448268,1.0015253909521669,1896.305011112534,0,7.3
L2,L2-01,core,300,0.0,0.0,B,adj,10,106,13,11,apc_z,0.0,0.04688302015421125,0.03167122373999987,-0.0066041456871089544,0.024531295849677434,0.04708759784056753,0.06806918445459466,0.09761523475110398,1.0034556640865109,1459.7284052548512,0,7.4
L2,L2-01,core,300,0.0,0.0,B,adj,10,106,13,11,apc_s,-0.08098456026023326,-0.023021227156431307,0.037759211296896675,-0.0868140048906568,-0.047201807899172235,-0.02224290897579352,0.0030487047908238397,0.0363256555442988,1.0034556640865109,1459.7284052548512,0,7.4
L2,L2-01,core,300,0.0,0.0,B,adj,10,106,13,11,bzC,0.0,0.2912236511239776,0.2954290596402044,-0.16695092546213147,0.11880169680005893,0.2952402756614876,0.4626957324072276,0.7580790329343009,1.0034556640865109,1459.7284052548512,0,7.4
L2,L2-01,core,300,0.0,0.0,B,adj,11,98,7,14,apc_z,0.0,-0.025368489486000848,0.03013545712933653,-0.07482849343308572,-0.04508046590461191,-0.02705278583774326,-0.005526031061750243,0.02591046207097292,1.0045601276058256,1371.2970391353695,0,7.6
L2,L2-01,core,300,0.0,0.0,B,adj,11,98,7,14,apc_s,-0.08098456026023326,-0.06427178824507118,0.03536008118988841,-0.12408593030258822,-0.08784646747787805,-0.06466584700699488,-0.040499763051267804,-0.005863067164717217,1.0045601276058256,1371.2970391353695,0,7.6
L2,L2-01,core,300,0.0,0.0,B,adj,11,98,7,14,bzC,0.0,-0.18618786815535004,0.27331277115648367,-0.6389690117128686,-0.3458942071187131,-0.17127621735807647,-0.018402291161619386,0.21813204130465358,1.0045601276058256,1371.2970391353695,0,7.6
L2,L2-01,core,300,0.0,0.0,B,adj,12,95,2,12,apc_z,0.0,0.016717371425216124,0.028684112832064602,-0.02750669485280002,-0.002147916662251042,0.016448716183713824,0.03505201595491403,0.06475309241842171,1.0032638182563367,1555.658505203689,0,7.5
L2,L2-01,core,300,0.0,0.0,B,adj,12,95,2,12,apc_s,-0.08098456026023326,-0.07836271620770595,0.03767776815105449,-0.13779821104732773,-0.10379589719281782,-0.07804455721796993,-0.053215107759611094,-0.018897090543513958,1.0032638182563367,1555.658505203689,0,7.5
L2,L2-01,core,300,0.0,0.0,B,adj,12,95,2,12,bzC,0.0,0.14728885404965028,0.26187522624124693,-0.2746212708916961,-0.018228379294820865,0.13688118320086506,0.3078266339763165,0.5806331627290496,1.0032638182563367,1555.658505203689,0,7.5
L2,L2-01,core,300,0.0,0.0,B,adj,13,84,5,13,apc_z,0.0,-0.012308436477432991,0.028561168977718866,-0.056621886984600044,-0.032709585878330574,-0.013218442547904446,0.006699707285492525,0.03718718504228619,1.0015946052588847,1509.4449690935596,0,7.1
L2,L2-01,core,300,0.0,0.0,B,adj,13,84,5,13,apc_s,-0.08098456026023326,-0.07157295320547698,0.03360032125057315,-0.1254966444753633,-0.09355657861261565,-0.07201295404838773,-0.05005630936057252,-0.01593869340960908,1.0015946052588847,1509.4449690935596,0,7.1
L2,L2-01,core,300,0.0,0.0,B,adj,13,84,5,13,bzC,0.0,-0.07001694559053025,0.2773050348230762,-0.5153369642614298,-0.2305081508293706,-0.07307588482265831,0.09758016634255717,0.3649537206704665,1.0015946052588847,1509.4449690935596,0,7.1
L2,L2-01,core,300,0.0,0.0,B,adj,14,106,8,18,apc_z,0.0,0.00013081007450819126,0.03077725823057101,-0.05071654456455534,-0.01956043064115071,0.0004153946885811892,0.01956874530391854,0.05207238822488995,1.0024856479045814,1370.2285159299934,0,7.2
L2,L2-01,core,300,0.0,0.0,B,adj,14,106,8,18,apc_s,-0.08098456026023326,-0.09425007785677025,0.03357077558319082,-0.14746153827670477,-0.11771016867101822,-0.09430803996682663,-0.0713112499221693,-0.04094018444537433,1.0024856479045814,1370.2285159299934,0,7.2
L2,L2-01,core,300,0.0,0.0,B,adj,14,106,8,18,bzC,0.0,-0.1154178280487545,0.269247509700386,-0.5354840295748142,-0.2784252137441941,-0.11525051161734456,0.04276537278776129,0.31335571562350223,1.0024856479045814,1370.2285159299934,0,7.2
L2,L2-01,core,300,0.0,0.0,B,adj,15,107,2,19,apc_z,0.0,0.09576369673291328,0.029002637996466987,0.048521599355228276,0.07640430120393522,0.0957121529515505,0.11676978191350142,0.14374544601771788,1.00507141427116,1447.7492985572956,0,7.1
L2,L2-01,core,300,0.0,0.0,B,adj,15,107,2,19,apc_s,-0.08098456026023326,-0.1013001599839427,0.03579996440708052,-0.15969464183382137,-0.12611443167938172,-0.10234021405164237,-0.07570268343100331,-0.04445583221407974,1.00507141427116,1447.7492985572956,0,7.1
L2,L2-01,core,300,0.0,0.0,B,adj,15,107,2,19,bzC,0.0,0.569390546297685,0.274739892465556,0.13874328304210382,0.39505217215200233,0.561894219233205,0.738038499250027,1.0172579413557818,1.00507141427116,1447.7492985572956,0,7.1
L2,L2-01,core,300,0.0,0.0,B,adj,16,88,2,14,apc_z,0.0,0.026916961694162696,0.028967230374888273,-0.02251733167846022,0.0069481544464235784,0.026961616035035448,0.047980067886280134,0.07323801619171327,1.0025021676671229,1770.458664310875,0,7.1
L2,L2-01,core,300,0.0,0.0,B,adj,16,88,2,14,apc_s,-0.08098456026023326,-0.060019544147053495,0.036871641002845526,-0.12296918563754415,-0.0840624065989555,-0.06010368759005334,-0.03530419997706617,-0.00027764683775573267,1.0025021676671229,1770.458664310875,0,7.1
L2,L2-01,core,300,0.0,0.0,B,adj,16,88,2,14,bzC,0.0,0.17235882476422887,0.24110296037261011,-0.2080539977068936,0.024459514306143723,0.16839544242985405,0.32032618453422224,0.5637353550841862,1.0025021676671229,1770.458664310875,0,7.1
L2,L2-01,core,300,0.0,0.0,B,adj,17,93,5,11,apc_z,0.0,0.053082910071423905,0.029335844984408145,0.005729561493345472,0.03244164602436403,0.05306849313424962,0.07278406353399922,0.10125722701148872,1.0027607706668888,1407.0263149325492,0,7.2
L2,L2-01,core,300,0.0,0.0,B,adj,17,93,5,11,apc_s,-0.08098456026023326,-0.10749580421174205,0.03487671807185671,-0.16292030262142923,-0.13079755192918824,-0.1077477576429729,-0.08487774266268876,-0.05139485672404992,1.0027607706668888,1407.0263149325492,0,7.2
L2,L2-01,core,300,0.0,0.0,B,adj,17,93,5,11,bzC,0.0,0.3867392592133895,0.29776376446057895,-0.06724674288131753,0.19482423130865237,0.3683436312850486,0.5646146584327074,0.901981322952887,1.0027607706668888,1407.0263149325492,0,7.2
L2,L2-01,core,300,0.0,0.0,B,adj,18,95,5,11,apc_z,0.0,-0.0063341018120566155,0.03149095504399634,-0.05521966704127366,-0.027489314166366734,-0.006882031796255576,0.013935632903590487,0.04483909957126784,1.003095527609792,1012.0539010564905,0,7.2
L2,L2-01,core,300,0.0,0.0,B,adj,18,95,5,11,apc_s,-0.08098456026023326,-0.0665079551503787,0.03713401794250618,-0.1255119410790604,-0.09222231387993508,-0.06455306608873719,-0.04146674319767618,-0.007226628882830627,1.003095527609792,1012.0539010564905,0,7.2
L2,L2-01,core,300,0.0,0.0,B,adj,18,95,5,11,bzC,0.0,0.011371030002043167,0.29249873613812244,-0.42690961761518814,-0.1699865683398945,-0.0013673652269472671,0.17596718084468696,0.5106448267847581,1.003095527609792,1012.0539010564905,0,7.2
L2,L2-01,core,300,0.0,0.0,B,adj,19,96,8,14,apc_z,0.0,-0.023445098501359226,0.028362798316544164,-0.06742269896056972,-0.0433826513682707,-0.02427183599562616,-0.004509037942344973,0.024111952281592762,1.0026157557984252,1265.7962894825573,0,7.2
L2,L2-01,core,300,0.0,0.0,B,adj,19,96,8,14,apc_s,-0.08098456026023326,-0.02529473295781105,0.03590278362393632,-0.08329175849850579,-0.050026467213720706,-0.024783300543438684,-8.24325895474272e-05,0.032800515675736955,1.0026157557984252,1265.7962894825573,0,7.2
L2,L2-01,core,300,0.0,0.0,B,adj,19,96,8,14,bzC,0.0,-0.08190090313475379,0.3156771267176687,-0.5717676681006896,-0.2660068189683664,-0.09889356618087178,0.09429663820299408,0.46764339539339467,1.0026157557984252,1265.7962894825573,0,7.2
L2,L2-01,core,300,0.0,0.0,B,adj,20,95,6,14,apc_z,0.0,0.04152330471992092,0.028679360415485404,-0.0058686373131295886,0.021978372152362622,0.040725946777206284,0.06067170036235052,0.08872140467730072,1.0032581638566398,1240.6466448902615,0,7.1
L2,L2-01,core,300,0.0,0.0,B,adj,20,95,6,14,apc_s,-0.08098456026023326,-0.03590926482753757,0.034793191569330376,-0.09073429898481083,-0.06039181010440534,-0.03635047937030679,-0.012895694934912199,0.0199864858432884,1.0032581638566398,1240.6466448902615,0,7.1
L2,L2-01,core,300,0.0,0.0,B,adj,20,95,6,14,bzC,0.0,0.34167592879552766,0.33206920236291176,-0.18936839488160673,0.13894002870648361,0.3358647273329207,0.5476303010209473,0.8830715799801504,1.0032581638566398,1240.6466448902615,0,7.1
L2,L2-01,core,300,0.0,0.0,B,adj,21,82,6,12,apc_z,0.0,-0.005194234903975573,0.030892354419237895,-0.05587104001929195,-0.02673118319229943,-0.004982709442603411,0.016621700562939434,0.043499655999965005,1.0040247943958203,949.3130806957853,0,6.8
L2,L2-01,core,300,0.0,0.0,B,adj,21,82,6,12,apc_s,-0.08098456026023326,-0.020781825042900437,0.037048543366087754,-0.07953833297822238,-0.04489875584822558,-0.02096820533672368,0.0030969661216177628,0.03893814008143623,1.0040247943958203,949.3130806957853,0,6.8
L2,L2-01,core,300,0.0,0.0,B,adj,21,82,6,12,bzC,0.0,-0.1004131309193464,0.3276481771579204,-0.642739148222969,-0.29067999624906593,-0.0933359883500346,0.0989185735663948,0.42516286071613707,1.0040247943958203,949.3130806957853,0,6.8
L2,L2-01,core,300,0.0,0.0,B,adj,22,97,9,17,apc_z,0.0,4.994119517989426e-05,0.02887292711832285,-0.05073515895872323,-0.019630087030154564,0.0008283003864824822,0.019591669248832214,0.04609052732597942,1.0025411807245945,1706.7720774320144,0,7.3
L2,L2-01,core,300,0.0,0.0,B,adj,22,97,9,17,apc_s,-0.08098456026023326,-0.06256361267118252,0.03344597396669348,-0.11780828881694871,-0.08414113611173668,-0.06292099254995306,-0.04125853962017966,-0.0069637318059472255,1.0025411807245945,1706.7720774320144,0,7.3
L2,L2-01,core,300,0.0,0.0,B,adj,22,97,9,17,bzC,0.0,-0.07762792006948527,0.26357016532466215,-0.5090830016771857,-0.24065851030788565,-0.07485445971818383,0.08701305849576735,0.3422801051022978,1.0025411807245945,1706.7720774320144,0,7.3
L2,L2-01,core,300,0.0,0.0,B,adj,23,86,4,15,apc_z,0.0,-0.004842747361974682,0.02788800495445058,-0.051082912932346174,-0.024092982333295616,-0.004056359059088445,0.01456410815359321,0.04125550977642128,1.002488149476589,1545.0800222382304,0,7.1
L2,L2-01,core,300,0.0,0.0,B,adj,23,86,4,15,apc_s,-0.08098456026023326,-0.026509860841272534,0.03410226099422478,-0.08376347086194548,-0.05038568585780156,-0.02584780045637969,-0.003943592852721216,0.030495297112110388,1.002488149476589,1545.0800222382304,0,7.1
L2,L2-01,core,300,0.0,0.0,B,adj,23,86,4,15,bzC,0.0,-0.03373400482062188,0.2440532869343389,-0.43298288532427437,-0.17761735160652603,-0.02957766697262018,0.11451139369138975,0.35085411105354253,1.002488149476589,1545.0800222382304,0,7.1
L2,L2-01,core,300,0.0,0.0,B,adj,24,89,2,13,apc_z,0.0,-0.06596245205445302,0.03058315215497675,-0.1158812681380677,-0.08718573536077882,-0.0656885969997579,-0.044580145155264594,-0.01586681159231596,1.003318364865101,1542.4562854225082,0,6.7
L2,L2-01,core,300,0.0,0.0,B,adj,24,89,2,13,apc_s,-0.08098456026023326,-0.0634093418727323,0.035746819236415414,-0.12282942518275516,-0.0880292807033295,-0.062087005175078994,-0.03727176188807253,-0.007425961145066856,1.003318364865101,1542.4562854225082,0,6.7
L2,L2-01,core,300,0.0,0.0,B,adj,24,89,2,13,bzC,0.0,-0.4112235581192144,0.28340880320582024,-0.843910411915098,-0.5831264542765846,-0.4167792447658959,-0.25568709200420825,0.037547770113366866,1.003318364865101,1542.4562854225082,0,6.7
L2,L2-01,core,300,0.0,0.0,B,adj,26,99,7,18,apc_z,0.0,-0.02676991945597802,0.02849976248673341,-0.07456247117881656,-0.044950370451262954,-0.026657872006729613,-0.008907215863774645,0.021263981650444595,1.0025291783731158,1635.7305561424353,0,6.3
L2,L2-01,core,300,0.0,0.0,B,adj,26,99,7,18,apc_s,-0.08098456026023326,-0.04734440304232801,0.03448991577738271,-0.1077242035316124,-0.06957039562402545,-0.04593282049774225,-0.023060240045151333,0.007384033954734453,1.0025291783731158,1635.7305561424353,0,6.3
L2,L2-01,core,300,0.0,0.0,B,adj,26,99,7,18,bzC,0.0,-0.16016971528536272,0.258539586075415,-0.5786414316443653,-0.30324984028491037,-0.1489939575634373,-0.0034260036284823256,0.22863434360718723,1.0025291783731158,1635.7305561424353,0,6.3
L2,L2-01,core,300,0.0,0.0,B,adj,25,104,8,20,apc_z,0.0,-0.020025262053911533,0.03060064326284049,-0.06717411781142604,-0.04142936957479905,-0.0207965487790663,0.0002714405802527681,0.02983135058873972,1.00285428166212,1570.9835712958545,0,7.6
L2,L2-01,core,300,0.0,0.0,B,adj,25,104,8,20,apc_s,-0.08098456026023326,-0.07614804577651704,0.032591897975629426,-0.12960648106123152,-0.09903611546608304,-0.07561738281340144,-0.05317704144869978,-0.024245981552218784,1.00285428166212,1570.9835712958545,0,7.6
L2,L2-01,core,300,0.0,0.0,B,adj,25,104,8,20,bzC,0.0,-0.06364924265448024,0.2621682019195095,-0.4651918904787602,-0.21966805188856375,-0.07468631618489774,0.08608105554610818,0.36068587132810165,1.00285428166212,1570.9835712958545,0,7.6
L2,L2-01,core,300,0.0,0.0,B,adj,27,97,5,17,apc_z,0.0,-0.03200040655703067,0.03135258418709134,-0.08393519664355849,-0.0535233518922122,-0.03132229965022598,-0.011277357388231447,0.018452590810963725,1.0070537052007746,864.8181300281093,0,6.1
L2,L2-01,core,300,0.0,0.0,B,adj,27,97,5,17,apc_s,-0.08098456026023326,-0.13169969710503512,0.03415534342863643,-0.19056638140600612,-0.1538368848780784,-0.13208160800320656,-0.10738816296578989,-0.07846527811608303,1.0070537052007746,864.8181300281093,0,6.1
L2,L2-01,core,300,0.0,0.0,B,adj,27,97,5,17,bzC,0.0,-0.24044424935356828,0.2916785939170166,-0.7114517381778902,-0.4204433813126504,-0.23484855834487556,-0.06181434339423428,0.21809691074156357,1.0070537052007746,864.8181300281093,0,6.1
L2,L2-01,core,300,0.0,0.0,B,adj,28,89,5,11,apc_z,0.0,0.01344044732517132,0.030721918884836014,-0.038307785185666424,-0.00628846604306533,0.01426490120596896,0.03364236846651647,0.0634862281515841,1.0023885575834,1632.7012815908813,0,6.5
L2,L2-01,core,300,0.0,0.0,B,adj,28,89,5,11,apc_s,-0.08098456026023326,-0.030727756392504184,0.03756069660880037,-0.09304596136515422,-0.055508587224582066,-0.03158594281060055,-0.0048966521408298,0.0305300011070553,1.0023885575834,1632.7012815908813,0,6.5
L2,L2-01,core,300,0.0,0.0,B,adj,28,89,5,11,bzC,0.0,-0.029274362005382516,0.2798850552699448,-0.4797561930041699,-0.1957843206813463,-0.017474788708270343,0.14590985826080416,0.3879650788978023,1.0023885575834,1632.7012815908813,0,6.5
L2,L2-01,core,300,0.0,0.0,B,adj,29,98,6,13,apc_z,0.0,0.029681471153487543,0.031048500397226658,-0.022040185817199028,0.008505062091566519,0.029665477575753114,0.05202516671550078,0.0788313868697266,1.0037240231310753,1720.0526265305623,0,6.5
L2,L2-01,core,300,0.0,0.0,B,adj,29,98,6,13,apc_s,-0.08098456026023326,-0.04908004242964925,0.03699495938615037,-0.11133051131063146,-0.07466083297769667,-0.049861663500665454,-0.02366511328628143,0.012040075620955397,1.0037240231310753,1720.0526265305623,0,6.5
L2,L2-01,core,300,0.0,0.0,B,adj,29,98,6,13,bzC,0.0,0.15705694907481313,0.24990364510215798,-0.2497514001232512,0.008576561223272147,0.16291395236771106,0.3113547127550014,0.5471448737649764,1.0037240231310753,1720.0526265305623,0,6.5
L2,L2-01,core,300,0.0,0.0,B,adj,30,95,4,17,apc_z,0.0,-0.0036605050042985247,0.0292736320865054,-0.053155320099923006,-0.023095027309387943,-0.0031955934680735977,0.016038840035256626,0.04309823023133505,1.0044233211136597,1348.1135695906012,0,7.7
L2,L2-01,core,300,0.0,0.0,B,adj,30,95,4,17,apc_s,-0.08098456026023326,-0.10270548262361552,0.03424183388958837,-0.15764515659971734,-0.12532540819878002,-0.10261724332307241,-0.08043896090944845,-0.04889848436330255,1.0044233211136597,1348.1135695906012,0,7.7
L2,L2-01,core,300,0.0,0.0,B,adj,30,95,4,17,bzC,0.0,-0.022661795806374632,0.26618543774057846,-0.4592238879935199,-0.17582206184490962,-0.021508608443369236,0.1406517307812032,0.396334002447696,1.0044233211136597,1348.1135695906012,0,7.7
L2,L2-01,core,300,0.0,0.0,B,adj,32,113,8,18,apc_z,0.0,0.027309296987812808,0.029562460362001403,-0.023054991727825068,0.008262759257879377,0.027096949434199644,0.04671130081851628,0.07560551789076565,1.0023999862930424,1232.1197944058129,0,6.6
L2,L2-01,core,300,0.0,0.0,B,adj,32,113,8,18,apc_s,-0.08098456026023326,-0.0700768014456321,0.03375698842705296,-0.12697212127505447,-0.09113072814329781,-0.07020489952748546,-0.04797093695822517,-0.013922411938437684,1.0023999862930424,1232.1197944058129,0,6.6
L2,L2-01,core,300,0.0,0.0,B,adj,32,113,8,18,bzC,0.0,0.06250240022244641,0.2760627999207827,-0.4098980384471908,-0.10023439952874319,0.07766473515774758,0.24394590943576439,0.4832453519608566,1.0023999862930424,1232.1197944058129,0,6.6
L2,L2-01,core,300,0.0,0.0,B,adj,31,108,7,16,apc_z,0.0,-0.017730898093032053,0.031124571201933893,-0.06932611564648336,-0.039827409901858186,-0.018448104123036914,0.004359736252642665,0.03494463242722275,1.0028410810276027,1327.0722077215999,0,6.6
L2,L2-01,core,300,0.0,0.0,B,adj,31,108,7,16,apc_s,-0.08098456026023326,-0.12142797115099363,0.03693420884579767,-0.18134048254787927,-0.14707656522657295,-0.12260982668551858,-0.09675629532583388,-0.05842570485188736,1.0028410810276027,1327.0722077215999,0,6.6
L2,L2-01,core,300,0.0,0.0,B,adj,31,108,7,16,bzC,0.0,-0.15226292125603022,0.2535053204595564,-0.5766308597476517,-0.3128457219668572,-0.15351154915003834,0.0062688989908145434,0.25564693881750383,1.0028410810276027,1327.0722077215999,0,6.6
L2,L2-01,core,300,0.0,0.0,B,adj,33,97,6,18,apc_z,0.0,-0.0011893587077122356,0.028855690504855872,-0.04910098291626268,-0.020524339925464152,-0.0016605996232274564,0.019348559751508773,0.04641380758908249,1.004432652696048,1266.8671396145887,0,6.8
L2,L2-01,core,300,0.0,0.0,B,adj,33,97,6,18,apc_s,-0.08098456026023326,-0.04631832480399576,0.03333841905998106,-0.09937328971507893,-0.06959894777358284,-0.046958639227029586,-0.024675603760328783,0.009400356445868483,1.004432652696048,1266.8671396145887,0,6.8
L2,L2-01,core,300,0.0,0.0,B,adj,33,97,6,18,bzC,0.0,0.10295794475268713,0.2957526053371303,-0.3497186686484197,-0.08760553088388517,0.09277044663938874,0.2814198398383202,0.5980473781641116,1.004432652696048,1266.8671396145887,0,6.8
L2,L2-01,core,300,0.0,0.0,B,adj,34,83,5,9,apc_z,0.0,-0.017789262433540766,0.03127905842294795,-0.06838755880344882,-0.03937769870564166,-0.01852519461552209,0.002247261421577938,0.03545941920600175,1.0024102907587598,1536.812929424282,0,7.1
L2,L2-01,core,300,0.0,0.0,B,adj,34,83,5,9,apc_s,-0.08098456026023326,-0.09085758965881245,0.038770401088687845,-0.15231265725022425,-0.11834029673795471,-0.09219500318458171,-0.06407470373632859,-0.023650647479096003,1.0024102907587598,1536.812929424282,0,7.1
L2,L2-01,core,300,0.0,0.0,B,adj,34,83,5,9,bzC,0.0,-0.0874728258526763,0.27852208391744937,-0.517018053814458,-0.2655303617470408,-0.09211040549484084,0.07941985404641086,0.3788259028994569,1.0024102907587598,1536.812929424282,0,7.1
L2,L2-01,core,300,0.0,0.0,B,adj,35,92,5,20,apc_z,0.0,-0.006280487618556379,0.02909921351781098,-0.054031077201230536,-0.025369758966755168,-0.006083327809310135,0.013371507641004214,0.039926142890245514,1.0028286445396244,1530.8342453198302,0,7.1
L2,L2-01,core,300,0.0,0.0,B,adj,35,92,5,20,apc_s,-0.08098456026023326,-0.07106700307780031,0.034059894141102505,-0.12655346176341262,-0.0947393958418485,-0.07055664408735957,-0.04858706754876524,-0.014248423573863817,1.0028286445396244,1530.8342453198302,0,7.1
L2,L2-01,core,300,0.0,0.0,B,adj,35,92,5,20,bzC,0.0,-0.1689104665887543,0.3009520938056683,-0.665780931207076,-0.335987364738981,-0.16570500458758547,0.015015772627585786,0.28288567061808706,1.0028286445396244,1530.8342453198302,0,7.1
L2,L2-01,core,300,0.0,0.0,B,adj,36,109,11,16,apc_z,0.0,-0.039371097685046416,0.029722334233659005,-0.09215008705270085,-0.05918005236724995,-0.039403341730371064,-0.019290550569175093,0.006974250775233964,1.002283973835143,1648.413923854433,0,6.5
L2,L2-01,core,300,0.0,0.0,B,adj,36,109,11,16,apc_s,-0.08098456026023326,-0.06198044792352094,0.034961599049701815,-0.11728782165505669,-0.08616726661190716,-0.06088535494349909,-0.03868117838251613,-0.0044576027174275095,1.002283973835143,1648.413923854433,0,6.5
L2,L2-01,core,300,0.0,0.0,B,adj,36,109,11,16,bzC,0.0,-0.29731864653552137,0.25407036240142095,-0.7062250045034234,-0.44872760286512897,-0.2950289532965925,-0.14124977390892385,0.09731148908692797,1.002283973835143,1648.413923854433,0,6.5
L2,L2-01,core,300,0.0,0.0,B,adj,37,95,4,16,apc_z,0.0,-0.003097862170393864,0.02825369327128461,-0.04790841151841552,-0.023435422809884077,-0.002912043083152266,0.015488962555896931,0.04384173005818702,1.0022503031268593,1189.0098280100715,0,6.9
L2,L2-01,core,300,0.0,0.0,B,adj,37,95,4,16,apc_s,-0.08098456026023326,-0.07688246667347028,0.03369227425941555,-0.13131512711259358,-0.10132062425050485,-0.07526870224715917,-0.05494113065628527,-0.020864338019470505,1.0022503031268593,1189.0098280100715,0,6.9
L2,L2-01,core,300,0.0,0.0,B,adj,37,95,4,16,bzC,0.0,-0.07791559527166937,0.2970468825763892,-0.5875426367439969,-0.24021145656096848,-0.06148999044404631,0.09920688976400971,0.37563589841734674,1.0022503031268593,1189.0098280100715,0,6.9
L2,L2-01,core,300,0.0,0.0,B,adj,38,102,5,22,apc_z,0.0,0.049945407719206754,0.031093845366541584,-0.0029313740644149083,0.029315597539970296,0.04978605167487217,0.07136017962439348,0.09969370493093195,1.0018538805365504,1499.7389704826305,0,7.1
L2,L2-01,core,300,0.0,0.0,B,adj,38,102,5,22,apc_s,-0.08098456026023326,-0.0698432755282242,0.033102753641670445,-0.12869282251258707,-0.09101512366905397,-0.06925059271681125,-0.04779375264856503,-0.017469841399646784,1.0018538805365504,1499.7389704826305,0,7.1
L2,L2-01,core,300,0.0,0.0,B,adj,38,102,5,22,bzC,0.0,0.325880364082704,0.2692856419079779,-0.08810097915460999,0.15893805210140777,0.318523093764856,0.4801621548427205,0.7520126987387324,1.0018538805365504,1499.7389704826305,0,7.1
L2,L2-01,core,300,0.0,0.0,B,adj,39,91,5,21,apc_z,0.0,-0.001997269707110764,0.027072996807847853,-0.04766110607990365,-0.019614695068545674,-0.00279342837332761,0.01621341475879118,0.043847580301348936,1.0045122536038995,1650.0647618551934,0,6.2
L2,L2-01,core,300,0.0,0.0,B,adj,39,91,5,21,apc_s,-0.08098456026023326,-0.06860889359509924,0.03071083910535989,-0.12114548848995342,-0.08826057790059733,-0.06762672348724177,-0.04859596176965283,-0.01785152368569909,1.0045122536038995,1650.0647618551934,0,6.2
L2,L2-01,core,300,0.0,0.0,B,adj,39,91,5,21,bzC,0.0,-0.009483083890058577,0.24461398294414113,-0.40604332403010823,-0.15478100029638098,-0.013862879666809217,0.14114841478267917,0.39394639466072234,1.0045122536038995,1650.0647618551934,0,6.2
L2,L2-01,core,300,0.0,0.0,B,adj,40,90,5,13,apc_z,0.0,0.04256650567529903,0.03096425525415931,-0.006374437673182185,0.021346389147463285,0.04242760971928964,0.062030125179353315,0.09393309007333892,1.0013552350620583,1268.1174464968003,0,6.5
L2,L2-01,core,300,0.0,0.0,B,adj,40,90,5,13,apc_s,-0.08098456026023326,-0.11311077674625787,0.03498717303790039,-0.1697797325992348,-0.1370853468385188,-0.11306825351954597,-0.08956467602757393,-0.05544616105660712,1.0013552350620583,1268.1174464968003,0,6.5
L2,L2-01,core,300,0.0,0.0,B,adj,40,90,5,13,bzC,0.0,0.25517263354134995,0.2889342416131652,-0.20450829017719221,0.07942966471511505,0.25501011817170727,0.4306214304048266,0.7367928386657889,1.0013552350620583,1268.1174464968003,0,6.5
L2,L2-01,core,300,0.0,0.0,B,adj,41,94,5,19,apc_z,0.0,0.02366641296752521,0.02814692745876699,-0.01979198634678435,0.0032195098913727696,0.02349901976262815,0.041657417207340675,0.07115084930034804,1.002804405874804,1317.5132801243506,0,6.6
L2,L2-01,core,300,0.0,0.0,B,adj,41,94,5,19,apc_s,-0.08098456026023326,-0.06881951718202238,0.03402485690996493,-0.12492193675830794,-0.0907506322231723,-0.06872583850463337,-0.04672885429186513,-0.012626589120882794,1.002804405874804,1317.5132801243506,0,6.6
L2,L2-01,core,300,0.0,0.0,B,adj,41,94,5,19,bzC,0.0,0.22980242491351274,0.29204320125340505,-0.2129438357194623,0.04622648025351115,0.22141829471561325,0.4000844228787914,0.7276459092047572,1.002804405874804,1317.5132801243506,0,6.6
L2,L2-01,core,300,0.0,0.0,B,adj,42,85,5,22,apc_z,0.0,-0.031187432408407486,0.026284088501355694,-0.07405145881637673,-0.049592682037200575,-0.030980335649853166,-0.014367360113295403,0.01274241988920206,1.0027119580681039,1393.6967972516254,0,6.0
L2,L2-01,core,300,0.0,0.0,B,adj,42,85,5,22,apc_s,-0.08098456026023326,-0.0724865248250725,0.03139035544499418,-0.1277458694797713,-0.09242451305368776,-0.07129100851230258,-0.051385003890910996,-0.022580755207383663,1.0027119580681039,1393.6967972516254,0,6.0
L2,L2-01,core,300,0.0,0.0,B,adj,42,85,5,22,bzC,0.0,-0.22490679203767408,0.27034742722495375,-0.6651224567585247,-0.3903419266591064,-0.220617334414829,-0.05353440903027814,0.19760820535858528,1.0027119580681039,1393.6967972516254,0,6.0
L2,L2-01,core,300,0.0,0.0,B,adj,43,104,9,16,apc_z,0.0,-0.015963536279126007,0.028046434634497387,-0.061822968158686376,-0.035051800885694456,-0.016141469802917516,0.0028266887435848234,0.031500992802154584,1.0022885730732052,1815.938577712023,0,6.6
L2,L2-01,core,300,0.0,0.0,B,adj,43,104,9,16,apc_s,-0.08098456026023326,-0.0033500777551671865,0.03497771915319111,-0.061596536138276786,-0.025978744313680968,-0.00452929732192357,0.019814069394205786,0.05271780954988251,1.0022885730732052,1815.938577712023,0,6.6
L2,L2-01,core,300,0.0,0.0,B,adj,43,104,9,16,bzC,0.0,-0.10254176250324296,0.2388117277414036,-0.48822414768645916,-0.24457108752712223,-0.10719851666788685,0.047137852423937324,0.27595054440194433,1.0022885730732052,1815.938577712023,0,6.6
L2,L2-01,core,300,0.0,0.0,B,adj,44,99,6,15,apc_z,0.0,-0.09216304993003586,0.030688891495610854,-0.13979130774402868,-0.11269857365540412,-0.09239242065890003,-0.07248064790223153,-0.04005388189561767,1.002647894362315,1839.7680945422114,0,7.0
L2,L2-01,core,300,0.0,0.0,B,adj,44,99,6,15,apc_s,-0.08098456026023326,-0.056405157056819984,0.035905430032867086,-0.11682854725997716,-0.08102354595736608,-0.05574172586482754,-0.03053962660321843,0.00031246437617773223,1.002647894362315,1839.7680945422114,0,7.0
L2,L2-01,core,300,0.0,0.0,B,adj,44,99,6,15,bzC,0.0,-0.5390922710153846,0.2602300727135074,-0.9427310785727132,-0.7004658070422893,-0.5426987633299081,-0.3868892413838305,-0.12332115139306114,1.002647894362315,1839.7680945422114,0,7.0
L2,L2-01,core,300,0.0,0.0,B,adj,45,106,5,14,apc_z,0.0,0.01358464129962074,0.030840348283372194,-0.03509541143338943,-0.0074037329845690475,0.013670055202708802,0.033169357150281735,0.0658650365154923,1.0046013929643802,1287.7453678098107,0,7.1
L2,L2-01,core,300,0.0,0.0,B,adj,45,106,5,14,apc_s,-0.08098456026023326,-0.10210857851664439,0.034820741667812946,-0.1582528102277793,-0.12389342046493629,-0.10248446771815624,-0.07886237170540168,-0.04530316745742286,1.0046013929643802,1287.7453678098107,0,7.1
L2,L2-01,core,300,0.0,0.0,B,adj,45,106,5,14,bzC,0.0,0.10678083776545935,0.3086274930627867,-0.3602029974258311,-0.08062228449160928,0.09884293505079744,0.27765940885050855,0.6084176097270887,1.0046013929643802,1287.7453678098107,0,7.1
L2,L2-01,core,300,0.0,0.0,B,adj,46,82,4,13,apc_z,0.0,-0.01010319623034792,0.02946687740690198,-0.05868980324379811,-0.029988631145923757,-0.009586839642974958,0.00968404350829083,0.040292682984958694,1.0030552007464757,1790.7982640452651,0,6.5
L2,L2-01,core,300,0.0,0.0,B,adj,46,82,4,13,apc_s,-0.08098456026023326,-0.0661709787104688,0.03481506412833653,-0.1210008296806383,-0.09099753343465247,-0.06672825099749528,-0.04201545610538558,-0.008157692444546784,1.0030552007464757,1790.7982640452651,0,6.5
L2,L2-01,core,300,0.0,0.0,B,adj,46,82,4,13,bzC,0.0,-0.04554137273427837,0.262276441001042,-0.4800762544385509,-0.19615010657581702,-0.04150922811978715,0.11168610098683981,0.3802370525586979,1.0030552007464757,1790.7982640452651,0,6.5
L2,L2-01,core,300,0.0,0.0,B,adj,47,99,6,19,apc_z,0.0,-0.02700255554052871,0.030595652026954235,-0.07650678206835526,-0.04736295052388218,-0.026499736297859927,-0.005432789501126991,0.02131758885051669,1.0017992891550145,1688.284597821823,0,6.6
L2,L2-01,core,300,0.0,0.0,B,adj,47,99,6,19,apc_s,-0.08098456026023326,-0.06589920090531268,0.03425140776694668,-0.11916948918278145,-0.08978424269218224,-0.06759340008443135,-0.0418919469056525,-0.0100963226001907,1.0017992891550145,1688.284597821823,0,6.6
L2,L2-01,core,300,0.0,0.0,B,adj,47,99,6,19,bzC,0.0,-0.1268872687481988,0.2513598695188263,-0.5336381629388735,-0.28026133933499825,-0.11800513094458301,0.029299157972152892,0.2739359720355057,1.0017992891550145,1688.284597821823,0,6.6
L2,L2-01,core,300,0.0,0.0,B,adj,48,97,6,13,apc_z,0.0,0.016973652411726912,0.028853152706064464,-0.029922727386077402,-0.0032304221951045863,0.01671233199641796,0.036559783846928304,0.06578384143832951,1.0044956564391956,1189.825618549322,0,6.6
L2,L2-01,core,300,0.0,0.0,B,adj,48,97,6,13,apc_s,-0.08098456026023326,-0.031230713898368852,0.03734992381522056,-0.09635888740978973,-0.05421900588279974,-0.03213849981432234,-0.006624857287089718,0.029679005261057434,1.0044956564391956,1189.825618549322,0,6.6
L2,L2-01,core,300,0.0,0.0,B,adj,48,97,6,13,bzC,0.0,0.04998208344373477,0.27803723589510965,-0.43173660639885636,-0.10252997031833647,0.06206306864258529,0.216234012352851,0.45358726105134795,1.0044956564391956,1189.825618549322,0,6.6
L2,L2-01,core,300,0.0,0.0,B,adj,49,107,4,15,apc_z,0.0,0.019307394277778892,0.03003514987487129,-0.029269605339745323,-0.0018487165591085366,0.018710742492245247,0.03933915575035078,0.06940045785866195,1.00271627367107,1345.4255177059695,0,6.7
L2,L2-01,core,300,0.0,0.0,B,adj,49,107,4,15,apc_s,-0.08098456026023326,-0.07437810669550328,0.038796435675622604,-0.13686089910939575,-0.10057271152418043,-0.0748694699048214,-0.049147193709612444,-0.009872201510130262,1.00271627367107,1345.4255177059695,0,6.7
L2,L2-01,core,300,0.0,0.0,B,adj,49,107,4,15,bzC,0.0,0.029059982269969104,0.29124579320418303,-0.46736527976979414,-0.13482650124746992,0.04148415157697995,0.20598373189592545,0.4652544890645095,1.00271627367107,1345.4255177059695,0,6.7
L2,L2-01,core,300,0.0,0.0,B,adj,50,101,9,12,apc_z,0.0,-0.04830978951890982,0.029662487563513782,-0.09719274508372713,-0.06832270177961614,-0.04846544077142439,-0.02712611217440103,-0.0006794002618043522,1.0018607856876327,1674.4822521209958,0,6.8
L2,L2-01,core,300,0.0,0.0,B,adj,50,101,9,12,apc_s,-0.08098456026023326,-0.047581145662514944,0.03742448250988899,-0.10853867404165429,-0.07256780287590425,-0.04776671125641471,-0.021942546610885023,0.015800240440723822,1.0018607856876327,1674.4822521209958,0,6.8
L2,L2-01,core,300,0.0,0.0,B,adj,50,101,9,12,bzC,0.0,-0.32574223469459895,0.23745404429821038,-0.7189432902927527,-0.4690697695721048,-0.3162514451007663,-0.17400394828537782,0.0380652998975175,1.0018607856876327,1674.4822521209958,0,6.8
L2,L2-01,core,300,0.0,0.0,B,adj,51,101,7,11,apc_z,0.0,-0.013393419443372323,0.03147468927926523,-0.06587687790124445,-0.0343092678205585,-0.013549197512662248,0.008131582294250497,0.03720716274938456,1.003673166163763,1506.7804084667378,0,6.7
L2,L2-01,core,300,0.0,0.0,B,adj,51,101,7,11,apc_s,-0.08098456026023326,-0.07834198230557876,0.03816187969470576,-0.14235781025201497,-0.10488860525973753,-0.0774520738709463,-0.05307446034990035,-0.015773713160317383,1.003673166163763,1506.7804084667378,0,6.7
L2,L2-01,core,300,0.0,0.0,B,adj,51,101,7,11,bzC,0.0,-0.09616824463130645,0.24786996742961584,-0.49568135255370405,-0.2543997561111445,-0.09718664322605859,0.05543892073954795,0.3048401577529862,1.003673166163763,1506.7804084667378,0,6.7
L2,L2-01,core,300,0.0,0.0,B,adj,52,107,3,28,apc_z,0.0,-0.043650800529189966,0.028495829461203062,-0.09254829780102816,-0.062375918041254974,-0.04320691253821042,-0.025689583338392268,0.0037579736170755226,1.0015287522744025,1590.3389703751075,0,6.6
L2,L2-01,core,300,0.0,0.0,B,adj,52,107,3,28,apc_s,-0.08098456026023326,-0.08178607364911088,0.03200943932198811,-0.1347926399534577,-0.10270998237225987,-0.08200586522070019,-0.0606537891840187,-0.028510327388134374,1.0015287522744025,1590.3389703751075,0,6.6
L2,L2-01,core,300,0.0,0.0,B,adj,52,107,3,28,bzC,0.0,-0.24851094911232674,0.2445498438270034,-0.6455350498998408,-0.3976539978913515,-0.24988902587289313,-0.10327207448285236,0.13560579635624348,1.0015287522744025,1590.3389703751075,0,6.6
L2,L2-01,core,300,0.0,0.0,B,adj,53,94,5,16,apc_z,0.0,0.00022990502256743723,0.029969541002398053,-0.04983279078161765,-0.01919092896012924,-5.459406408331452e-06,0.020085363464836796,0.048961831006378215,1.0049156560567998,1764.3833218107561,0,6.8
L2,L2-01,core,300,0.0,0.0,B,adj,53,94,5,16,apc_s,-0.08098456026023326,-0.06967855381511805,0.034500663159607224,-0.12536706136145495,-0.09274876270843566,-0.06983029487770283,-0.04674993991505737,-0.013064162447497824,1.0049156560567998,1764.3833218107561,0,6.8
L2,L2-01,core,300,0.0,0.0,B,adj,53,94,5,16,bzC,0.0,-0.0057992683813396905,0.2553202084858667,-0.42280691960366545,-0.1612714824711943,-0.003373176594719418,0.152754929763259,0.3916793392972177,1.0049156560567998,1764.3833218107561,0,6.8
L2,L2-01,core,300,0.0,0.0,B,adj,54,98,5,16,apc_z,0.0,0.019288078463036644,0.029055803829396633,-0.02810649129596226,8.672734045976814e-05,0.019651942607528967,0.039125309522191114,0.06647919147368321,1.0029501559191665,1303.679544911767,0,6.6
L2,L2-01,core,300,0.0,0.0,B,adj,54,98,5,16,apc_s,-0.08098456026023326,-0.11055818520490414,0.03389125603389732,-0.1683731945744579,-0.13187328571965853,-0.11067870210136242,-0.0878906744545866,-0.056408620048739325,1.0029501559191665,1303.679544911767,0,6.6
L2,L2-01,core,300,0.0,0.0,B,adj,54,98,5,16,bzC,0.0,0.0670660910651052,0.26988422454003147,-0.3750903435509937,-0.08759675068694418,0.07250914281782672,0.23431196923725417,0.4785873405682434,1.0029501559191665,1303.679544911767,0,6.6
L2,L2-01,core,300,0.0,0.0,B,adj,55,88,7,16,apc_z,0.0,-0.031792240303142955,0.02656032286575867,-0.07551957812688771,-0.04920847287943175,-0.031678579768250524,-0.014177244082756075,0.012265152310586754,1.0053619817494537,1418.6886694650057,0,6.2
L2,L2-01,core,300,0.0,0.0,B,adj,55,88,7,16,apc_s,-0.08098456026023326,-0.06596630648236217,0.031152073261300244,-0.11567057568701473,-0.08678622864271046,-0.0672167936419695,-0.045867379597407096,-0.012842249548640187,1.0053619817494537,1418.6886694650057,0,6.2
L2,L2-01,core,300,0.0,0.0,B,adj,55,88,7,16,bzC,0.0,-0.23326602353294576,0.3094514963773824,-0.7156694980374416,-0.41303408386398033,-0.23652100490552364,-0.06229932447180452,0.27556365421742873,1.0053619817494537,1418.6886694650057,0,6.2
L2,L2-01,core,300,0.0,0.0,B,adj,56,94,3,13,apc_z,0.0,0.06280320029437651,0.030318096301501344,0.01223748648704956,0.04170773504563144,0.06347384593946917,0.0840099054856343,0.11293787518966031,1.0020492103514607,1540.9415596196948,0,6.6
L2,L2-01,core,300,0.0,0.0,B,adj,56,94,3,13,apc_s,-0.08098456026023326,-0.09977082725601608,0.03580818613036688,-0.15960854483649056,-0.1224453923771119,-0.0997595178634762,-0.07630161291777635,-0.04018653692735497,1.0020492103514607,1540.9415596196948,0,6.6
L2,L2-01,core,300,0.0,0.0,B,adj,56,94,3,13,bzC,0.0,0.3117426932641813,0.2775745752423623,-0.13915682076379624,0.14209850261398663,0.3143248373053571,0.48370314700163125,0.7690999078996272,1.0020492103514607,1540.9415596196948,0,6.6
L2,L2-01,core,300,0.0,0.0,B,adj,57,95,7,11,apc_z,0.0,-0.03051229174007241,0.029549829108262857,-0.07714854800815507,-0.051189936733742995,-0.03127957436119004,-0.010380894576751941,0.019454860200161787,1.0027357742996357,787.4402298521208,0,6.4
L2,L2-01,core,300,0.0,0.0,B,adj,57,95,7,11,apc_s,-0.08098456026023326,-0.1372899521882909,0.03382025239687711,-0.1917346706616,-0.1611451307013455,-0.1364649864690316,-0.1151304599863607,-0.07936391497627043,1.0027357742996357,787.4402298521208,0,6.4
L2,L2-01,core,300,0.0,0.0,B,adj,57,95,7,11,bzC,0.0,-0.22953298130962035,0.2874988235747829,-0.7128940082098223,-0.40601938784418123,-0.22782404881282203,-0.053368409531143225,0.22299177142753482,1.0027357742996357,787.4402298521208,0,6.4
L2,L2-01,core,300,0.0,0.0,B,adj,58,99,9,13,apc_z,0.0,0.026600154736731677,0.030869641163075206,-0.02487000349024769,0.006331445784888201,0.027770493786018702,0.04688904898940474,0.07621263954909564,1.0020280690793382,1711.068781405937,0,6.2
L2,L2-01,core,300,0.0,0.0,B,adj,58,99,9,13,apc_s,-0.08098456026023326,-0.07531267340278384,0.037524798097062426,-0.13618863380708207,-0.10057185096454725,-0.07466162709433019,-0.0505411249795586,-0.011779522851599339,1.0020280690793382,1711.068781405937,0,6.2
L2,L2-01,core,300,0.0,0.0,B,adj,58,99,9,13,bzC,0.0,0.14113406436819062,0.2708533571265277,-0.296635546781437,-0.020000819782239068,0.1396628425266621,0.2980162751408835,0.5660979958800461,1.0020280690793382,1711.068781405937,0,6.2
L2,L2-01,core,300,0.0,0.0,B,adj,59,93,5,12,apc_z,0.0,-0.022482926173819293,0.033919665728328836,-0.07793107674089551,-0.044798338541677224,-0.022744246458067094,0.0011265103844540223,0.03369150146772503,1.0058414249166718,1178.0876999299176,0,6.7
L2,L2-01,core,300,0.0,0.0,B,adj,59,93,5,12,apc_s,-0.08098456026023326,-0.06556949477657444,0.03946615176948352,-0.12909633242847726,-0.09313700606668375,-0.06615196635461068,-0.03744400931230839,-0.0015371946187307678,1.0058414249166718,1178.0876999299176,0,6.7
L2,L2-01,core,300,0.0,0.0,B,adj,59,93,5,12,bzC,0.0,-0.2125564326944504,0.3015569255414311,-0.715838431278428,-0.39286957428377456,-0.20018302211427616,-0.027528881909654475,0.263267876080922,1.0058414249166718,1178.0876999299176,0,6.7
L2,L2-02,core,300,0.0,-0.4,A,adj,0,100,4,15,apc_z,-0.07820762307219789,-0.07971347781912874,0.02833889070489091,-0.12558458684212997,-0.09881410056923226,-0.08005737322998603,-0.060778455292894704,-0.03375252926951926,1.0023384480876816,1305.6404283097327,0,6.7
L2,L2-02,core,300,0.0,-0.4,A,adj,0,100,4,15,apc_s,-0.07555770486411019,-0.03857390738617671,0.03753494729901244,-0.10285023854153125,-0.06422906518603738,-0.037038894817261345,-0.013358561322768407,0.020058080357743056,1.0023384480876816,1305.6404283097327,0,6.7
L2,L2-02,core,300,0.0,-0.4,A,adj,0,100,4,15,bzC,-0.4,-0.45948346859414246,0.28918473815795115,-0.9256905476748638,-0.6305584170337601,-0.45473437085697815,-0.2878266215447868,-0.007456389200220818,1.0023384480876816,1305.6404283097327,0,6.7
L2,L2-02,core,300,0.0,-0.4,A,adj,1,96,9,16,apc_z,-0.07820762307219789,-0.05878739044964237,0.028154370112742827,-0.10373801530035806,-0.07837631638888645,-0.05918614894919917,-0.03923054966787962,-0.012759123053427482,1.0023861454297078,1771.2541889298138,0,6.4
L2,L2-02,core,300,0.0,-0.4,A,adj,1,96,9,16,apc_s,-0.07555770486411019,-0.06275494154744789,0.03453495682926368,-0.11914718966799026,-0.08545932661552615,-0.062367556695226985,-0.04081705961576558,-0.0042425256069267775,1.0023861454297078,1771.2541889298138,0,6.4
L2,L2-02,core,300,0.0,-0.4,A,adj,1,96,9,16,bzC,-0.4,-0.4353845067711516,0.2459294237547695,-0.8274576918524682,-0.5913568114348874,-0.43055290027532533,-0.28006447653871847,-0.045039706549728185,1.0023861454297078,1771.2541889298138,0,6.4
L2,L2-02,core,300,0.0,-0.4,A,adj,2,99,12,19,apc_z,-0.07820762307219789,-0.04446532873299734,0.029282113905295868,-0.09241532821690392,-0.06398721237573231,-0.04439015025880466,-0.02467787572857976,0.005077973150010462,1.003520346889925,1541.939869032608,0,6.8
L2,L2-02,core,300,0.0,-0.4,A,adj,2,99,12,19,apc_s,-0.07555770486411019,-0.006885500383701629,0.03319783679970113,-0.060448886665924476,-0.02885892531091484,-0.005976505406256138,0.014171275476222538,0.045899088504399534,1.003520346889925,1541.939869032608,0,6.8
L2,L2-02,core,300,0.0,-0.4,A,adj,2,99,12,19,bzC,-0.4,-0.35337496810818464,0.2682623527966095,-0.7898403448206706,-0.5140995069023774,-0.34106010369725825,-0.18662367886160158,0.06029940514869754,1.003520346889925,1541.939869032608,0,6.8
L2,L2-02,core,300,0.0,-0.4,A,adj,3,103,8,18,apc_z,-0.07820762307219789,-0.0706590478819071,0.030277884569338803,-0.11934796566180966,-0.09146608611457599,-0.07060251476705967,-0.05042920017850704,-0.020331842562722923,1.0035217857897152,1194.878015002485,0,7.1
L2,L2-02,core,300,0.0,-0.4,A,adj,3,103,8,18,apc_s,-0.07555770486411019,-0.1100982133208924,0.034289608020064304,-0.16521668445920432,-0.13286913992527524,-0.11086582175392515,-0.08750138350783185,-0.05278744518093256,1.0035217857897152,1194.878015002485,0,7.1
L2,L2-02,core,300,0.0,-0.4,A,adj,3,103,8,18,bzC,-0.4,-0.31611505983526184,0.39819012123800157,-0.9614697809647067,-0.5759864876870155,-0.31963508405173513,-0.06809920640719268,0.3404579016177338,1.0035217857897152,1194.878015002485,0,7.1
L2,L2-02,core,300,0.0,-0.4,A,adj,4,89,4,11,apc_z,-0.07820762307219789,-0.14293163048844945,0.02679765302761795,-0.18856962953437054,-0.16090657543628512,-0.14301482007283167,-0.12615332339256685,-0.09730376811613971,1.003162319201985,1558.6791640885801,0,6.8
L2,L2-02,core,300,0.0,-0.4,A,adj,4,89,4,11,apc_s,-0.07555770486411019,-0.04876509449634647,0.03633990770729579,-0.10903068569614706,-0.07245561589808383,-0.04800747422465346,-0.02608946808515513,0.008720806065406771,1.003162319201985,1558.6791640885801,0,6.8
L2,L2-02,core,300,0.0,-0.4,A,adj,4,89,4,11,bzC,-0.4,-0.9826188656799855,0.2914274545467802,-1.4647857430550013,-1.164374069929746,-0.9664353295307382,-0.8010295933518587,-0.5201320980602657,1.003162319201985,1558.6791640885801,0,6.8
L2,L2-02,core,300,0.0,-0.4,A,adj,5,111,3,21,apc_z,-0.07820762307219789,-0.08362463707733576,0.03389878593652124,-0.14007128190057255,-0.10724485212431063,-0.0834028408796777,-0.058708325992342505,-0.02874744207117127,1.004433013949105,656.0444272655233,0,6.7
L2,L2-02,core,300,0.0,-0.4,A,adj,5,111,3,21,apc_s,-0.07555770486411019,-0.1996139989082798,0.033589805930158624,-0.2536708150010205,-0.2225820113752979,-0.19877405586523672,-0.1777950728704381,-0.14286977056061997,1.004433013949105,656.0444272655233,0,6.7
L2,L2-02,core,300,0.0,-0.4,A,adj,5,111,3,21,bzC,-0.4,-0.5590914469381475,0.33590754352553154,-1.12239178626177,-0.7677939282434104,-0.5445045012266028,-0.3470004597905162,-0.0309798867435481,1.004433013949105,656.0444272655233,0,6.7
L2,L2-02,core,300,0.0,-0.4,A,adj,6,96,8,16,apc_z,-0.07820762307219789,-0.08310612796939963,0.03152888653860337,-0.13293710857767607,-0.10392449032195199,-0.08364473083263427,-0.061427319037067885,-0.028817728179263657,1.0019201094465453,1224.7171175611863,0,7.5
L2,L2-02,core,300,0.0,-0.4,A,adj,6,96,8,16,apc_s,-0.07555770486411019,-0.08933722721607386,0.03799727787092991,-0.15384607791579671,-0.11557368436339838,-0.08899888190445425,-0.06309788200446687,-0.02748135498678974,1.0019201094465453,1224.7171175611863,0,7.5
L2,L2-02,core,300,0.0,-0.4,A,adj,6,96,8,16,bzC,-0.4,-0.3540381109538688,0.4042093508200266,-0.999938800635601,-0.6070640562877485,-0.360981809001877,-0.12236663589004874,0.31032480720172434,1.0019201094465453,1224.7171175611863,0,7.5
L2,L2-02,core,300,0.0,-0.4,A,adj,7,106,12,15,apc_z,-0.07820762307219789,-0.08385519021489381,0.029774047812565218,-0.13186408455748236,-0.10426410230688299,-0.08491946474211318,-0.06399868093698201,-0.03363076820185054,1.003663079378643,1465.9004173403364,0,5.8
L2,L2-02,core,300,0.0,-0.4,A,adj,7,106,12,15,apc_s,-0.07555770486411019,-0.040613915661752625,0.0369133589337818,-0.10077875757871546,-0.06425905668375732,-0.04167437029615552,-0.014135199632936697,0.019820170692562294,1.003663079378643,1465.9004173403364,0,5.8
L2,L2-02,core,300,0.0,-0.4,A,adj,7,106,12,15,bzC,-0.4,-0.5209102298966202,0.28511876169968453,-0.949045840453768,-0.6915675344660503,-0.5327865423528504,-0.35702548166004594,-0.0469443174737056,1.003663079378643,1465.9004173403364,0,5.8
L2,L2-02,core,300,0.0,-0.4,A,adj,8,111,5,19,apc_z,-0.07820762307219789,-0.06667578532309779,0.030171888661029492,-0.11563956771862755,-0.08768731768868533,-0.0670104477785514,-0.046020972121035036,-0.016498733952049493,1.0031707614103156,1408.5894965377106,0,6.1
L2,L2-02,core,300,0.0,-0.4,A,adj,8,111,5,19,apc_s,-0.07555770486411019,-0.08126157950732148,0.037767022503677444,-0.14095009528966074,-0.10758368973482377,-0.08231408351143236,-0.05648259672492026,-0.02078797066981452,1.0031707614103156,1408.5894965377106,0,6.1
L2,L2-02,core,300,0.0,-0.4,A,adj,8,111,5,19,bzC,-0.4,-0.3117478236519664,0.2448918009315425,-0.6913194851464328,-0.46489469864511285,-0.31729165529539216,-0.1635295606603914,0.08801979482053243,1.0031707614103156,1408.5894965377106,0,6.1
L2,L2-02,core,300,0.0,-0.4,A,adj,9,88,4,15,apc_z,-0.07820762307219789,-0.07110925360822946,0.028272236143782926,-0.11919425173196077,-0.08855033744771926,-0.07119001008927646,-0.052440570134390976,-0.026123346236812468,1.0016108652662112,1201.8191511748262,0,6.4
L2,L2-02,core,300,0.0,-0.4,A,adj,9,88,4,15,apc_s,-0.07555770486411019,-0.03853702240960874,0.0365209863022668,-0.09976814894787404,-0.06167972804147842,-0.03921696072617212,-0.012579134865173052,0.020427705077578975,1.0016108652662112,1201.8191511748262,0,6.4
L2,L2-02,core,300,0.0,-0.4,A,adj,9,88,4,15,bzC,-0.4,-0.44865419257194566,0.27786024304276763,-0.909318988932312,-0.6123042482451451,-0.44146687763681824,-0.28020965276944987,-0.021389147038026367,1.0016108652662112,1201.8191511748262,0,6.4
L2,L2-02,core,300,0.0,-0.4,A,adj,10,116,7,17,apc_z,-0.07820762307219789,-0.047968508652199475,0.030006075616335746,-0.09664669929376632,-0.06832320722252949,-0.04807771447241295,-0.028024661241567626,0.0026843555796595107,1.0027318438015633,1042.2304668032943,0,6.2
L2,L2-02,core,300,0.0,-0.4,A,adj,10,116,7,17,apc_s,-0.07555770486411019,-0.05768661388898564,0.04126129406521186,-0.12449830818697026,-0.08524703216587573,-0.057857287525684364,-0.031057416575590815,0.014239391753334333,1.0027318438015633,1042.2304668032943,0,6.2
L2,L2-02,core,300,0.0,-0.4,A,adj,10,116,7,17,bzC,-0.4,-0.24907140985535114,0.28643181010902696,-0.6824460608956858,-0.425304133074485,-0.26472269655151026,-0.09325541612262218,0.24267147260460095,1.0027318438015633,1042.2304668032943,0,6.2
L2,L2-02,core,300,0.0,-0.4,A,adj,11,90,8,14,apc_z,-0.07820762307219789,-0.0540260848837529,0.029416681772568235,-0.10535961116823193,-0.07308435028952323,-0.05325946901492921,-0.03281422511056177,-0.007123891843394123,1.0044502666639366,1005.453494500853,0,6.7
L2,L2-02,core,300,0.0,-0.4,A,adj,11,90,8,14,apc_s,-0.07555770486411019,-0.12787709043203901,0.03261158076452544,-0.18310973680228293,-0.14942167860267191,-0.12835899052993882,-0.10697456158429737,-0.07470409447027217,1.0044502666639366,1005.453494500853,0,6.7
L2,L2-02,core,300,0.0,-0.4,A,adj,11,90,8,14,bzC,-0.4,-0.28927985390534366,0.36598406750370904,-0.841375186076,-0.521372891599437,-0.3201224589823778,-0.07463343068958159,0.3391768037421828,1.0044502666639366,1005.453494500853,0,6.7
L2,L2-02,core,300,0.0,-0.4,A,adj,13,97,5,16,apc_z,-0.07820762307219789,-0.061040974944821684,0.031246519054437184,-0.11136379272396801,-0.08209116859365126,-0.06087136389060748,-0.04048264832097428,-0.00891633132268338,1.0052125232760816,1267.2920860469344,0,6.4
L2,L2-02,core,300,0.0,-0.4,A,adj,13,97,5,16,apc_s,-0.07555770486411019,-0.1340676998837879,0.03442788915593038,-0.1904619231905712,-0.1568850377430054,-0.13301640822587052,-0.11204107869047066,-0.08001137161858167,1.0052125232760816,1267.2920860469344,0,6.4
L2,L2-02,core,300,0.0,-0.4,A,adj,13,97,5,16,bzC,-0.4,-0.37869282898397616,0.2914549323198399,-0.850544929797959,-0.5549378937641891,-0.3776357038050986,-0.2068289657615022,0.07316418636976518,1.0052125232760816,1267.2920860469344,0,6.4
L2,L2-02,core,300,0.0,-0.4,A,adj,12,97,6,16,apc_z,-0.07820762307219789,-0.07502721596128546,0.03023424528079998,-0.12334724937667169,-0.09632919445130955,-0.0749839384804673,-0.05548687114389654,-0.024100998729092687,1.0052062319671982,1097.0708543661035,0,6.5
L2,L2-02,core,300,0.0,-0.4,A,adj,12,97,6,16,apc_s,-0.07555770486411019,-0.07358345071105535,0.035728213724136815,-0.13212413756287164,-0.0974081520584824,-0.07450389082647679,-0.050373166507124686,-0.0103458920907007,1.0052062319671982,1097.0708543661035,0,6.5
L2,L2-02,core,300,0.0,-0.4,A,adj,12,97,6,16,bzC,-0.4,-0.37831256027600124,0.31574207632056395,-0.8691329460891557,-0.5633452463258384,-0.3879090359074283,-0.19201734747634655,0.14071674221930197,1.0052062319671982,1097.0708543661035,0,6.5
L2,L2-02,core,300,0.0,-0.4,A,adj,14,87,4,10,apc_z,-0.07820762307219789,-0.09736620866719568,0.029906885754003805,-0.147951931101144,-0.11656278179270213,-0.09581825476650468,-0.07704911674085205,-0.050001755201098945,1.003844427104448,1530.077006578358,0,6.3
L2,L2-02,core,300,0.0,-0.4,A,adj,14,87,4,10,apc_s,-0.07555770486411019,-0.07006918972770859,0.03976209443406096,-0.13474473900726544,-0.09682981140718196,-0.06983338084400507,-0.043629523129836,-0.00344113282003243,1.003844427104448,1530.077006578358,0,6.3
L2,L2-02,core,300,0.0,-0.4,A,adj,14,87,4,10,bzC,-0.4,-0.610483037110293,0.27791496053725395,-1.0663824010606833,-0.7775379000787085,-0.607503659604915,-0.44305034583260305,-0.15744759786909918,1.003844427104448,1530.077006578358,0,6.3
L2,L2-02,core,300,0.0,-0.4,A,adj,16,102,5,10,apc_z,-0.07820762307219789,-0.11756749668798377,0.02998884351685969,-0.1674100775846578,-0.13816621242544264,-0.11795744389469155,-0.0976415861052953,-0.06798048904958535,1.0024935248444262,1209.3178557079273,0,6.3
L2,L2-02,core,300,0.0,-0.4,A,adj,16,102,5,10,apc_s,-0.07555770486411019,-0.10101423685692146,0.036743814308583,-0.16256378876071662,-0.12596491489808453,-0.10063407987750372,-0.07673128728598012,-0.04152490142571299,1.0024935248444262,1209.3178557079273,0,6.3
L2,L2-02,core,300,0.0,-0.4,A,adj,16,102,5,10,bzC,-0.4,-0.6430358850642413,0.27877774950368933,-1.0879262746873206,-0.8158233802588808,-0.6468057095540181,-0.47823004906708655,-0.1893083531765652,1.0024935248444262,1209.3178557079273,0,6.3
L2,L2-02,core,300,0.0,-0.4,A,adj,15,101,9,14,apc_z,-0.07820762307219789,-0.10138490067294438,0.027975610131026014,-0.14774211826082886,-0.11998900733501512,-0.10121866284551201,-0.08293586934629278,-0.056790281898467375,1.0036723813748714,1751.3418464719414,0,7.4
L2,L2-02,core,300,0.0,-0.4,A,adj,15,101,9,14,apc_s,-0.07555770486411019,-0.03207147451715363,0.036508778682466894,-0.0938191658426607,-0.056586005631405104,-0.031058652343252603,-0.008158958763653908,0.02957962868960122,1.0036723813748714,1751.3418464719414,0,7.4
L2,L2-02,core,300,0.0,-0.4,A,adj,15,101,9,14,bzC,-0.4,-0.6523459943459088,0.27926099075102884,-1.1044456056777916,-0.81804322690886,-0.6504137874415725,-0.4893905521634273,-0.19792331091212215,1.0036723813748714,1751.3418464719414,0,7.4
L2,L2-02,core,300,0.0,-0.4,A,adj,17,91,2,13,apc_z,-0.07820762307219789,-0.11436353725920059,0.029333801147396303,-0.16043127237167734,-0.13311126466247997,-0.11555453640813156,-0.09618249694688949,-0.06266401822720997,1.0025876653975545,1588.2463790976192,0,6.3
L2,L2-02,core,300,0.0,-0.4,A,adj,17,91,2,13,apc_s,-0.07555770486411019,-0.04351944927851981,0.03845134157854936,-0.1065773066330699,-0.07000141616999332,-0.042588521067320036,-0.017353286982474184,0.020983474458630653,1.0025876653975545,1588.2463790976192,0,6.3
L2,L2-02,core,300,0.0,-0.4,A,adj,17,91,2,13,bzC,-0.4,-0.7239670100823885,0.2758499083687945,-1.1787460962637624,-0.8917583105261964,-0.7188187904731218,-0.5535192064857257,-0.29886009853660256,1.0025876653975545,1588.2463790976192,0,6.3
L2,L2-02,core,300,0.0,-0.4,A,adj,18,97,4,15,apc_z,-0.07820762307219789,-0.06287286212101806,0.030907945708054274,-0.11295186592781527,-0.08389816794568114,-0.06277945695256547,-0.04231789356023527,-0.01195746936063451,1.0022006554065974,1448.5103850388193,0,6.5
L2,L2-02,core,300,0.0,-0.4,A,adj,18,97,4,15,apc_s,-0.07555770486411019,-0.11058714170267467,0.03498507138694274,-0.16787214471313622,-0.1345224558586509,-0.10960179773661004,-0.0882329270440583,-0.05227516227481183,1.0022006554065974,1448.5103850388193,0,6.5
L2,L2-02,core,300,0.0,-0.4,A,adj,18,97,4,15,bzC,-0.4,-0.37298069339706474,0.2800019450210167,-0.8124330940955823,-0.5485791828342889,-0.37631928179719265,-0.20610823866638686,0.07838521682118048,1.0022006554065974,1448.5103850388193,0,6.5
L2,L2-02,core,300,0.0,-0.4,A,adj,19,94,6,15,apc_z,-0.07820762307219789,-0.028109059514237374,0.029249598627814444,-0.07522716464407098,-0.048120355999270836,-0.027539801909092533,-0.008463981895012244,0.018991465750478168,1.001964678875638,1602.6900585639964,0,6.3
L2,L2-02,core,300,0.0,-0.4,A,adj,19,94,6,15,apc_s,-0.07555770486411019,-0.04937544775011706,0.03578972830147309,-0.10780389639287939,-0.07415496045191546,-0.04984332831788982,-0.02513282769519111,0.009368409062510413,1.001964678875638,1602.6900585639964,0,6.3
L2,L2-02,core,300,0.0,-0.4,A,adj,19,94,6,15,bzC,-0.4,-0.1711666487801263,0.2524895304179149,-0.5772435942560731,-0.32789236574546143,-0.17378905726165728,-0.016417475893227097,0.24631181390852874,1.001964678875638,1602.6900585639964,0,6.3
L2,L2-02,core,300,0.0,-0.4,A,adj,20,99,6,14,apc_z,-0.07820762307219789,-0.0840426600369789,0.029793493327972147,-0.13096421084217214,-0.10469174522753173,-0.0850918414042738,-0.06290809066993304,-0.03310084802704354,1.0027425764546039,1167.09724979599,0,6.7
L2,L2-02,core,300,0.0,-0.4,A,adj,20,99,6,14,apc_s,-0.07555770486411019,-0.12011349604760715,0.03440986922325959,-0.17438913323069521,-0.1428843002672779,-0.12119446425957095,-0.09667072453882689,-0.06194066323799743,1.0027425764546039,1167.09724979599,0,6.7
L2,L2-02,core,300,0.0,-0.4,A,adj,20,99,6,14,bzC,-0.4,-0.5870775219672362,0.28232925550662,-1.04048602108168,-0.7574826207462566,-0.5882237591087733,-0.4185696341257583,-0.13067202046770426,1.0027425764546039,1167.09724979599,0,6.7
L2,L2-02,core,300,0.0,-0.4,A,adj,21,99,4,18,apc_z,-0.07820762307219789,-0.0568919508729459,0.029677505996259172,-0.10546020151700701,-0.07669091645343697,-0.056114439600547406,-0.03698334268742576,-0.008201693215184061,1.0029990659619297,1494.8605981284113,0,6.2
L2,L2-02,core,300,0.0,-0.4,A,adj,21,99,4,18,apc_s,-0.07555770486411019,-0.024829012219564326,0.03938801811479015,-0.0931442710864046,-0.05051653366091392,-0.023848762597686163,0.0004318186960668998,0.03738683780210627,1.0029990659619297,1494.8605981284113,0,6.2
L2,L2-02,core,300,0.0,-0.4,A,adj,21,99,4,18,bzC,-0.4,-0.24478297123919163,0.2619852555216422,-0.6419260580703648,-0.4076595733660059,-0.25284839353509564,-0.09155572701838824,0.17649445950476808,1.0029990659619297,1494.8605981284113,0,6.2
L2,L2-02,core,300,0.0,-0.4,A,adj,22,105,5,18,apc_z,-0.07820762307219789,-0.10075128150383401,0.030870506589113184,-0.15014864975151726,-0.12263429309325269,-0.10124508427896564,-0.08080412950982198,-0.0467149870712316,1.0063583348788734,1174.788170977155,0,6.1
L2,L2-02,core,300,0.0,-0.4,A,adj,22,105,5,18,apc_s,-0.07555770486411019,-0.10391777583958632,0.03734486098768799,-0.16395969571268967,-0.12880830889109135,-0.10513255333179332,-0.07866560741627132,-0.039907435909291133,1.0063583348788734,1174.788170977155,0,6.1
L2,L2-02,core,300,0.0,-0.4,A,adj,22,105,5,18,bzC,-0.4,-0.5907927125519421,0.35128736034101643,-1.1541115404562736,-0.805835346435149,-0.5924785324537882,-0.3799689872793473,-0.01647138644889336,1.0063583348788734,1174.788170977155,0,6.1
L2,L2-02,core,300,0.0,-0.4,A,adj,23,90,8,13,apc_z,-0.07820762307219789,-0.07388421453640459,0.028856957635686596,-0.11854907606248087,-0.0945773241670751,-0.07488860832009869,-0.05556572011854078,-0.023234737733793073,1.0037045405826968,1702.5925524983868,0,6.3
L2,L2-02,core,300,0.0,-0.4,A,adj,23,90,8,13,apc_s,-0.07555770486411019,-0.04203453000523702,0.03443804118781942,-0.09819015922904663,-0.06511752325395603,-0.042427090775139883,-0.019217104015270707,0.015716631751398463,1.0037045405826968,1702.5925524983868,0,6.3
L2,L2-02,core,300,0.0,-0.4,A,adj,23,90,8,13,bzC,-0.4,-0.4932172485987676,0.27323038519750226,-0.9180280288634751,-0.6621697804947453,-0.4972864110816011,-0.33256630615253047,-0.044452152752269006,1.0037045405826968,1702.5925524983868,0,6.3
L2,L2-02,core,300,0.0,-0.4,A,adj,24,106,8,20,apc_z,-0.07820762307219789,-0.07498734874031555,0.03298363223448598,-0.1255981003726424,-0.09895176498688851,-0.0769320839304257,-0.05346490649480718,-0.01875269559070471,1.0019757296007497,936.6494467890049,0,6.5
L2,L2-02,core,300,0.0,-0.4,A,adj,24,106,8,20,apc_s,-0.07555770486411019,-0.12145659783146866,0.035246887775504714,-0.17910021002180215,-0.14412785814680004,-0.12167508889475634,-0.0992100070334177,-0.06397997327340768,1.0019757296007497,936.6494467890049,0,6.5
L2,L2-02,core,300,0.0,-0.4,A,adj,24,106,8,20,bzC,-0.4,-0.4149205015106233,0.2899107151641229,-0.8547164350195096,-0.6058107947117433,-0.42446151066436444,-0.24065016114822216,0.07392483822135974,1.0019757296007497,936.6494467890049,0,6.5
L2,L2-02,core,300,0.0,-0.4,A,adj,25,100,5,13,apc_z,-0.07820762307219789,-0.07917630361825892,0.030489692855649984,-0.12801552650764345,-0.09949243477268944,-0.07919851746549302,-0.05895713791189413,-0.0302367261190414,1.0030828319512028,1047.811725025126,0,6.4
L2,L2-02,core,300,0.0,-0.4,A,adj,25,100,5,13,apc_s,-0.07555770486411019,-0.14593610494818607,0.03544304111851279,-0.2015507809836151,-0.17011185398912626,-0.14669217299162512,-0.12294515441491224,-0.08583453135001426,1.0030828319512028,1047.811725025126,0,6.4
L2,L2-02,core,300,0.0,-0.4,A,adj,25,100,5,13,bzC,-0.4,-0.44097493993467185,0.3195381009000061,-0.9650406125270429,-0.6394675172612978,-0.437167806956827,-0.25482747064195405,0.07940339479353108,1.0030828319512028,1047.811725025126,0,6.4
L2,L2-02,core,300,0.0,-0.4,A,adj,26,87,7,7,apc_z,-0.07820762307219789,-0.08507890921049324,0.028529823448755893,-0.13114893657918286,-0.10491900875544596,-0.08485521001011141,-0.06617530613470629,-0.03752654500709163,1.0023541440098525,1412.25861942946,0,6.3
L2,L2-02,core,300,0.0,-0.4,A,adj,26,87,7,7,apc_s,-0.07555770486411019,-0.08220244110549214,0.03746129382785631,-0.14400484053445883,-0.10774472728955622,-0.08331206757472279,-0.05766306636137032,-0.01961734094424637,1.0023541440098525,1412.25861942946,0,6.3
L2,L2-02,core,300,0.0,-0.4,A,adj,26,87,7,7,bzC,-0.4,-0.5896642212558112,0.2885154890494568,-1.06840894952258,-0.7537474955730896,-0.5784192187862907,-0.41615522527640103,-0.15345709631825225,1.0023541440098525,1412.25861942946,0,6.3
L2,L2-02,core,300,0.0,-0.4,A,adj,27,101,6,18,apc_z,-0.07820762307219789,-0.11387590754261628,0.029486532598690232,-0.16402175384174372,-0.13319127781713758,-0.11310858595063292,-0.09277180836175475,-0.06771175829717749,1.0025410626634084,1527.8278381273915,0,6.3
L2,L2-02,core,300,0.0,-0.4,A,adj,27,101,6,18,apc_s,-0.07555770486411019,-0.06314303074811965,0.03452706285003393,-0.11897346529935367,-0.08619899647366562,-0.06373076090473248,-0.03980187370762539,-0.0060328691766832945,1.0025410626634084,1527.8278381273915,0,6.3
L2,L2-02,core,300,0.0,-0.4,A,adj,27,101,6,18,bzC,-0.4,-0.6348686207978119,0.351553212622325,-1.2113149029190788,-0.8537379115573275,-0.6383831141774431,-0.4132685525692655,-0.07124263541656412,1.0025410626634084,1527.8278381273915,0,6.3
L2,L2-02,core,300,0.0,-0.4,A,adj,28,92,9,12,apc_z,-0.07820762307219789,-0.10049355892267761,0.029055642383670206,-0.14825540032092166,-0.12045820444134706,-0.10115636363818623,-0.08080885089695608,-0.05479266442528036,1.0041986515236923,1306.929884232223,0,6.3
L2,L2-02,core,300,0.0,-0.4,A,adj,28,92,9,12,apc_s,-0.07555770486411019,-0.05582315151810343,0.03637571012081601,-0.11664956432712127,-0.08028761837973673,-0.05564399392258817,-0.03074584380912574,0.004857618000914633,1.0041986515236923,1306.929884232223,0,6.3
L2,L2-02,core,300,0.0,-0.4,A,adj,28,92,9,12,bzC,-0.4,-0.5401049141743023,0.3671437264453566,-1.1228582305905201,-0.7722271298786368,-0.5560089000156966,-0.322138585114638,0.08646372378087291,1.0041986515236923,1306.929884232223,0,6.3
L2,L2-02,core,300,0.0,-0.4,A,adj,29,91,4,14,apc_z,-0.07820762307219789,-0.09691638755900905,0.029698607652550592,-0.14550522335886734,-0.11665535965387479,-0.09738605044649376,-0.07683217450253887,-0.04866890964525701,1.0024660803280219,1116.5000768895727,0,7.7
L2,L2-02,core,300,0.0,-0.4,A,adj,29,91,4,14,apc_s,-0.07555770486411019,-0.09098694148532592,0.03609943841497052,-0.15314085347731377,-0.11345779065961939,-0.09153454169855371,-0.06597699248425537,-0.03346760670930771,1.0024660803280219,1116.5000768895727,0,7.7
L2,L2-02,core,300,0.0,-0.4,A,adj,29,91,4,14,bzC,-0.4,-0.6325728294769712,0.3413088169050995,-1.1795026537598243,-0.8433041481222059,-0.6299011311450988,-0.42481261926684893,-0.0676194302029691,1.0024660803280219,1116.5000768895727,0,7.7
L2,L2-02,core,300,0.0,-0.4,A,adj,30,94,8,12,apc_z,-0.07820762307219789,-0.13707364764190536,0.027239199434750987,-0.18158894032904715,-0.1560267135605964,-0.13705052679065094,-0.11871308863750127,-0.09200820407376138,1.0037592177798331,832.619347263699,0,6.5
L2,L2-02,core,300,0.0,-0.4,A,adj,30,94,8,12,apc_s,-0.07555770486411019,-0.11919134204200584,0.03247008180725466,-0.17085466603164207,-0.14097587948634827,-0.11943512304819862,-0.09864533426732483,-0.06836895454021676,1.0037592177798331,832.619347263699,0,6.5
L2,L2-02,core,300,0.0,-0.4,A,adj,30,94,8,12,bzC,-0.4,-1.00386146615423,0.32255548549429114,-1.535176766182579,-1.203230464581894,-0.9921135845715301,-0.8061945981384496,-0.5037335392648761,1.0037592177798331,832.619347263699,0,6.5
L2,L2-02,core,300,0.0,-0.4,A,adj,31,115,9,16,apc_z,-0.07820762307219789,-0.0897853197067894,0.029995066740290843,-0.13643728807598135,-0.11056249762107265,-0.08955594904191284,-0.069163642263426,-0.04056541113714893,1.0071322500107256,1136.3610302808167,0,6.3
L2,L2-02,core,300,0.0,-0.4,A,adj,31,115,9,16,apc_s,-0.07555770486411019,-0.08513738539350349,0.03596866197892691,-0.14220682381981448,-0.10977361691389542,-0.08613746304303135,-0.060161517087973945,-0.027302074155669948,1.0071322500107256,1136.3610302808167,0,6.3
L2,L2-02,core,300,0.0,-0.4,A,adj,31,115,9,16,bzC,-0.4,-0.4098300141380722,0.3194684003440465,-0.9122837200197927,-0.6130064239433327,-0.42276417729023474,-0.21942812514881901,0.147652161552236,1.0071322500107256,1136.3610302808167,0,6.3
L2,L2-02,core,300,0.0,-0.4,A,adj,32,101,6,16,apc_z,-0.07820762307219789,-0.09473411119941957,0.02886666351059751,-0.1421385073590456,-0.11311641004845373,-0.09524328865582614,-0.07595477981151931,-0.047926687470412156,1.0024240301352454,1496.4174187356778,0,6.4
L2,L2-02,core,300,0.0,-0.4,A,adj,32,101,6,16,apc_s,-0.07555770486411019,-0.04457644085800504,0.036339770612939776,-0.10441120624051085,-0.07080790254164115,-0.04431788008467015,-0.018358028763837977,0.01526226111699018,1.0024240301352454,1496.4174187356778,0,6.4
L2,L2-02,core,300,0.0,-0.4,A,adj,32,101,6,16,bzC,-0.4,-0.4876736444263663,0.29091689405128995,-0.9335350063056879,-0.6729026249501219,-0.4983833211480062,-0.3138492022879972,-0.002635334492485214,1.0024240301352454,1496.4174187356778,0,6.4
L2,L2-02,core,300,0.0,-0.4,A,adj,33,104,10,13,apc_z,-0.07820762307219789,-0.08856312567347041,0.030758544151771868,-0.1398404257205111,-0.10909559636174397,-0.08904172233631685,-0.06893223505799129,-0.03499685019433378,1.0026964134783705,1160.6763200061596,0,6.3
L2,L2-02,core,300,0.0,-0.4,A,adj,33,104,10,13,apc_s,-0.07555770486411019,-0.05804031478777115,0.03594070736761325,-0.11808030446047135,-0.08275631239864256,-0.05680119259502121,-0.03403906814169427,0.0034337122755924866,1.0026964134783705,1160.6763200061596,0,6.3
L2,L2-02,core,300,0.0,-0.4,A,adj,33,104,10,13,bzC,-0.4,-0.43602855133036994,0.3129059104019937,-0.9200993049272245,-0.6344969272839156,-0.4478672802667374,-0.25822588859808226,0.08896314908262457,1.0026964134783705,1160.6763200061596,0,6.3
L2,L2-02,core,300,0.0,-0.4,A,adj,34,96,11,11,apc_z,-0.07820762307219789,-0.06777288558240509,0.02903430374951893,-0.11306148831199822,-0.08700448418068382,-0.06814901580020843,-0.04817903680394877,-0.0199255435003731,1.0029784050287656,1218.5538565997344,0,6.2
L2,L2-02,core,300,0.0,-0.4,A,adj,34,96,11,11,apc_s,-0.07555770486411019,-0.10597209683343094,0.03436008369290419,-0.16372084522105732,-0.1283792219245609,-0.1071142848139791,-0.08167163856149447,-0.05024536967213305,1.0029784050287656,1218.5538565997344,0,6.2
L2,L2-02,core,300,0.0,-0.4,A,adj,34,96,11,11,bzC,-0.4,-0.5354483802173188,0.30358163999417653,-1.0216402598965475,-0.7201306399618568,-0.5309281138674895,-0.35106429576605447,-0.07073517458512699,1.0029784050287656,1218.5538565997344,0,6.2
L2,L2-02,core,300,0.0,-0.4,A,adj,35,100,2,12,apc_z,-0.07820762307219789,-0.08127035386357195,0.03133753133731125,-0.13343584477420425,-0.10401568864319402,-0.0798182948836117,-0.06030213592392618,-0.03066892128415708,1.0017914628440243,1574.3652866762436,0,6.2
L2,L2-02,core,300,0.0,-0.4,A,adj,35,100,2,12,apc_s,-0.07555770486411019,-0.06371242363577118,0.041582088454234035,-0.13017319945652656,-0.0925906155338364,-0.06535596496799198,-0.035274896028331136,0.005335738668103271,1.0017914628440243,1574.3652866762436,0,6.2
L2,L2-02,core,300,0.0,-0.4,A,adj,35,100,2,12,bzC,-0.4,-0.34735347692021173,0.3100626723212285,-0.8426222409511815,-0.5389241040650081,-0.35381115492257276,-0.16365856877314744,0.16990414157349112,1.0017914628440243,1574.3652866762436,0,6.2
L2,L2-02,core,300,0.0,-0.4,A,adj,36,99,8,9,apc_z,-0.07820762307219789,-0.054202260281611674,0.031193521231789468,-0.10370607345322712,-0.07487596816209485,-0.05509062450700049,-0.032923789827787785,-0.00012242957586723388,1.0036024245668003,1440.551299419198,0,6.2
L2,L2-02,core,300,0.0,-0.4,A,adj,36,99,8,9,apc_s,-0.07555770486411019,-0.04154422870301207,0.039280555444895,-0.10775828908975361,-0.06818040365761203,-0.041992215791744364,-0.013442429674706439,0.022680166749287377,1.0036024245668003,1440.551299419198,0,6.2
L2,L2-02,core,300,0.0,-0.4,A,adj,36,99,8,9,bzC,-0.4,-0.2883495020548322,0.2794337154664457,-0.7139259110758632,-0.4636938165744604,-0.29934514549147895,-0.12590971971864984,0.1917721548980798,1.0036024245668003,1440.551299419198,0,6.2
L2,L2-02,core,300,0.0,-0.4,A,adj,37,109,10,18,apc_z,-0.07820762307219789,-0.09991718406066345,0.028718922042816532,-0.14780072872257316,-0.11912692566676708,-0.09986386664280543,-0.0805393479521398,-0.05190851899249604,1.0022759192306052,1692.4479058439258,0,6.0
L2,L2-02,core,300,0.0,-0.4,A,adj,37,109,10,18,apc_s,-0.07555770486411019,-0.058618143120418985,0.03360912047109976,-0.11410083025661186,-0.0805953128295568,-0.05841543974680753,-0.03646879320162248,-0.0027357126414130736,1.0022759192306052,1692.4479058439258,0,6.0
L2,L2-02,core,300,0.0,-0.4,A,adj,37,109,10,18,bzC,-0.4,-0.6269852967648931,0.2742399131535176,-1.0419604486555656,-0.7945284150435448,-0.6287367699524316,-0.4697131727620261,-0.1762875432676331,1.0022759192306052,1692.4479058439258,0,6.0
L2,L2-02,core,300,0.0,-0.4,A,adj,38,94,10,15,apc_z,-0.07820762307219789,-0.0705421099397504,0.028710481817268572,-0.11656997223633957,-0.08963243914430362,-0.07035908133134783,-0.05145754691687298,-0.02415684497426291,1.005599640495559,1376.4621033160454,0,6.4
L2,L2-02,core,300,0.0,-0.4,A,adj,38,94,10,15,apc_s,-0.07555770486411019,-0.07993875692897501,0.0352908485550619,-0.13608558549310806,-0.10299263929496816,-0.07987067271739581,-0.05687427184514911,-0.019694960924474595,1.005599640495559,1376.4621033160454,0,6.4
L2,L2-02,core,300,0.0,-0.4,A,adj,38,94,10,15,bzC,-0.4,-0.40090995157231385,0.2933324958833822,-0.8690076212053971,-0.580520437665347,-0.41243239178812896,-0.23257198187754285,0.1131991549950318,1.005599640495559,1376.4621033160454,0,6.4
L2,L2-02,core,300,0.0,-0.4,A,adj,39,90,6,14,apc_z,-0.07820762307219789,-0.05706089390067456,0.029786418160759946,-0.10538158542303935,-0.07683058831412155,-0.05788229688547706,-0.03623435029307123,-0.009110878254768938,1.0043313674748624,1060.6013386364452,0,6.8
L2,L2-02,core,300,0.0,-0.4,A,adj,39,90,6,14,apc_s,-0.07555770486411019,-0.04731386526009601,0.03541055605609316,-0.10305536508350799,-0.07092973708119131,-0.04827040740120923,-0.02518708248778246,0.012506928461171013,1.0043313674748624,1060.6013386364452,0,6.8
L2,L2-02,core,300,0.0,-0.4,A,adj,39,90,6,14,bzC,-0.4,-0.21967357049848843,0.3462840951110475,-0.7310179848963588,-0.4393742631525347,-0.240522511436019,-0.02530635164912816,0.3876874109250779,1.0043313674748624,1060.6013386364452,0,6.8
L2,L2-02,core,300,0.0,-0.4,A,adj,40,102,2,17,apc_z,-0.07820762307219789,-0.04526145405784128,0.031992813854946116,-0.09869427446762882,-0.06684893298324901,-0.04538222591682858,-0.02567526201512245,0.009636769034393824,1.003950275322849,1073.6393273646038,0,6.9
L2,L2-02,core,300,0.0,-0.4,A,adj,40,102,2,17,apc_s,-0.07555770486411019,-0.15289976820125187,0.034442567828340945,-0.20981748417070414,-0.17508104820412482,-0.1543904327403996,-0.13073234263908387,-0.09478945895968889,1.003950275322849,1073.6393273646038,0,6.9
L2,L2-02,core,300,0.0,-0.4,A,adj,40,102,2,17,bzC,-0.4,-0.33326333934296076,0.29657360632219304,-0.8095552809079111,-0.515228456730241,-0.33275424254086494,-0.15139531728060798,0.1467339608037397,1.003950275322849,1073.6393273646038,0,6.9
L2,L2-02,core,300,0.0,-0.4,A,adj,41,96,9,17,apc_z,-0.07820762307219789,-0.08230142419877962,0.03177124575563225,-0.13259969249558207,-0.102523700604661,-0.0831284201026003,-0.060249675886117376,-0.03199237936698113,1.0024112505263645,914.753488603072,0,7.0
L2,L2-02,core,300,0.0,-0.4,A,adj,41,96,9,17,apc_s,-0.07555770486411019,-0.11596232608060009,0.03507170187223195,-0.17372656920728388,-0.13897145608205663,-0.11558735651216578,-0.09140891077608054,-0.059509094966815106,1.0024112505263645,914.753488603072,0,7.0
L2,L2-02,core,300,0.0,-0.4,A,adj,41,96,9,17,bzC,-0.4,-0.5835911790644748,0.31857497363093945,-1.1282261206471422,-0.7695094206804269,-0.5679693056238097,-0.38675514445012327,-0.08920320374310045,1.0024112505263645,914.753488603072,0,7.0
L2,L2-02,core,300,0.0,-0.4,A,adj,43,97,7,13,apc_z,-0.07820762307219789,-0.0892363271396469,0.029073557119412227,-0.13549502741363148,-0.10952834123229703,-0.08915149494888921,-0.0701302264348315,-0.04126066027405219,1.002785327441374,1262.5937439059796,0,6.0
L2,L2-02,core,300,0.0,-0.4,A,adj,43,97,7,13,apc_s,-0.07555770486411019,-0.08893253859496549,0.035108957077707205,-0.14667413481721062,-0.1130766192003788,-0.08933505813306492,-0.06652719003096799,-0.028844711021686505,1.002785327441374,1262.5937439059796,0,6.0
L2,L2-02,core,300,0.0,-0.4,A,adj,43,97,7,13,bzC,-0.4,-0.47539458698721215,0.3016671060326945,-0.9563050877573473,-0.6559439114227342,-0.47958129902798147,-0.2985559174836433,0.030215202546845673,1.002785327441374,1262.5937439059796,0,6.0
L2,L2-02,core,300,0.0,-0.4,A,adj,42,105,9,17,apc_z,-0.07820762307219789,-0.09142257778809991,0.028071111357721994,-0.13703390795462972,-0.1105234004978631,-0.09047216028934256,-0.07197384862055241,-0.046600990509833455,1.0033139793072072,1674.523690787518,0,6.2
L2,L2-02,core,300,0.0,-0.4,A,adj,42,105,9,17,apc_s,-0.07555770486411019,-0.04953544035857003,0.034978278686033364,-0.10603535906326506,-0.07396449347311047,-0.05022874868146255,-0.02770266487109531,0.011257197657185818,1.0033139793072072,1674.523690787518,0,6.2
L2,L2-02,core,300,0.0,-0.4,A,adj,42,105,9,17,bzC,-0.4,-0.527473795286691,0.2530057030581671,-0.922345157328958,-0.6773437416271284,-0.5358842332237521,-0.3835135626244622,-0.11575044840378178,1.0033139793072072,1674.523690787518,0,6.2
L2,L2-02,core,300,0.0,-0.4,A,adj,44,96,6,12,apc_z,-0.07820762307219789,-0.12901948756592196,0.02912393430361963,-0.17856898845802963,-0.1484474571770435,-0.12783137920948803,-0.10943025154629843,-0.08189838748103573,1.0028232959343677,1221.5252934782213,0,6.1
L2,L2-02,core,300,0.0,-0.4,A,adj,44,96,6,12,apc_s,-0.07555770486411019,-0.0941848504520585,0.03534414001120986,-0.14937508371677477,-0.11929173425370229,-0.09363953830916097,-0.070078215704033,-0.035109338589763436,1.0028232959343677,1221.5252934782213,0,6.1
L2,L2-02,core,300,0.0,-0.4,A,adj,44,96,6,12,bzC,-0.4,-0.8463836922342342,0.2951645999676406,-1.3444374254211764,-1.0228612281618046,-0.8410634234809347,-0.6637729135301853,-0.3875146790656289,1.0028232959343677,1221.5252934782213,0,6.1
L2,L2-02,core,300,0.0,-0.4,A,adj,45,97,7,11,apc_z,-0.07820762307219789,-0.08229373748452806,0.030993737447547756,-0.13485952535851667,-0.10298466795350136,-0.08208144053677682,-0.06149233360716859,-0.031293558600777545,1.0020484971248096,1225.6578915132109,0,6.4
L2,L2-02,core,300,0.0,-0.4,A,adj,45,97,7,11,apc_s,-0.07555770486411019,-0.05355894627912983,0.03984329196739736,-0.1166041922141827,-0.07936544969381154,-0.05362446513143021,-0.02731495330992147,0.014461438147820685,1.0020484971248096,1225.6578915132109,0,6.4
L2,L2-02,core,300,0.0,-0.4,A,adj,45,97,7,11,bzC,-0.4,-0.37461977608373037,0.3167486682988837,-0.8544747179842734,-0.5744866978643314,-0.38407079872409844,-0.1980353010093637,0.1607189403630484,1.0020484971248096,1225.6578915132109,0,6.4
L2,L2-02,core,300,0.0,-0.4,A,adj,46,97,5,20,apc_z,-0.07820762307219789,-0.04806554688043663,0.02951117757788581,-0.09363755119800214,-0.06896341223235143,-0.0486426686597874,-0.02805607067841128,0.0017438780690911787,1.0031439742374488,1176.4597686588536,0,6.7
L2,L2-02,core,300,0.0,-0.4,A,adj,46,97,5,20,apc_s,-0.07555770486411019,-0.08726903802036777,0.033635189333088185,-0.14245943794606525,-0.11023129440025563,-0.08581517119828447,-0.064900012441714,-0.0332892313153547,1.0031439742374488,1176.4597686588536,0,6.7
L2,L2-02,core,300,0.0,-0.4,A,adj,46,97,5,20,bzC,-0.4,-0.3064265403093342,0.29558987573941553,-0.7754850507233702,-0.4931630795679217,-0.3088658972717432,-0.12616506833516816,0.17453747629026733,1.0031439742374488,1176.4597686588536,0,6.7
L2,L2-02,core,300,0.0,-0.4,A,adj,47,91,7,12,apc_z,-0.07820762307219789,-0.04069040452388623,0.028946876583919676,-0.0885752507495108,-0.06095802330317153,-0.03999496591993654,-0.01991880468329004,0.005843739017134771,1.0023917220958531,1455.8879913497422,0,6.2
L2,L2-02,core,300,0.0,-0.4,A,adj,47,91,7,12,apc_s,-0.07555770486411019,-0.04730470815395779,0.03661344440715173,-0.10962320972293613,-0.07157979634228537,-0.04611353095667597,-0.023296424518887318,0.013102588973388188,1.0023917220958531,1455.8879913497422,0,6.2
L2,L2-02,core,300,0.0,-0.4,A,adj,47,91,7,12,bzC,-0.4,-0.15570320027377954,0.287124470357176,-0.6015074483361058,-0.33701041103758383,-0.16501880645450195,0.009278786860951654,0.3258309312641369,1.0023917220958531,1455.8879913497422,0,6.2
L2,L2-02,core,300,0.0,-0.4,A,adj,49,107,8,15,apc_z,-0.07820762307219789,-0.0884236418504743,0.02921368200508115,-0.1352130556440165,-0.10823034990689834,-0.08909264758812457,-0.0679472512415651,-0.04122400876452577,1.005315874103934,1387.5555943844074,0,6.1
L2,L2-02,core,300,0.0,-0.4,A,adj,49,107,8,15,apc_s,-0.07555770486411019,-0.01210571326457078,0.03730382898370601,-0.07058590189806643,-0.03760909220640733,-0.012961326628203693,0.01306828100994771,0.049335166670393955,1.005315874103934,1387.5555943844074,0,6.1
L2,L2-02,core,300,0.0,-0.4,A,adj,49,107,8,15,bzC,-0.4,-0.31378965756438276,0.36730832349670267,-0.8829798638325332,-0.535165198751987,-0.32684504322238095,-0.10357567956633765,0.3076265135032983,1.005315874103934,1387.5555943844074,0,6.1
L2,L2-02,core,300,0.0,-0.4,A,adj,48,85,8,15,apc_z,-0.07820762307219789,-0.04941943544148937,0.029041370883640456,-0.09869067709534177,-0.06919583335513793,-0.049377371393399566,-0.02968505855018326,-0.002253385079016578,1.003256897308476,1308.3667760738679,0,7.0
L2,L2-02,core,300,0.0,-0.4,A,adj,48,85,8,15,apc_s,-0.07555770486411019,0.003232865806513944,0.03592487895293323,-0.05631720440147058,-0.020510723732390657,0.003535551950360717,0.026604160741397757,0.0629679014429361,1.003256897308476,1308.3667760738679,0,7.0
L2,L2-02,core,300,0.0,-0.4,A,adj,48,85,8,15,bzC,-0.4,-0.2953085850032945,0.28863581172104935,-0.7601314435122832,-0.46877241124167063,-0.29445599320094684,-0.11721483804579172,0.15427207945269278,1.003256897308476,1308.3667760738679,0,7.0
L2,L2-02,core,300,0.0,-0.4,A,adj,50,93,3,10,apc_z,-0.07820762307219789,-0.10877217528602737,0.028039362680225142,-0.15570792067662453,-0.12697805956946978,-0.10872189004115262,-0.09060398353451414,-0.061837334954954665,1.003630004447316,1529.7180953793502,2,6.0
L2,L2-02,core,300,0.0,-0.4,A,adj,50,93,3,10,apc_s,-0.07555770486411019,-0.07917969458095725,0.03947896441818056,-0.14248405461818797,-0.10560515273790466,-0.07870428786908354,-0.05393066743636779,-0.013191086950229247,1.003630004447316,1529.7180953793502,2,6.0
L2,L2-02,core,300,0.0,-0.4,A,adj,50,93,3,10,bzC,-0.4,-0.6840280768185567,0.2919602992925073,-1.1225792099397136,-0.8526630996160927,-0.6874554892371663,-0.5330780018395108,-0.2693753443452045,1.003630004447316,1529.7180953793502,2,6.0
L2,L2-02,core,300,0.0,-0.4,A,adj,51,88,4,12,apc_z,-0.07820762307219789,-0.06625040114915214,0.028491322890752784,-0.1123540068366622,-0.08471522886556387,-0.06704076534578504,-0.047057229478688456,-0.018683646693754417,1.0048907565498302,1667.100868257346,0,6.7
L2,L2-02,core,300,0.0,-0.4,A,adj,51,88,4,12,apc_s,-0.07555770486411019,-0.06526327226638003,0.03728456533116003,-0.12788556901465165,-0.09004841648325641,-0.06579191040493225,-0.039498679428542356,-0.0050542831897227095,1.0048907565498302,1667.100868257346,0,6.7
L2,L2-02,core,300,0.0,-0.4,A,adj,51,88,4,12,bzC,-0.4,-0.3957905880377921,0.25552468774759857,-0.8110787120618843,-0.5498312312371227,-0.3965051975741014,-0.24378584038220252,0.01565386173703464,1.0048907565498302,1667.100868257346,0,6.7
L2,L2-02,core,300,0.0,-0.4,A,adj,52,91,4,11,apc_z,-0.07820762307219789,-0.09138795474815299,0.030090104107409168,-0.14222344611251272,-0.11080175690745399,-0.09117148233192882,-0.07007747294149336,-0.04277920218859829,1.0032735842044638,1059.0398997719265,0,6.5
L2,L2-02,core,300,0.0,-0.4,A,adj,52,91,4,11,apc_s,-0.07555770486411019,-0.12327551433100517,0.03816332914292537,-0.1851733807827208,-0.15120400120004232,-0.12290028488410792,-0.09751724302962365,-0.06102959299683247,1.0032735842044638,1059.0398997719265,0,6.5
L2,L2-02,core,300,0.0,-0.4,A,adj,52,91,4,11,bzC,-0.4,-0.4508755801366279,0.35471189147656074,-0.9874855165677802,-0.668096128527278,-0.46065844228717323,-0.24913758669928282,0.1333288710484759,1.0032735842044638,1059.0398997719265,0,6.5
L2,L2-02,core,300,0.0,-0.4,A,adj,53,91,4,14,apc_z,-0.07820762307219789,-0.08972594429135453,0.029168555526653362,-0.13687415932716868,-0.10969441443491558,-0.0901142381001394,-0.06987265228097048,-0.04253189554350501,1.0029955169216116,1356.8116035913183,0,6.5
L2,L2-02,core,300,0.0,-0.4,A,adj,53,91,4,14,apc_s,-0.07555770486411019,-0.03936432504836144,0.03599980042816556,-0.09750309274723942,-0.06451765049668916,-0.03910091129188853,-0.014592009806914729,0.019366594001478468,1.0029955169216116,1356.8116035913183,0,6.5
L2,L2-02,core,300,0.0,-0.4,A,adj,53,91,4,14,bzC,-0.4,-0.49083667140234366,0.2872850086110476,-0.9367850973303424,-0.6649269857405092,-0.5001024444646143,-0.32093672093908243,-0.01791365987579028,1.0029955169216116,1356.8116035913183,0,6.5
L2,L2-02,core,300,0.0,-0.4,A,adj,54,97,7,17,apc_z,-0.07820762307219789,-0.09111184720366461,0.029790717384434354,-0.1400686002882704,-0.11066300106438617,-0.09044981965504237,-0.07109161317821114,-0.041668520492434136,1.0026450364280795,1535.1064080744834,0,6.5
L2,L2-02,core,300,0.0,-0.4,A,adj,54,97,7,17,apc_s,-0.07555770486411019,-0.06313377835057948,0.03728900259453933,-0.12261417869439337,-0.08882342752117857,-0.06397742380300725,-0.03878997930676506,0.0009345263162919255,1.0026450364280795,1535.1064080744834,0,6.5
L2,L2-02,core,300,0.0,-0.4,A,adj,54,97,7,17,bzC,-0.4,-0.5567976415388246,0.27615706910261395,-1.015694568986148,-0.7262508377130753,-0.5557281901110183,-0.39072470654726843,-0.101967218958152,1.0026450364280795,1535.1064080744834,0,6.5
L2,L2-02,core,300,0.0,-0.4,A,adj,55,94,5,17,apc_z,-0.07820762307219789,-0.09765839561463005,0.029189501686978103,-0.145460242655089,-0.1170189903620716,-0.09824680840874259,-0.07719384930994161,-0.05057395608822303,1.002747618337371,1500.8278596253606,0,6.2
L2,L2-02,core,300,0.0,-0.4,A,adj,55,94,5,17,apc_s,-0.07555770486411019,-0.07737787476187091,0.034976478829888843,-0.13225351668121701,-0.10145642617216513,-0.07780031075724088,-0.05305957970899716,-0.01931299344820244,1.002747618337371,1500.8278596253606,0,6.2
L2,L2-02,core,300,0.0,-0.4,A,adj,55,94,5,17,bzC,-0.4,-0.5625643477652427,0.31646274889531795,-1.0638565036059757,-0.7524040190942827,-0.5636797597876687,-0.37277221601190763,-0.04724033453187455,1.002747618337371,1500.8278596253606,0,6.2
L2,L2-02,core,300,0.0,-0.4,A,adj,56,94,5,14,apc_z,-0.07820762307219789,-0.03155475069413255,0.032110410375067636,-0.08437718529339334,-0.05239529353499396,-0.03109384487717492,-0.011611359572444295,0.023335403143304054,1.0027535682790392,1752.4670563554155,0,6.2
L2,L2-02,core,300,0.0,-0.4,A,adj,56,94,5,14,apc_s,-0.07555770486411019,0.018450910852857307,0.03875855732893761,-0.04677665825637538,-0.008434061025999754,0.02007551199518297,0.04425069791788831,0.07976183479929262,1.0027535682790392,1752.4670563554155,0,6.2
L2,L2-02,core,300,0.0,-0.4,A,adj,56,94,5,14,bzC,-0.4,-0.21207253062451145,0.26048511181743017,-0.6414887890660959,-0.36618708566790814,-0.20473848652256832,-0.05778501129044716,0.2077431287823322,1.0027535682790392,1752.4670563554155,0,6.2
L2,L2-02,core,300,0.0,-0.4,A,adj,57,89,3,18,apc_z,-0.07820762307219789,-0.033080865177956824,0.029378793480319403,-0.08007800508540007,-0.0535890684871606,-0.033420323550745895,-0.013330986632461265,0.013828989203610479,1.0021978145339525,1857.9054370011297,0,6.3
L2,L2-02,core,300,0.0,-0.4,A,adj,57,89,3,18,apc_s,-0.07555770486411019,-0.052146725420118625,0.03363942577862237,-0.10841083853873185,-0.07656669644438473,-0.051746721827150226,-0.029797468320994544,0.002879665825308782,1.0021978145339525,1857.9054370011297,0,6.3
L2,L2-02,core,300,0.0,-0.4,A,adj,57,89,3,18,bzC,-0.4,-0.2635173501401175,0.26818469898573744,-0.68647543011983,-0.4231635487732416,-0.2616080087461196,-0.10830128826570154,0.15962774331472093,1.0021978145339525,1857.9054370011297,0,6.3
L2,L2-02,core,300,0.0,-0.4,A,adj,58,95,5,17,apc_z,-0.07820762307219789,-0.08485966909680857,0.027138279677879476,-0.1298545239583186,-0.10338673548816056,-0.08388741736617802,-0.06743469793810064,-0.04157773777492742,1.002969686090157,1451.277249722931,0,6.3
L2,L2-02,core,300,0.0,-0.4,A,adj,58,95,5,17,apc_s,-0.07555770486411019,-0.058573671166875715,0.03497073928643798,-0.11746635327694675,-0.08142200389468439,-0.0579341998404771,-0.034722040453217085,-0.0015904443438451452,1.002969686090157,1451.277249722931,0,6.3
L2,L2-02,core,300,0.0,-0.4,A,adj,58,95,5,17,bzC,-0.4,-0.5497632969286703,0.2792264770331437,-1.0046263749022202,-0.7157704979720969,-0.5471115335148273,-0.3790066136423566,-0.1074236436677347,1.002969686090157,1451.277249722931,0,6.3
L2,L2-02,core,300,0.0,-0.4,A,adj,59,91,4,13,apc_z,-0.07820762307219789,-0.02331560912327483,0.03039522319517589,-0.07365979520756893,-0.044721718120825156,-0.022944564816275225,-0.0019743335741642808,0.027286025534508117,1.0020641004303312,1257.2041346045903,0,6.2
L2,L2-02,core,300,0.0,-0.4,A,adj,59,91,4,13,apc_s,-0.07555770486411019,-0.09951755466778696,0.037540094151386816,-0.15649180873457924,-0.12534579646094274,-0.09968448505924565,-0.07399358497777854,-0.0358308510977993,1.0020641004303312,1257.2041346045903,0,6.2
L2,L2-02,core,300,0.0,-0.4,A,adj,59,91,4,13,bzC,-0.4,-0.13923733546364508,0.25095920572903757,-0.5442306755608642,-0.2911574588349771,-0.13827777725431933,0.009263382341966386,0.2577615522286725,1.0020641004303312,1257.2041346045903,0,6.2
L2,L2-03,core,300,0.0,-0.4,B,adj,1,93,3,6,apc_z,-0.08021736612547889,-0.09898847842618383,0.027711236935195727,-0.14407171780749303,-0.11797935824753474,-0.09911191110349607,-0.08053144851994604,-0.05416276929133645,1.0030709089793264,1481.193839385364,0,6.4
L2,L2-03,core,300,0.0,-0.4,B,adj,1,93,3,6,apc_s,-0.07781228356964259,0.007367096713903161,0.0421923760167082,-0.06348641522333912,-0.0206211254820969,0.00729706638924176,0.03431039033099558,0.07384080985646506,1.0030709089793264,1481.193839385364,0,6.4
L2,L2-03,core,300,0.0,-0.4,B,adj,1,93,3,6,bzC,-0.4,-0.5403364435997229,0.25024505949326736,-0.933817251037093,-0.6964155225798387,-0.5409833213296504,-0.38938388192216433,-0.128009536993206,1.0030709089793264,1481.193839385364,0,6.4
L2,L2-03,core,300,0.0,-0.4,B,adj,0,91,8,10,apc_z,-0.08021736612547889,-0.06486378087826239,0.02944513810083277,-0.11557423278160871,-0.08402345630568314,-0.06497360010898287,-0.04568862430113934,-0.01659624833726861,1.0035527125799664,1327.2642761561908,0,6.5
L2,L2-03,core,300,0.0,-0.4,B,adj,0,91,8,10,apc_s,-0.07781228356964259,-0.10555370532549671,0.03525444578343128,-0.16232281135480867,-0.1297987111467565,-0.10531389650595713,-0.08203295932010965,-0.047522343985718384,1.0035527125799664,1327.2642761561908,0,6.5
L2,L2-03,core,300,0.0,-0.4,B,adj,0,91,8,10,bzC,-0.4,-0.42832597292937225,0.2856434880016761,-0.8911745206112153,-0.5993017671393626,-0.42614002907646736,-0.2572382849965572,0.026406805880537867,1.0035527125799664,1327.2642761561908,0,6.5
L2,L2-03,core,300,0.0,-0.4,B,adj,2,92,8,18,apc_z,-0.08021736612547889,-0.039391553002611206,0.02731210532401075,-0.08362672423016305,-0.057419988004228796,-0.03901663021866331,-0.022106093642619725,0.005417628592297477,1.0037875795190918,1570.5237762724528,0,6.1
L2,L2-03,core,300,0.0,-0.4,B,adj,2,92,8,18,apc_s,-0.07781228356964259,-0.06130960271195815,0.03156835900098019,-0.11378212147177318,-0.0824310628899068,-0.06000993288720489,-0.040690204015360165,-0.011501623811986397,1.0037875795190918,1570.5237762724528,0,6.1
L2,L2-03,core,300,0.0,-0.4,B,adj,2,92,8,18,bzC,-0.4,-0.26278292592951696,0.2651846406770624,-0.6841040083609452,-0.42421908237146955,-0.2621462334261271,-0.10564763241394615,0.16600157447435737,1.0037875795190918,1570.5237762724528,0,6.1
L2,L2-03,core,300,0.0,-0.4,B,adj,3,103,2,13,apc_z,-0.08021736612547889,-0.07938881233442723,0.03156879527898846,-0.13033746975088076,-0.10116122430354724,-0.07979719041316899,-0.057300640396620854,-0.026976257823415027,1.0014313800713828,1487.259989978544,0,6.2
L2,L2-03,core,300,0.0,-0.4,B,adj,3,103,2,13,apc_s,-0.07781228356964259,-0.11860830217311043,0.035611129606956,-0.1745678706642964,-0.14458043407442403,-0.11850150997222872,-0.0942737152070678,-0.05848218181843694,1.0014313800713828,1487.259989978544,0,6.2
L2,L2-03,core,300,0.0,-0.4,B,adj,3,103,2,13,bzC,-0.4,-0.46199205300231994,0.2782427766308934,-0.9049286936044458,-0.6394973186196649,-0.46656510154412834,-0.2914740788868355,-0.005889248266751038,1.0014313800713828,1487.259989978544,0,6.2
L2,L2-03,core,300,0.0,-0.4,B,adj,4,81,4,8,apc_z,-0.08021736612547889,-0.11811429514452076,0.02941156461466314,-0.16536129241433276,-0.13833428295713637,-0.11840320860202566,-0.09815930223532095,-0.07003747653640624,1.002725490126305,1241.707608613683,0,6.3
L2,L2-03,core,300,0.0,-0.4,B,adj,4,81,4,8,apc_s,-0.07781228356964259,-0.11567430187509721,0.03258966219126455,-0.16829088122392075,-0.13830291259482802,-0.11633085326665019,-0.09377648399791395,-0.06077939418445988,1.002725490126305,1241.707608613683,0,6.3
L2,L2-03,core,300,0.0,-0.4,B,adj,4,81,4,8,bzC,-0.4,-0.9088819396173616,0.32139018278576775,-1.4394985622463052,-1.1105260898752345,-0.9069622193781118,-0.703423284518358,-0.40638222142068064,1.002725490126305,1241.707608613683,0,6.3
L2,L2-03,core,300,0.0,-0.4,B,adj,5,103,9,11,apc_z,-0.08021736612547889,-0.07213138822610364,0.028841881848679952,-0.11822672119730306,-0.09231468604617327,-0.07311830667268934,-0.05272095723560366,-0.021826732195670606,1.0033706785399836,1659.707022680696,0,6.2
L2,L2-03,core,300,0.0,-0.4,B,adj,5,103,9,11,apc_s,-0.07781228356964259,-0.03771171229935692,0.03424402430943857,-0.09280532294389661,-0.061385249377423776,-0.03880768610679967,-0.014050645262894436,0.018170554657149368,1.0033706785399836,1659.707022680696,0,6.2
L2,L2-03,core,300,0.0,-0.4,B,adj,5,103,9,11,bzC,-0.4,-0.4368924569549468,0.24985234264326456,-0.8309257562533191,-0.5935451499608744,-0.4403336086545834,-0.2866771514715611,-0.033288235285866274,1.0033706785399836,1659.707022680696,0,6.2
L2,L2-03,core,300,0.0,-0.4,B,adj,6,101,7,16,apc_z,-0.08021736612547889,-0.08925425727839666,0.027347126146484397,-0.1316292115437857,-0.10823310832052592,-0.08943774093396795,-0.07249446929151176,-0.04437735935799356,1.002248160441811,1238.4961965112052,0,6.5
L2,L2-03,core,300,0.0,-0.4,B,adj,6,101,7,16,apc_s,-0.07781228356964259,-0.06362059719813593,0.03373102465216787,-0.11701289538962589,-0.08599306351292219,-0.06359569933336064,-0.04111857110825478,-0.008912361444376184,1.002248160441811,1238.4961965112052,0,6.5
L2,L2-03,core,300,0.0,-0.4,B,adj,6,101,7,16,bzC,-0.4,-0.5112242576886226,0.3162550459879772,-0.9935088889312196,-0.713381943826623,-0.5199223291074944,-0.32603171131092634,0.01639380809856454,1.002248160441811,1238.4961965112052,0,6.5
L2,L2-03,core,300,0.0,-0.4,B,adj,7,91,6,18,apc_z,-0.08021736612547889,-0.0629634014670018,0.02822861813672737,-0.10912490635311703,-0.081410223878332,-0.06352944514663961,-0.04439734681402519,-0.015682681404349804,1.0019101006318591,1812.8148156102138,0,6.5
L2,L2-03,core,300,0.0,-0.4,B,adj,7,91,6,18,apc_s,-0.07781228356964259,-0.012085871846267311,0.03207034420834217,-0.06362476775061066,-0.03320649248969944,-0.011541663383335073,0.008980415490216751,0.038872113670088304,1.0019101006318591,1812.8148156102138,0,6.5
L2,L2-03,core,300,0.0,-0.4,B,adj,7,91,6,18,bzC,-0.4,-0.39699194097445545,0.2772426293781271,-0.8174644401014144,-0.5680015209195858,-0.4072302158000365,-0.2435951409302571,0.06398818497578092,1.0019101006318591,1812.8148156102138,0,6.5
L2,L2-03,core,300,0.0,-0.4,B,adj,8,92,8,13,apc_z,-0.08021736612547889,-0.07645669321590477,0.027183674763301295,-0.12002339432045657,-0.09540408618374512,-0.0762629291331856,-0.05988082383146646,-0.030490471882767333,1.0045212174230176,1397.7131877282934,0,6.4
L2,L2-03,core,300,0.0,-0.4,B,adj,8,92,8,13,apc_s,-0.07781228356964259,-0.0420294825655001,0.03374222252752221,-0.095144226731549,-0.06589240227588085,-0.04191536743597067,-0.018563005799736382,0.014228456922033856,1.0045212174230176,1397.7131877282934,0,6.4
L2,L2-03,core,300,0.0,-0.4,B,adj,8,92,8,13,bzC,-0.4,-0.5169760452841838,0.30291860614753896,-1.002413682999957,-0.6941620236724455,-0.511082332451898,-0.3360391905352735,-0.041603922052841615,1.0045212174230176,1397.7131877282934,0,6.4
L2,L2-03,core,300,0.0,-0.4,B,adj,9,95,4,22,apc_z,-0.08021736612547889,-0.053474764813087314,0.02929123558019653,-0.10187978251817723,-0.07196722371419736,-0.05256359436279564,-0.03453685574299389,-0.0070662140313349515,1.003339057978847,1810.8284520067168,0,6.3
L2,L2-03,core,300,0.0,-0.4,B,adj,9,95,4,22,apc_s,-0.07781228356964259,-0.06805574546370549,0.033383227877964924,-0.12235348025298909,-0.09152439100935561,-0.06868196034447642,-0.044679073291922146,-0.011402274742933245,1.003339057978847,1810.8284520067168,0,6.3
L2,L2-03,core,300,0.0,-0.4,B,adj,9,95,4,22,bzC,-0.4,-0.38851493584777885,0.2553843663352646,-0.8059329468033402,-0.5472219654670409,-0.3859446568105494,-0.2263687776490253,0.017563923803127327,1.003339057978847,1810.8284520067168,0,6.3
L2,L2-03,core,300,0.0,-0.4,B,adj,10,104,8,20,apc_z,-0.08021736612547889,-0.09505111836042593,0.02870675509323638,-0.1422043975726246,-0.11472396926782882,-0.09464142212959445,-0.07570716683745417,-0.04893947579330732,1.0026673181721721,1629.1947010859544,0,6.3
L2,L2-03,core,300,0.0,-0.4,B,adj,10,104,8,20,apc_s,-0.07781228356964259,-0.044167091853469696,0.03571137873885511,-0.10181083468165816,-0.0689293924068328,-0.044860869698793576,-0.019314791327986858,0.015868420748678495,1.0026673181721721,1629.1947010859544,0,6.3
L2,L2-03,core,300,0.0,-0.4,B,adj,10,104,8,20,bzC,-0.4,-0.5554459770479668,0.28551935267832074,-1.0144335249915075,-0.7362988132443277,-0.5601650239907022,-0.3801017944140469,-0.09477482732054503,1.0026673181721721,1629.1947010859544,0,6.3
L2,L2-03,core,300,0.0,-0.4,B,adj,11,96,7,18,apc_z,-0.08021736612547889,-0.0872460591972314,0.027100056552274248,-0.1307125252446928,-0.1056602701514487,-0.08713393565937202,-0.06809328327684822,-0.04227412761556542,1.0030872048799486,1486.0914952805801,0,6.2
L2,L2-03,core,300,0.0,-0.4,B,adj,11,96,7,18,apc_s,-0.07781228356964259,-0.06499341228524813,0.033789939871018464,-0.11929917662157391,-0.08750073881907411,-0.06439414428282397,-0.04412216581280479,-0.011482914110893132,1.0030872048799486,1486.0914952805801,0,6.2
L2,L2-03,core,300,0.0,-0.4,B,adj,11,96,7,18,bzC,-0.4,-0.5413768944593093,0.2633673682266204,-0.9618033478403726,-0.7014749369224436,-0.5381621560427723,-0.3855601210065271,-0.10717199754729792,1.0030872048799486,1486.0914952805801,0,6.2
L2,L2-03,core,300,0.0,-0.4,B,adj,12,88,3,18,apc_z,-0.08021736612547889,-0.10671550631804017,0.028269434183247084,-0.15334977365315286,-0.12589558386193272,-0.10805639763961318,-0.08691780200575155,-0.060812861261628194,1.0035672989468685,1505.791586913927,0,6.2
L2,L2-03,core,300,0.0,-0.4,B,adj,12,88,3,18,apc_s,-0.07781228356964259,-0.06663661112881297,0.030083226744063968,-0.11341504087501988,-0.08697517240397365,-0.06830281254183365,-0.0463212430854157,-0.01636660930345873,1.0035672989468685,1505.791586913927,0,6.2
L2,L2-03,core,300,0.0,-0.4,B,adj,12,88,3,18,bzC,-0.4,-0.6832547248445715,0.3162954060086185,-1.1926615660055238,-0.8840460383575612,-0.6864406244749653,-0.48686395427329576,-0.18296493953388016,1.0035672989468685,1505.791586913927,0,6.2
L2,L2-03,core,300,0.0,-0.4,B,adj,13,101,10,13,apc_z,-0.08021736612547889,-0.07319941901492256,0.029669119078036297,-0.12117834716477119,-0.09368377467694686,-0.07283786908682927,-0.05406318549840378,-0.0223902476497183,1.0032173876850072,1457.427382831997,0,6.2
L2,L2-03,core,300,0.0,-0.4,B,adj,13,101,10,13,apc_s,-0.07781228356964259,-0.08573727654940275,0.03228089853394887,-0.13875735183815713,-0.10752964100996154,-0.0860756302434528,-0.0656277748696606,-0.03248791511884558,1.0032173876850072,1457.427382831997,0,6.2
L2,L2-03,core,300,0.0,-0.4,B,adj,13,101,10,13,bzC,-0.4,-0.37325235041924826,0.2856971754320684,-0.8245966481917395,-0.5509094971478733,-0.3760618078489635,-0.2062004801856359,0.08257230551939701,1.0032173876850072,1457.427382831997,0,6.2
L2,L2-03,core,300,0.0,-0.4,B,adj,14,103,12,13,apc_z,-0.08021736612547889,-0.0981976260555845,0.029208008328819767,-0.14626911819974017,-0.11719054468438896,-0.0982044591146588,-0.07885157830975212,-0.04932807490641252,1.002798263758841,1513.2897413155351,0,6.2
L2,L2-03,core,300,0.0,-0.4,B,adj,14,103,12,13,apc_s,-0.07781228356964259,-0.04781311332226643,0.036421473904554455,-0.10844568070212211,-0.07173549223869251,-0.048985170356718774,-0.02244842938497299,0.01182927874904597,1.002798263758841,1513.2897413155351,0,6.2
L2,L2-03,core,300,0.0,-0.4,B,adj,14,103,12,13,bzC,-0.4,-0.6828569428368848,0.29713277272286176,-1.1487951213106793,-0.8624466359516261,-0.6885539358974779,-0.5079364100284606,-0.20583419984998472,1.002798263758841,1513.2897413155351,0,6.2
L2,L2-03,core,300,0.0,-0.4,B,adj,15,100,3,24,apc_z,-0.08021736612547889,-0.09951530673100945,0.02858075561044271,-0.14562529307588712,-0.1183079203472865,-0.09978591710534865,-0.07862598368095919,-0.05226836494228601,1.0033783253370587,1720.0717743237954,0,6.1
L2,L2-03,core,300,0.0,-0.4,B,adj,15,100,3,24,apc_s,-0.07781228356964259,-0.04598947959442196,0.03407281126676847,-0.10219815932004463,-0.06763246153034069,-0.04634376372397436,-0.022379329793763055,0.009406522494324892,1.0033783253370587,1720.0717743237954,0,6.1
L2,L2-03,core,300,0.0,-0.4,B,adj,15,100,3,24,bzC,-0.4,-0.6618241869092658,0.2693151595250406,-1.103470391022288,-0.8243455031266362,-0.6583472551414515,-0.48988715256125015,-0.2423016029335344,1.0033783253370587,1720.0717743237954,0,6.1
L2,L2-03,core,300,0.0,-0.4,B,adj,16,98,2,16,apc_z,-0.08021736612547889,-0.12147236264823656,0.028377714569490932,-0.166757187728422,-0.1410778572832077,-0.12192914037996848,-0.10134664967296682,-0.07631583630401723,1.0038312637494826,1536.9781233458234,0,6.3
L2,L2-03,core,300,0.0,-0.4,B,adj,16,98,2,16,apc_s,-0.07781228356964259,-0.07033730933234997,0.03553016967727713,-0.12771331691541066,-0.09386685312411816,-0.06958505518206387,-0.048823411128713946,-0.009736874440508716,1.0038312637494826,1536.9781233458234,0,6.3
L2,L2-03,core,300,0.0,-0.4,B,adj,16,98,2,16,bzC,-0.4,-0.7875613325604102,0.2735314652407086,-1.2459476136944003,-0.9578647554276803,-0.7793995549465693,-0.6139629086842237,-0.36243094030043155,1.0038312637494826,1536.9781233458234,0,6.3
L2,L2-03,core,300,0.0,-0.4,B,adj,17,99,5,17,apc_z,-0.08021736612547889,-0.13352507321471507,0.028361927899507342,-0.17916348098560766,-0.1529974250204678,-0.13455711213115942,-0.11483598672774123,-0.08950356956942812,1.0045713392499218,1429.984872627112,0,6.3
L2,L2-03,core,300,0.0,-0.4,B,adj,17,99,5,17,apc_s,-0.07781228356964259,-0.07044293491899044,0.03326834017232536,-0.12463973911324255,-0.09268659441899804,-0.07018757538610089,-0.04801494662790301,-0.017153134577147667,1.0045713392499218,1429.984872627112,0,6.3
L2,L2-03,core,300,0.0,-0.4,B,adj,17,99,5,17,bzC,-0.4,-0.9196760032853651,0.32727354331637026,-1.4408775713058304,-1.1216451157875578,-0.9166423160502801,-0.7200698865328877,-0.3948337824424299,1.0045713392499218,1429.984872627112,0,6.3
L2,L2-03,core,300,0.0,-0.4,B,adj,18,103,4,17,apc_z,-0.08021736612547889,-0.1400038679919758,0.027722440758403428,-0.18351052025941475,-0.15898124991274812,-0.14251643381215368,-0.12176885016948912,-0.09405545356467437,1.0029992761484512,1505.8389693786075,0,6.3
L2,L2-03,core,300,0.0,-0.4,B,adj,18,103,4,17,apc_s,-0.07781228356964259,-0.04422749720212891,0.03569874005712685,-0.10262379741685144,-0.06867243517832711,-0.0445951605151496,-0.020320689094355946,0.017794136744122915,1.0029992761484512,1505.8389693786075,0,6.3
L2,L2-03,core,300,0.0,-0.4,B,adj,18,103,4,17,bzC,-0.4,-0.8365633278757051,0.2998002932096822,-1.30458000644591,-1.0308753281010725,-0.84160848771349,-0.655681745628652,-0.3359718724530105,1.0029992761484512,1505.8389693786075,0,6.3
L2,L2-03,core,300,0.0,-0.4,B,adj,19,88,3,11,apc_z,-0.08021736612547889,-0.07796759713752645,0.027648456782582233,-0.12214096853067753,-0.09666371708872042,-0.07865913768623764,-0.0601243520389215,-0.03268683349201788,1.0040205173775514,1056.2714632250036,0,6.5
L2,L2-03,core,300,0.0,-0.4,B,adj,19,88,3,11,apc_s,-0.07781228356964259,-0.05126799137201715,0.03589227860257863,-0.111358265232893,-0.07458414067103347,-0.05078497345629407,-0.026477497178293348,0.0091744845919571,1.0040205173775514,1056.2714632250036,0,6.5
L2,L2-03,core,300,0.0,-0.4,B,adj,19,88,3,11,bzC,-0.4,-0.3425925919726731,0.395556357669265,-0.9613312938073185,-0.5972101225375002,-0.35516732290856257,-0.10288396098762478,0.31785995279317175,1.0040205173775514,1056.2714632250036,0,6.5
L2,L2-03,core,300,0.0,-0.4,B,adj,20,111,6,15,apc_z,-0.08021736612547889,-0.08805832901850139,0.0274854317892955,-0.1311025619627415,-0.10747101131931026,-0.08769973361085978,-0.06970288742058632,-0.04287412062264589,1.0023644895291697,1543.7005560339098,0,6.8
L2,L2-03,core,300,0.0,-0.4,B,adj,20,111,6,15,apc_s,-0.07781228356964259,-0.06598208056766248,0.03813461773445833,-0.12471747483819307,-0.09343552288423201,-0.06528817155046698,-0.04040445037057259,-0.0034073474779895345,1.0023644895291697,1543.7005560339098,0,6.8
L2,L2-03,core,300,0.0,-0.4,B,adj,20,111,6,15,bzC,-0.4,-0.4893596617094826,0.24334286024582133,-0.8817369531566752,-0.6331413750539989,-0.4862298761245988,-0.34453273681800783,-0.10129880431567707,1.0023644895291697,1543.7005560339098,0,6.8
L2,L2-03,core,300,0.0,-0.4,B,adj,21,92,4,12,apc_z,-0.08021736612547889,-0.136092720721425,0.027639854231944518,-0.1813832302159764,-0.1544423167947333,-0.13598186975624946,-0.11851314337724317,-0.09130605198102978,1.0027605153376187,1118.0163277865151,0,6.6
L2,L2-03,core,300,0.0,-0.4,B,adj,21,92,4,12,apc_s,-0.07781228356964259,-0.10710633367576866,0.03674162423669601,-0.16469853563186695,-0.13101724308388304,-0.10751188588257125,-0.08278961449737564,-0.04825867770142763,1.0027605153376187,1118.0163277865151,0,6.6
L2,L2-03,core,300,0.0,-0.4,B,adj,21,92,4,12,bzC,-0.4,-0.8445961533864816,0.31709424112000034,-1.3675781579087833,-1.0389459506781218,-0.8445313605941658,-0.6440954075024637,-0.3204124866957154,1.0027605153376187,1118.0163277865151,0,6.6
L2,L2-03,core,300,0.0,-0.4,B,adj,22,113,6,17,apc_z,-0.08021736612547889,-0.11616626965498182,0.03242925390865501,-0.16657647347377266,-0.1382516485339211,-0.11672707221968887,-0.09391412378722519,-0.06413509937802622,1.0024141248694478,967.5045706754375,0,6.9
L2,L2-03,core,300,0.0,-0.4,B,adj,22,113,6,17,apc_s,-0.07781228356964259,-0.11219479190006133,0.03659123505263913,-0.17304461222174217,-0.1369889531577071,-0.11091537461243328,-0.08745812407095738,-0.05451529646881193,1.0024141248694478,967.5045706754375,0,6.9
L2,L2-03,core,300,0.0,-0.4,B,adj,22,113,6,17,bzC,-0.4,-0.7065239403044771,0.300091403260157,-1.1701573870777051,-0.8981945059029938,-0.7089614114261014,-0.5265433711592689,-0.20616107941286024,1.0024141248694478,967.5045706754375,0,6.9
L2,L2-03,core,300,0.0,-0.4,B,adj,23,99,8,10,apc_z,-0.08021736612547889,-0.025631341697525734,0.03244957272775933,-0.07896363778962576,-0.04816958272978174,-0.025727854630313365,-0.0028264099079342016,0.027146039720708576,1.0057084419424043,1149.2487445508004,0,6.5
L2,L2-03,core,300,0.0,-0.4,B,adj,23,99,8,10,apc_s,-0.07781228356964259,-0.10405669235193932,0.03532944570745207,-0.1600203656349718,-0.12874576353880302,-0.10320024836037807,-0.08171918231668317,-0.04519068472447082,1.0057084419424043,1149.2487445508004,0,6.5
L2,L2-03,core,300,0.0,-0.4,B,adj,23,99,8,10,bzC,-0.4,-0.09262067946538965,0.29111377919826337,-0.5409544555970407,-0.27426521081188926,-0.10281327816039523,0.07820731531161562,0.39273542003660916,1.0057084419424043,1149.2487445508004,0,6.5
L2,L2-03,core,300,0.0,-0.4,B,adj,24,94,0,22,apc_z,-0.08021736612547889,-0.04237239361098118,0.028815302514265895,-0.08927193935642735,-0.06145012558411582,-0.04191359721884319,-0.024236930223317812,0.005212985381108474,1.0034524482720617,1135.1223547172358,0,6.9
L2,L2-03,core,300,0.0,-0.4,B,adj,24,94,0,22,apc_s,-0.07781228356964259,-0.11280214766502404,0.0292829861394157,-0.1602380711691366,-0.13277519231347273,-0.11250477015540958,-0.09277925776629126,-0.06342643958335864,1.0034524482720617,1135.1223547172358,0,6.9
L2,L2-03,core,300,0.0,-0.4,B,adj,24,94,0,22,bzC,-0.4,-0.2682781517339785,0.27722167712194534,-0.7152979265044481,-0.4393146914621937,-0.26777688821446755,-0.09639532132857802,0.1788885351888154,1.0034524482720617,1135.1223547172358,0,6.9
L2,L2-03,core,300,0.0,-0.4,B,adj,25,111,8,24,apc_z,-0.08021736612547889,-0.06410964115131068,0.028555095853659812,-0.11115761467079503,-0.08367707422820374,-0.06415421341670803,-0.04486099713092037,-0.017541440334109402,1.0026926505480913,1471.4849597905627,0,6.5
L2,L2-03,core,300,0.0,-0.4,B,adj,25,111,8,24,apc_s,-0.07781228356964259,-0.07615435901042782,0.03387324711384866,-0.13218845037410568,-0.09973564688200748,-0.07568506482789839,-0.05410421923784354,-0.020328301034758325,1.0026926505480913,1471.4849597905627,0,6.5
L2,L2-03,core,300,0.0,-0.4,B,adj,25,111,8,24,bzC,-0.4,-0.4810830392730984,0.26333618387031693,-0.9095805587316498,-0.636627992610322,-0.48125593928530586,-0.3308114156761309,-0.06671876633059945,1.0026926505480913,1471.4849597905627,0,6.5
L2,L2-03,core,300,0.0,-0.4,B,adj,26,98,4,14,apc_z,-0.08021736612547889,-0.08293298505721645,0.029038018170278113,-0.13088643456323729,-0.10301978924435758,-0.083013562531375,-0.06300537516348892,-0.03784151652880355,1.0043754006750276,1619.018939328518,0,7.7
L2,L2-03,core,300,0.0,-0.4,B,adj,26,98,4,14,apc_s,-0.07781228356964259,-0.06890695304905538,0.0378033043257713,-0.1300959243580422,-0.09439865433922032,-0.06901553345288527,-0.044005253954360446,-0.005570385265450042,1.0043754006750276,1619.018939328518,0,7.7
L2,L2-03,core,300,0.0,-0.4,B,adj,26,98,4,14,bzC,-0.4,-0.5866275586767034,0.2792024936126031,-1.0333441634148846,-0.7557005335226532,-0.5782709811991696,-0.41438608313141123,-0.1617862809956961,1.0043754006750276,1619.018939328518,0,7.7
L2,L2-03,core,300,0.0,-0.4,B,adj,27,91,10,17,apc_z,-0.08021736612547889,-0.06408340500701883,0.02606629634355602,-0.10542337452906336,-0.0816590586136215,-0.06408767672611185,-0.046855462582032034,-0.021451677519126255,1.0030673747112386,1477.8078899735742,0,6.0
L2,L2-03,core,300,0.0,-0.4,B,adj,27,91,10,17,apc_s,-0.07781228356964259,-0.08586471913437808,0.02942981731454211,-0.1354689724713478,-0.10426643368751841,-0.08612253902186695,-0.06671151504880005,-0.03610791137536245,1.0030673747112386,1477.8078899735742,0,6.0
L2,L2-03,core,300,0.0,-0.4,B,adj,27,91,10,17,bzC,-0.4,-0.4686062604222166,0.2723800180843734,-0.9257080347059222,-0.639020086067014,-0.4619651241912718,-0.29144547912303176,-0.044948163912863104,1.0030673747112386,1477.8078899735742,0,6.0
L2,L2-03,core,300,0.0,-0.4,B,adj,28,96,8,10,apc_z,-0.08021736612547889,-0.09977890016921705,0.028251870915454176,-0.14424810627128518,-0.11986327391663111,-0.10002742933253833,-0.08181417461859386,-0.05079094569693067,1.002486156376222,1272.349075827079,0,6.2
L2,L2-03,core,300,0.0,-0.4,B,adj,28,96,8,10,apc_s,-0.07781228356964259,-0.09346486943816447,0.036202996609537436,-0.1520049235768015,-0.12009955048193525,-0.09224835642826462,-0.06846115336429709,-0.030452488284211716,1.002486156376222,1272.349075827079,0,6.2
L2,L2-03,core,300,0.0,-0.4,B,adj,28,96,8,10,bzC,-0.4,-0.6381309507950234,0.32029209523993546,-1.1574371905488308,-0.8379832556660074,-0.6414506800105829,-0.4450562459199303,-0.11152893744885875,1.002486156376222,1272.349075827079,0,6.2
L2,L2-03,core,300,0.0,-0.4,B,adj,29,95,4,21,apc_z,-0.08021736612547889,-0.08181110204952165,0.030671097367484322,-0.13044638079366222,-0.10180228644141025,-0.08301031355072055,-0.061361797710351745,-0.02895759040876213,1.005295408426466,1400.3655461992585,0,6.4
L2,L2-03,core,300,0.0,-0.4,B,adj,29,95,4,21,apc_s,-0.07781228356964259,-0.07551770680058206,0.033865398424013524,-0.12981237148109542,-0.10001758170254332,-0.07446757344078682,-0.05286899278193513,-0.01902939555974906,1.005295408426466,1400.3655461992585,0,6.4
L2,L2-03,core,300,0.0,-0.4,B,adj,29,95,4,21,bzC,-0.4,-0.5157238317424492,0.28804973615652796,-0.9794765777082719,-0.6949616770108626,-0.5242361007971872,-0.33589747440545764,-0.03113130982319053,1.005295408426466,1400.3655461992585,0,6.4
L2,L2-03,core,300,0.0,-0.4,B,adj,30,94,5,14,apc_z,-0.08021736612547889,-0.03165815880813072,0.02848884912840165,-0.07716947529237067,-0.04981380951820692,-0.03127747937780596,-0.013191230335932676,0.014183658550538249,1.0017914300865223,1379.9335959284508,0,6.2
L2,L2-03,core,300,0.0,-0.4,B,adj,30,94,5,14,apc_s,-0.07781228356964259,-0.041575150224789824,0.033982466880777835,-0.0956489075635323,-0.06639282538687366,-0.04189515770819292,-0.01936136170131034,0.013960858934713086,1.0017914300865223,1379.9335959284508,0,6.2
L2,L2-03,core,300,0.0,-0.4,B,adj,30,94,5,14,bzC,-0.4,-0.1787653704767598,0.2742182150686472,-0.5883831936472854,-0.35240934983992284,-0.19134412851607469,-0.02869290037029329,0.2924090062677603,1.0017914300865223,1379.9335959284508,0,6.2
L2,L2-03,core,300,0.0,-0.4,B,adj,31,99,8,10,apc_z,-0.08021736612547889,-0.05476169148936703,0.02891317211127261,-0.10444848796593391,-0.0739897726561213,-0.05410872798835503,-0.03521141559143294,-0.007353471209550872,1.0029509950268125,1567.9028451266263,0,7.4
L2,L2-03,core,300,0.0,-0.4,B,adj,31,99,8,10,apc_s,-0.07781228356964259,-0.08097310136947534,0.037406079405367255,-0.14288588162198787,-0.10617398784448612,-0.08205914123223167,-0.055910654384071,-0.02234668159228121,1.0029509950268125,1567.9028451266263,0,7.4
L2,L2-03,core,300,0.0,-0.4,B,adj,31,99,8,10,bzC,-0.4,-0.3924284051769048,0.26013446477010915,-0.8125819347807947,-0.5452978191164878,-0.39244153815582283,-0.23635994040804464,0.02311535316570956,1.0029509950268125,1567.9028451266263,0,7.4
L2,L2-03,core,300,0.0,-0.4,B,adj,32,92,1,16,apc_z,-0.08021736612547889,-0.058811390069957226,0.029102907471530045,-0.10533070839537798,-0.07870526860777577,-0.05967872977984616,-0.038944291321275665,-0.0084277257975264,1.0039357848754216,1411.0118118341277,0,6.1
L2,L2-03,core,300,0.0,-0.4,B,adj,32,92,1,16,apc_s,-0.07781228356964259,-0.07564309853220981,0.03652017775182855,-0.13486740875540904,-0.10030653266149978,-0.07335788390431017,-0.05097247730890427,-0.01752225130470705,1.0039357848754216,1411.0118118341277,0,6.1
L2,L2-03,core,300,0.0,-0.4,B,adj,32,92,1,16,bzC,-0.4,-0.35511297030501143,0.29986617871601196,-0.7960001454288038,-0.536900583471121,-0.3640448509152924,-0.18876834759872627,0.13221118353928665,1.0039357848754216,1411.0118118341277,0,6.1
L2,L2-03,core,300,0.0,-0.4,B,adj,33,108,5,11,apc_z,-0.08021736612547889,-0.12575190779707196,0.029796801663687412,-0.17419659447111668,-0.14668697690756632,-0.12555652426617014,-0.10633091578188664,-0.07458007367086272,1.003655275120283,1319.5552300388722,0,6.5
L2,L2-03,core,300,0.0,-0.4,B,adj,33,108,5,11,apc_s,-0.07781228356964259,-0.10451003997691975,0.03920991000015381,-0.16918119720306288,-0.12904413503045092,-0.10457932577290943,-0.0787726070895846,-0.03947648497244234,1.003655275120283,1319.5552300388722,0,6.5
L2,L2-03,core,300,0.0,-0.4,B,adj,33,108,5,11,bzC,-0.4,-0.7663441911981055,0.266828525852678,-1.2116872342272644,-0.9296805772077514,-0.7626175492192693,-0.5944460949828558,-0.3645433130373849,1.003655275120283,1319.5552300388722,0,6.5
L2,L2-03,core,300,0.0,-0.4,B,adj,34,109,6,19,apc_z,-0.08021736612547889,-0.04687525738722891,0.030669937648381725,-0.09475288755096976,-0.06777698238325608,-0.04795452599716017,-0.027203446983997175,0.005331010567662981,1.0042203802638447,1148.1664345917532,0,6.9
L2,L2-03,core,300,0.0,-0.4,B,adj,34,109,6,19,apc_s,-0.07781228356964259,-0.0850601239577652,0.03560827182878684,-0.14410736483152256,-0.10788584604011489,-0.08475597272402238,-0.05979160167830475,-0.028696168962937807,1.0042203802638447,1148.1664345917532,0,6.9
L2,L2-03,core,300,0.0,-0.4,B,adj,34,109,6,19,bzC,-0.4,-0.34511304073753685,0.27364380590604714,-0.793848822655887,-0.5075373553162483,-0.3409336547352896,-0.1814059523195958,0.08696827317198974,1.0042203802638447,1148.1664345917532,0,6.9
L2,L2-03,core,300,0.0,-0.4,B,adj,35,105,8,16,apc_z,-0.08021736612547889,-0.05459328958886127,0.02867875316208344,-0.1014517559916994,-0.07377483289365323,-0.05491712041975862,-0.03744882080593546,-0.00702425857626783,1.0021565244436983,1447.9258859244349,0,7.0
L2,L2-03,core,300,0.0,-0.4,B,adj,35,105,8,16,apc_s,-0.07781228356964259,-0.037077428370952376,0.03352829936093143,-0.09345389983419797,-0.05928589014211287,-0.03566656481281679,-0.014727366713198837,0.01649173044066712,1.0021565244436983,1447.9258859244349,0,7.0
L2,L2-03,core,300,0.0,-0.4,B,adj,35,105,8,16,bzC,-0.4,-0.30828126575821646,0.25868847940488815,-0.6984579365311118,-0.46908289808489795,-0.3156060170908915,-0.15540542530734358,0.11220834402008951,1.0021565244436983,1447.9258859244349,0,7.0
L2,L2-03,core,300,0.0,-0.4,B,adj,36,90,7,14,apc_z,-0.08021736612547889,-0.08780001133560121,0.02948483631177448,-0.13546420059825245,-0.10926600336845599,-0.08706451578134328,-0.06647686018377845,-0.04060134461696525,1.0064266683019687,1119.7246311471836,0,6.6
L2,L2-03,core,300,0.0,-0.4,B,adj,36,90,7,14,apc_s,-0.07781228356964259,-0.10909220124267968,0.031138163158177773,-0.16096983482319238,-0.12971986039206262,-0.10898019280801459,-0.08819022338553067,-0.05902632351407087,1.0064266683019687,1119.7246311471836,0,6.6
L2,L2-03,core,300,0.0,-0.4,B,adj,36,90,7,14,bzC,-0.4,-0.6874420051061643,0.307083264098173,-1.2101599250658013,-0.8677898550696096,-0.6719508285429654,-0.4881942057276579,-0.21580987545583918,1.0064266683019687,1119.7246311471836,0,6.6
L2,L2-03,core,300,0.0,-0.4,B,adj,37,90,6,14,apc_z,-0.08021736612547889,-0.07488117760706703,0.028194115674687634,-0.12021013611951123,-0.094140974604869,-0.07509163291678597,-0.056611431211332434,-0.027206865621423448,1.0023116126736253,1266.4880904221598,0,7.1
L2,L2-03,core,300,0.0,-0.4,B,adj,37,90,6,14,apc_s,-0.07781228356964259,-0.0757784788923316,0.03203186160523737,-0.12563175765303342,-0.098252244980983,-0.07624786032270252,-0.05450839345154211,-0.020111192508782166,1.0023116126736253,1266.4880904221598,0,7.1
L2,L2-03,core,300,0.0,-0.4,B,adj,37,90,6,14,bzC,-0.4,-0.5944682744342353,0.28125953182340974,-1.0576125766297337,-0.7713978428252553,-0.5910791600158118,-0.41947778649129314,-0.15011819996281656,1.0023116126736253,1266.4880904221598,0,7.1
L2,L2-03,core,300,0.0,-0.4,B,adj,38,88,7,15,apc_z,-0.08021736612547889,-0.00714689833293794,0.028612851819286918,-0.054795458466800846,-0.02660419694681769,-0.007601766430502827,0.011985702620825038,0.04084988226390636,1.0028260712277155,1566.7067997049437,0,7.1
L2,L2-03,core,300,0.0,-0.4,B,adj,38,88,7,15,apc_s,-0.07781228356964259,-0.010749557760527854,0.03556426859893282,-0.06714541830157855,-0.03381447769039339,-0.011593749404309177,0.011431749222334418,0.04920259318236128,1.0028260712277155,1566.7067997049437,0,7.1
L2,L2-03,core,300,0.0,-0.4,B,adj,38,88,7,15,bzC,-0.4,-0.08706513671368987,0.26341646043940725,-0.5053825903316503,-0.24231261756981737,-0.09146171814712878,0.06770385539577858,0.33148144902194215,1.0028260712277155,1566.7067997049437,0,7.1
L2,L2-03,core,300,0.0,-0.4,B,adj,39,86,4,10,apc_z,-0.08021736612547889,-0.114917665378815,0.028541768115945148,-0.1621303987776981,-0.13404005643568778,-0.11427813442224566,-0.0962537225566443,-0.06806308027613776,1.0015672743505035,1501.6302485647884,0,7.2
L2,L2-03,core,300,0.0,-0.4,B,adj,39,86,4,10,apc_s,-0.07781228356964259,-0.08976184902254827,0.03455290633063843,-0.14553427287817508,-0.11398789488834982,-0.08932024817166684,-0.06684017370345467,-0.03254286303719406,1.0015672743505035,1501.6302485647884,0,7.2
L2,L2-03,core,300,0.0,-0.4,B,adj,39,86,4,10,bzC,-0.4,-0.8792991475113472,0.31604539561379164,-1.3919153382264382,-1.0747218315985114,-0.8777091162054418,-0.6770013195678315,-0.369049655467586,1.0015672743505035,1501.6302485647884,0,7.2
L2,L2-03,core,300,0.0,-0.4,B,adj,40,88,7,7,apc_z,-0.08021736612547889,-0.10078010710315667,0.02725359756485884,-0.14275954397895244,-0.119360562973426,-0.10181466717323022,-0.08220718180718163,-0.05523713520791043,1.0032192558976882,1380.9252380494622,0,6.9
L2,L2-03,core,300,0.0,-0.4,B,adj,40,88,7,7,apc_s,-0.07781228356964259,-0.07416770436397183,0.03518079224785142,-0.13264642839107482,-0.09809979124017136,-0.07281111185985037,-0.05014491041083321,-0.015329442687233649,1.0032192558976882,1380.9252380494622,0,6.9
L2,L2-03,core,300,0.0,-0.4,B,adj,40,88,7,7,bzC,-0.4,-0.6658163724305467,0.3648901981495265,-1.2436392221873191,-0.8947109724550173,-0.6692711161218481,-0.43971547689623036,-0.07269681213770146,1.0032192558976882,1380.9252380494622,0,6.9
L2,L2-03,core,300,0.0,-0.4,B,adj,41,92,11,20,apc_z,-0.08021736612547889,-0.09732397457960859,0.026331372037187443,-0.13868119621804023,-0.11581206492085587,-0.09707659244091532,-0.08024672894116774,-0.05271722733982904,1.003654004405203,1081.1126917545992,0,6.6
L2,L2-03,core,300,0.0,-0.4,B,adj,41,92,11,20,apc_s,-0.07781228356964259,-0.08406576555970773,0.029539969475649897,-0.13166681591959198,-0.10547301797916835,-0.08288983353983076,-0.0639929688449414,-0.03774460472684188,1.003654004405203,1081.1126917545992,0,6.6
L2,L2-03,core,300,0.0,-0.4,B,adj,41,92,11,20,bzC,-0.4,-0.7658525884475107,0.29305647977164384,-1.234999955031396,-0.9517501862208927,-0.7645578339269202,-0.5873989680407128,-0.2844237017203455,1.003654004405203,1081.1126917545992,0,6.6
L2,L2-03,core,300,0.0,-0.4,B,adj,42,101,7,19,apc_z,-0.08021736612547889,-0.04563492218447509,0.032077191279193354,-0.09706555663656062,-0.06660431455179416,-0.046815638403634174,-0.023362279838119844,0.007559124599177925,1.0012273514834253,1228.3609887025948,0,6.3
L2,L2-03,core,300,0.0,-0.4,B,adj,42,101,7,19,apc_s,-0.07781228356964259,-0.09682657420506835,0.03498030216217929,-0.15421934129166293,-0.11989398418553941,-0.09637310338128213,-0.07373908839665584,-0.03845362190063177,1.0012273514834253,1228.3609887025948,0,6.3
L2,L2-03,core,300,0.0,-0.4,B,adj,42,101,7,19,bzC,-0.4,-0.3399338927267653,0.2838101483712447,-0.801799328593691,-0.5092649364175194,-0.33813191373510465,-0.16149348671443903,0.1194469695239579,1.0012273514834253,1228.3609887025948,0,6.3
L2,L2-03,core,300,0.0,-0.4,B,adj,43,97,3,14,apc_z,-0.08021736612547889,-0.025138386025369903,0.02902269262616463,-0.07320651225067731,-0.04449632630435438,-0.024739672704592194,-0.005831004616983713,0.02348019412964447,1.0020819833086232,1563.5739238452304,0,6.3
L2,L2-03,core,300,0.0,-0.4,B,adj,43,97,3,14,apc_s,-0.07781228356964259,-0.053851673002724025,0.036689999796219036,-0.11216640657892785,-0.07966946468817561,-0.05430787313559775,-0.027486381606260147,0.005358070076451754,1.0020819833086232,1563.5739238452304,0,6.3
L2,L2-03,core,300,0.0,-0.4,B,adj,43,97,3,14,bzC,-0.4,-0.07315312618160578,0.2611570219989231,-0.47211715461743164,-0.2285301123372201,-0.08627836529610147,0.06517710075259645,0.3721356523127842,1.0020819833086232,1563.5739238452304,0,6.3
L2,L2-03,core,300,0.0,-0.4,B,adj,44,85,4,13,apc_z,-0.08021736612547889,-0.09065247217761103,0.025225481207001695,-0.13396890130371578,-0.10731532257453258,-0.09069289332356706,-0.07409899064162843,-0.04906940729816843,1.002726896418281,1615.7974334292073,0,6.5
L2,L2-03,core,300,0.0,-0.4,B,adj,44,85,4,13,apc_s,-0.07781228356964259,-0.051402731414179566,0.033212894305482035,-0.10507805056556664,-0.07309441480287443,-0.05207186746247598,-0.03120039817267208,0.005996386118233352,1.002726896418281,1615.7974334292073,0,6.5
L2,L2-03,core,300,0.0,-0.4,B,adj,44,85,4,13,bzC,-0.4,-0.5800249519788532,0.2804870766365403,-1.0261157014886382,-0.745613885521992,-0.5740954582925011,-0.4111631103105399,-0.15495150469567096,1.002726896418281,1615.7974334292073,0,6.5
L2,L2-03,core,300,0.0,-0.4,B,adj,45,105,9,11,apc_z,-0.08021736612547889,-0.09447236740644499,0.03116012329083598,-0.14480275967164752,-0.11592879522663094,-0.09485500217694373,-0.07249605627003769,-0.04381764675481133,1.001586577600026,1440.1140327358164,0,6.6
L2,L2-03,core,300,0.0,-0.4,B,adj,45,105,9,11,apc_s,-0.07781228356964259,-0.078292549587705,0.034293699917756305,-0.1347120666309812,-0.10225528072069079,-0.07780903534965125,-0.055256503198134174,-0.023978844876521698,1.001586577600026,1440.1140327358164,0,6.6
L2,L2-03,core,300,0.0,-0.4,B,adj,45,105,9,11,bzC,-0.4,-0.466825725455196,0.30633575687184184,-0.9549398439972894,-0.659650211187068,-0.47416448008022555,-0.27996851772505693,0.045041393298459485,1.001586577600026,1440.1140327358164,0,6.6
L2,L2-03,core,300,0.0,-0.4,B,adj,46,85,6,13,apc_z,-0.08021736612547889,-0.11872835666419261,0.028365572602475273,-0.16493354727795742,-0.13718108541752297,-0.11809317982646718,-0.10052747954276876,-0.07086933340646412,1.005074883135696,1030.1280759106141,0,6.6
L2,L2-03,core,300,0.0,-0.4,B,adj,46,85,6,13,apc_s,-0.07781228356964259,-0.021003784663185573,0.03243973593598175,-0.0727280278196295,-0.043885526705038994,-0.020533146947593575,0.0015837817983022254,0.030804319733353226,1.005074883135696,1030.1280759106141,0,6.6
L2,L2-03,core,300,0.0,-0.4,B,adj,46,85,6,13,bzC,-0.4,-0.7195120551533876,0.36103349649168537,-1.281460343604002,-0.9371440123669534,-0.7338392242832995,-0.5002174644913613,-0.12665824622495495,1.005074883135696,1030.1280759106141,0,6.6
L2,L2-03,core,300,0.0,-0.4,B,adj,47,94,3,21,apc_z,-0.08021736612547889,-0.15057285584887994,0.027711072620823354,-0.194765932953477,-0.16926614117768377,-0.15103761058622356,-0.13329328887098338,-0.10185713747396817,1.0028785483768314,1705.4538135049834,0,6.2
L2,L2-03,core,300,0.0,-0.4,B,adj,47,94,3,21,apc_s,-0.07781228356964259,0.010017761963309666,0.031629684638018844,-0.04091254426774041,-0.012275814152004681,0.010232362231760942,0.03126602067057555,0.060341250465983536,1.0028785483768314,1705.4538135049834,0,6.2
L2,L2-03,core,300,0.0,-0.4,B,adj,47,94,3,21,bzC,-0.4,-1.1326947208428604,0.30018609431139354,-1.6208880652957038,-1.3222996527265634,-1.1310653044499803,-0.941669832131747,-0.6720423119758321,1.0028785483768314,1705.4538135049834,0,6.2
L2,L2-03,core,300,0.0,-0.4,B,adj,48,91,3,12,apc_z,-0.08021736612547889,-0.08876174114487484,0.02935515468558701,-0.14015864115823054,-0.10846985599509361,-0.0880716431253819,-0.06855519510039253,-0.0417664075316158,1.001727034528703,1299.5369754531123,0,6.3
L2,L2-03,core,300,0.0,-0.4,B,adj,48,91,3,12,apc_s,-0.07781228356964259,-0.10736599011381284,0.03394325738056904,-0.16498208330416422,-0.12793789168923486,-0.10798483571641021,-0.08516015845784755,-0.051482169664900795,1.001727034528703,1299.5369754531123,0,6.3
L2,L2-03,core,300,0.0,-0.4,B,adj,48,91,3,12,bzC,-0.4,-0.6522904412774333,0.3294402533175817,-1.174492095845092,-0.8439418165492546,-0.6546378273911218,-0.4572808399210412,-0.11653277736879186,1.001727034528703,1299.5369754531123,0,6.3
L2,L2-03,core,300,0.0,-0.4,B,adj,49,94,7,6,apc_z,-0.08021736612547889,-0.04404293241715467,0.02877159597693754,-0.09007214389280141,-0.06272127869575225,-0.04481725576518576,-0.025085769071632773,0.004503161770113982,1.0035619168814558,1559.6138140567007,0,6.4
L2,L2-03,core,300,0.0,-0.4,B,adj,49,94,7,6,apc_s,-0.07781228356964259,-0.06596719807891484,0.03655487053197996,-0.12790357433539978,-0.08916956059387868,-0.06570538632511597,-0.043150125277779255,-0.006287807098924011,1.0035619168814558,1559.6138140567007,0,6.4
L2,L2-03,core,300,0.0,-0.4,B,adj,49,94,7,6,bzC,-0.4,-0.21509827420908043,0.3105695807384659,-0.7005485555475002,-0.4079065062349815,-0.21954865864374812,-0.03157720855394451,0.29055591435526407,1.0035619168814558,1559.6138140567007,0,6.4
L2,L2-03,core,300,0.0,-0.4,B,adj,50,89,3,10,apc_z,-0.08021736612547889,-0.03862436700118716,0.0303328182623954,-0.08734497434552575,-0.059333494610906194,-0.038293888484278296,-0.017916297042703134,0.012239785941327538,1.0022509151995083,1297.353800971299,0,6.3
L2,L2-03,core,300,0.0,-0.4,B,adj,50,89,3,10,apc_s,-0.07781228356964259,-0.08561629012511515,0.034319760577335545,-0.1420895506498293,-0.10700255982869733,-0.0847543111411851,-0.06143041147041025,-0.033236380297163984,1.0022509151995083,1297.353800971299,0,6.3
L2,L2-03,core,300,0.0,-0.4,B,adj,50,89,3,10,bzC,-0.4,-0.18108669610540362,0.27259916379366994,-0.6211403550693624,-0.34346434403194603,-0.18394690263504454,-0.017538868821380733,0.25937343982990485,1.0022509151995083,1297.353800971299,0,6.3
L2,L2-03,core,300,0.0,-0.4,B,adj,51,82,9,17,apc_z,-0.08021736612547889,-0.028128228056892142,0.028329972896062074,-0.07435889996681334,-0.04711394972913856,-0.028161017460718477,-0.008680223501114661,0.01791213379440636,1.0025982770861122,976.751027853866,0,6.3
L2,L2-03,core,300,0.0,-0.4,B,adj,51,82,9,17,apc_s,-0.07781228356964259,-0.07883826705843064,0.030385006117286298,-0.12760520628405822,-0.10030516594416267,-0.0780295115749701,-0.05828083158799085,-0.029396965133028006,1.0025982770861122,976.751027853866,0,6.3
L2,L2-03,core,300,0.0,-0.4,B,adj,51,82,9,17,bzC,-0.4,-0.14993613865007943,0.39126411638171277,-0.7482760340675847,-0.39220832227678737,-0.1755650726874525,0.07509510384188539,0.4976191276969199,1.0025982770861122,976.751027853866,0,6.3
L2,L2-03,core,300,0.0,-0.4,B,adj,52,88,6,14,apc_z,-0.08021736612547889,-0.042841640505620886,0.02699941024514081,-0.08807893865020272,-0.05998477416605617,-0.04247794041669431,-0.024531940018246746,0.000652620593270901,1.0035711518021004,1588.0433850129705,0,6.5
L2,L2-03,core,300,0.0,-0.4,B,adj,52,88,6,14,apc_s,-0.07781228356964259,-0.06662739609289259,0.031926570989196705,-0.11897850027475264,-0.08796009909921576,-0.06819907653962032,-0.04349345619616192,-0.013206020107611335,1.0035711518021004,1588.0433850129705,0,6.5
L2,L2-03,core,300,0.0,-0.4,B,adj,52,88,6,14,bzC,-0.4,-0.2771833335836141,0.25689181611278794,-0.6899234395749549,-0.4353339852053724,-0.2746428641033445,-0.12026617732000053,0.13624779072615117,1.0035711518021004,1588.0433850129705,0,6.5
L2,L2-03,core,300,0.0,-0.4,B,adj,53,91,5,15,apc_z,-0.08021736612547889,-0.06007529294150864,0.028770542120793517,-0.10715124296502833,-0.08022722453123887,-0.059858454608713335,-0.04001334077306231,-0.014586703594323737,1.0011170217722707,1333.3585533436558,0,6.6
L2,L2-03,core,300,0.0,-0.4,B,adj,53,91,5,15,apc_s,-0.07781228356964259,-0.05156831000910432,0.034574341867811345,-0.10953553458159308,-0.07552343494472005,-0.051229359892473555,-0.02837363983881203,0.004883024510884038,1.0011170217722707,1333.3585533436558,0,6.6
L2,L2-03,core,300,0.0,-0.4,B,adj,53,91,5,15,bzC,-0.4,-0.2986577006128168,0.27640864667953063,-0.7340483942871361,-0.4653985495428577,-0.3018022321504654,-0.14170667242008186,0.1583661378038279,1.0011170217722707,1333.3585533436558,0,6.6
L2,L2-03,core,300,0.0,-0.4,B,adj,54,92,4,17,apc_z,-0.08021736612547889,-0.08501392533354032,0.03010012367012813,-0.13367671807731665,-0.10388725523522718,-0.08512788278365394,-0.06403018739347224,-0.03690272798887615,1.0058216461223408,887.6801144096626,0,6.4
L2,L2-03,core,300,0.0,-0.4,B,adj,54,92,4,17,apc_s,-0.07781228356964259,-0.14206688681249244,0.03074406475586455,-0.19121892395652598,-0.1643300360930959,-0.141250366300406,-0.12087634974537813,-0.0926590043778269,1.0058216461223408,887.6801144096626,0,6.4
L2,L2-03,core,300,0.0,-0.4,B,adj,54,92,4,17,bzC,-0.4,-0.6938804932492385,0.3043729564277585,-1.2077802098978767,-0.8812930783816446,-0.6785606011540541,-0.49185098254390436,-0.22904755767370188,1.0058216461223408,887.6801144096626,0,6.4
L2,L2-03,core,300,0.0,-0.4,B,adj,55,91,5,17,apc_z,-0.08021736612547889,-0.10108955355641593,0.02910316999556659,-0.1469228495991079,-0.12102142275517505,-0.101297493711482,-0.08190836840073373,-0.051064910329114976,1.0031445313373144,1158.3075563552475,0,6.2
L2,L2-03,core,300,0.0,-0.4,B,adj,55,91,5,17,apc_s,-0.07781228356964259,-0.017322661877308913,0.03371810975062466,-0.06963986612625149,-0.04117889887610257,-0.018573950468515933,0.005707619226805034,0.037285513138914754,1.0031445313373144,1158.3075563552475,0,6.2
L2,L2-03,core,300,0.0,-0.4,B,adj,55,91,5,17,bzC,-0.4,-0.697386189788517,0.32695629733040654,-1.2392749514622634,-0.8859156926734906,-0.6917609964574076,-0.49992564534468514,-0.19952323240090303,1.0031445313373144,1158.3075563552475,0,6.2
L2,L2-03,core,300,0.0,-0.4,B,adj,56,103,10,14,apc_z,-0.08021736612547889,-0.08308106697787901,0.030263121182257664,-0.1318953389645347,-0.10334792169118799,-0.08217189881230341,-0.06406108791259374,-0.033886698392737336,1.0050172952160978,1436.0306154903317,0,6.2
L2,L2-03,core,300,0.0,-0.4,B,adj,56,103,10,14,apc_s,-0.07781228356964259,-0.05227142784638767,0.03707110906220143,-0.11535242214871275,-0.07725589771367058,-0.05269474102143157,-0.028071023074528374,0.008612705063363119,1.0050172952160978,1436.0306154903317,0,6.2
L2,L2-03,core,300,0.0,-0.4,B,adj,56,103,10,14,bzC,-0.4,-0.4371827540613232,0.28414540859797943,-0.883462753567955,-0.6075694863536525,-0.44848576080724367,-0.27435920294360944,0.033255213630835063,1.0050172952160978,1436.0306154903317,0,6.2
L2,L2-03,core,300,0.0,-0.4,B,adj,57,102,8,13,apc_z,-0.08021736612547889,-0.049583812431116474,0.02949310595210561,-0.09565291874030908,-0.06984449602247444,-0.049228718101858006,-0.030203482610702014,-0.0010757036219629823,1.0037102920203222,1356.3177204202145,0,6.0
L2,L2-03,core,300,0.0,-0.4,B,adj,57,102,8,13,apc_s,-0.07781228356964259,-0.028279062658487307,0.03493405164804874,-0.0854170014997481,-0.052463048772120116,-0.027365312360693932,-0.004525280442900205,0.028461790037637068,1.0037102920203222,1356.3177204202145,0,6.0
L2,L2-03,core,300,0.0,-0.4,B,adj,57,102,8,13,bzC,-0.4,-0.3528662434660739,0.2830281074423323,-0.8165494378726175,-0.5086489481452416,-0.34263465124234005,-0.18453733525421223,0.0756961686500574,1.0037102920203222,1356.3177204202145,0,6.0
L2,L2-03,core,300,0.0,-0.4,B,adj,58,82,4,12,apc_z,-0.08021736612547889,-0.09552158314753523,0.029491864354643516,-0.14194050040393874,-0.11585505482784926,-0.09588768581633283,-0.07586996673794164,-0.042213599942255105,1.0031939155364342,1172.4836499160267,0,6.2
L2,L2-03,core,300,0.0,-0.4,B,adj,58,82,4,12,apc_s,-0.07781228356964259,-0.0752521983572247,0.033652807785963926,-0.12846490203539399,-0.09877159221375777,-0.07535462063804768,-0.05302611925000861,-0.021783608837999187,1.0031939155364342,1172.4836499160267,0,6.2
L2,L2-03,core,300,0.0,-0.4,B,adj,58,82,4,12,bzC,-0.4,-0.5236900845107032,0.3458520822701053,-1.0688144887038853,-0.7458193776348828,-0.5328911046749545,-0.3177522474970501,0.0382613248569078,1.0031939155364342,1172.4836499160267,0,6.2
L2,L2-03,core,300,0.0,-0.4,B,adj,59,95,4,19,apc_z,-0.08021736612547889,-0.05458024846311168,0.029573921958374622,-0.10274780199983721,-0.07507315586062235,-0.05476884101507993,-0.0351077295166571,-0.005552579843510429,1.0034687189768439,1387.3508857327681,0,6.2
L2,L2-03,core,300,0.0,-0.4,B,adj,59,95,4,19,apc_s,-0.07781228356964259,0.02155916307440283,0.03316623365537001,-0.033761193209852026,-0.001063232259814095,0.021121303426786454,0.04508185202158875,0.07425159643323798,1.0034687189768439,1387.3508857327681,0,6.2
L2,L2-03,core,300,0.0,-0.4,B,adj,59,95,4,19,bzC,-0.4,-0.4192694694109505,0.2887250199039882,-0.8725781520510174,-0.6027757140794021,-0.423700319492228,-0.24549645045483554,0.037262981967306784,1.0034687189768439,1387.3508857327681,0,6.2
L2,L2-04,core,300,-0.5,0.0,A,adj,0,93,6,14,apc_z,0.0,-0.06314645889454396,0.04284693015425086,-0.13178434686293483,-0.09131599240602388,-0.06218389086351969,-0.03491877100680823,0.004716026020984429,1.0039301280004358,640.9297998669444,0,6.0
L2,L2-04,core,300,-0.5,0.0,A,adj,0,93,6,14,apc_s,-0.07859525047977425,-0.16797766770409298,0.044441468728424464,-0.2433041662279469,-0.19726431011022216,-0.16699715824531214,-0.13902274542076026,-0.09704476910871077,1.0039301280004358,640.9297998669444,0,6.0
L2,L2-04,core,300,-0.5,0.0,A,adj,0,93,6,14,bzC,0.0,-0.5021565706862084,0.4042873310928114,-1.2081696910692383,-0.7434631295791747,-0.48319320890324785,-0.22680425488634803,0.10539214477599274,1.0039301280004358,640.9297998669444,0,6.0
L2,L2-04,core,300,-0.5,0.0,A,adj,1,101,3,16,apc_z,0.0,0.022604158677049426,0.04386768199382078,-0.045559095203858375,-0.0073362498484646765,0.021451273658077433,0.051862655862757165,0.09245894524755414,1.0023256028781875,1003.2322598289046,0,6.2
L2,L2-04,core,300,-0.5,0.0,A,adj,1,101,3,16,apc_s,-0.07859525047977425,-0.03711325676228488,0.05345391393831331,-0.1238231439756385,-0.07229392106152419,-0.03869248367528003,-0.0009577158145772197,0.05293633224902514,1.0023256028781875,1003.2322598289046,0,6.2
L2,L2-04,core,300,-0.5,0.0,A,adj,1,101,3,16,bzC,0.0,0.12744125063482478,0.32984707439388045,-0.407063010999612,-0.07065175952340133,0.1333672641193093,0.33104771012769807,0.6486548134728392,1.0023256028781875,1003.2322598289046,0,6.2
L2,L2-04,core,300,-0.5,0.0,A,adj,2,105,5,15,apc_z,0.0,-0.027537734035040486,0.040764995296711015,-0.09531005641657234,-0.054531966739833564,-0.026841477746440294,0.00035094620089889375,0.037190954825602626,1.0047407750310706,778.1605273085544,0,6.4
L2,L2-04,core,300,-0.5,0.0,A,adj,2,105,5,15,apc_s,-0.07859525047977425,-0.1574895029082925,0.045978732452966777,-0.23294398355996773,-0.1898682627880566,-0.1568511087277662,-0.12485369728719024,-0.08544560128567305,1.0047407750310706,778.1605273085544,0,6.4
L2,L2-04,core,300,-0.5,0.0,A,adj,2,105,5,15,bzC,0.0,-0.23415618421423534,0.3318380515791955,-0.7953726444992243,-0.4395770905512767,-0.22058694024677938,-0.011056524793926263,0.2690765276626011,1.0047407750310706,778.1605273085544,0,6.4
L2,L2-04,core,300,-0.5,0.0,A,adj,3,95,8,12,apc_z,0.0,0.013283515671101856,0.03869473899119832,-0.04874991880184767,-0.012360711279886258,0.012613832631519988,0.03899536837785375,0.07775581872751773,1.003255142864816,1333.8274879438295,0,6.6
L2,L2-04,core,300,-0.5,0.0,A,adj,3,95,8,12,apc_s,-0.07859525047977425,-0.048349105732001095,0.04503048886680141,-0.12410544818267458,-0.0776334510982637,-0.05008878528723409,-0.0186853295112594,0.029108927217108376,1.003255142864816,1333.8274879438295,0,6.6
L2,L2-04,core,300,-0.5,0.0,A,adj,3,95,8,12,bzC,0.0,0.04083460734676389,0.3099937067489575,-0.47608972301750196,-0.14656634226955947,0.04198514502707396,0.2306655802974665,0.5420684505567405,1.003255142864816,1333.8274879438295,0,6.6
L2,L2-04,core,300,-0.5,0.0,A,adj,4,92,7,14,apc_z,0.0,0.018750593293833183,0.0339532103266589,-0.03870529503206593,-0.0025713435700989128,0.01891376398244518,0.04158191544979159,0.07449401268751012,1.0043127675618992,1171.8755153390136,0,7.9
L2,L2-04,core,300,-0.5,0.0,A,adj,4,92,7,14,apc_s,-0.07859525047977425,-0.05692198566270989,0.042155493693699246,-0.12648759355098693,-0.08360085572180419,-0.05671077716984192,-0.02838616367632985,0.012435355432032471,1.0043127675618992,1171.8755153390136,0,7.9
L2,L2-04,core,300,-0.5,0.0,A,adj,4,92,7,14,bzC,0.0,0.05192254004897805,0.3041116072385795,-0.4683897496769145,-0.12385165137119206,0.06485177870231981,0.24693347494410325,0.5259141702127101,1.0043127675618992,1171.8755153390136,0,7.9
L2,L2-04,core,300,-0.5,0.0,A,adj,5,107,7,20,apc_z,0.0,-0.08144666986127169,0.046926139843504126,-0.1552478015643678,-0.11235570802013452,-0.07755710281267122,-0.04894647178844783,-0.007063187761625409,1.003704880292489,740.3011652816567,0,6.3
L2,L2-04,core,300,-0.5,0.0,A,adj,5,107,7,20,apc_s,-0.07859525047977425,-0.140465023350068,0.04783318744142437,-0.21746318956537708,-0.1743785716619589,-0.140236958679619,-0.10691780286216203,-0.06144843981610805,1.003704880292489,740.3011652816567,0,6.3
L2,L2-04,core,300,-0.5,0.0,A,adj,5,107,7,20,bzC,0.0,-0.5121306083881709,0.38679483627950645,-1.18215430724642,-0.7448221058990083,-0.4868032619053143,-0.25270598352038526,0.06269603086039174,1.003704880292489,740.3011652816567,0,6.3
L2,L2-04,core,300,-0.5,0.0,A,adj,6,105,8,11,apc_z,0.0,-0.009016623084619495,0.04682211743938727,-0.08901763053903809,-0.038372275278926386,-0.00955952962841431,0.021845572969934095,0.06442873969003038,1.0067407928426966,878.3231039066284,0,5.9
L2,L2-04,core,300,-0.5,0.0,A,adj,6,105,8,11,apc_s,-0.07859525047977425,-0.08583803726997467,0.05518823129134824,-0.17892696890734666,-0.12087356361172026,-0.08458327347765582,-0.049756978286434675,0.004938098879146112,1.0067407928426966,878.3231039066284,0,5.9
L2,L2-04,core,300,-0.5,0.0,A,adj,6,105,8,11,bzC,0.0,-0.04473563839350653,0.32692374423876164,-0.6011281842701516,-0.24292034312941785,-0.027551665008456235,0.1676505286393781,0.4603193508367014,1.0067407928426966,878.3231039066284,0,5.9
L2,L2-04,core,300,-0.5,0.0,A,adj,7,95,5,21,apc_z,0.0,0.05417647702026797,0.03523013315529016,-0.005514965095313461,0.030177707748094418,0.054341415968263,0.07749654817586872,0.10977774059109935,1.0025285311542789,1172.3665869183644,0,6.3
L2,L2-04,core,300,-0.5,0.0,A,adj,7,95,5,21,apc_s,-0.07859525047977425,-0.015252119818938453,0.04017562996636877,-0.07961896370317316,-0.04198928004179353,-0.01542015450212951,0.011977704162426108,0.04933115451310392,1.0025285311542789,1172.3665869183644,0,6.3
L2,L2-04,core,300,-0.5,0.0,A,adj,7,95,5,21,bzC,0.0,0.3550797333230428,0.3336532371435325,-0.17910012718772952,0.1449670019931233,0.34751848137967767,0.5679135131739298,0.8954933718146251,1.0025285311542789,1172.3665869183644,0,6.3
L2,L2-04,core,300,-0.5,0.0,A,adj,8,105,10,11,apc_z,0.0,0.03646506909557729,0.0382127041554706,-0.025892926911147994,0.010658209808833873,0.03791308727354187,0.06167545872532235,0.09841231815108042,1.0052673136735903,1330.6793179782348,0,6.2
L2,L2-04,core,300,-0.5,0.0,A,adj,8,105,10,11,apc_s,-0.07859525047977425,-0.07633385709132667,0.04335224238124443,-0.14997494422056537,-0.10615936859688287,-0.07532807156242821,-0.04528699321546483,-0.006627873190394111,1.0052673136735903,1330.6793179782348,0,6.2
L2,L2-04,core,300,-0.5,0.0,A,adj,8,105,10,11,bzC,0.0,0.21693101326316866,0.2792700413928414,-0.22154932803206892,0.03616510943679564,0.20573079174261905,0.3883588463064104,0.6694468444637329,1.0052673136735903,1330.6793179782348,0,6.2
L2,L2-04,core,300,-0.5,0.0,A,adj,9,88,7,13,apc_z,0.0,0.02992024776466411,0.04230905838611947,-0.038333421266863815,0.0018535121159344295,0.031111531233172934,0.05715158972128354,0.10089857800196936,1.0036528969940408,987.9123045943825,0,5.9
L2,L2-04,core,300,-0.5,0.0,A,adj,9,88,7,13,apc_s,-0.07859525047977425,-0.04410694086990074,0.04983340602606235,-0.12841661317561515,-0.0747484054387134,-0.04537911761376438,-0.012299181237369373,0.038573229783362195,1.0036528969940408,987.9123045943825,0,5.9
L2,L2-04,core,300,-0.5,0.0,A,adj,9,88,7,13,bzC,0.0,0.22257507397312654,0.3527377986487735,-0.35522351392496054,-0.0069144056748798935,0.23188465992549556,0.4543982054565182,0.7869150573650755,1.0036528969940408,987.9123045943825,0,5.9
L2,L2-04,core,300,-0.5,0.0,A,adj,10,102,10,21,apc_z,0.0,-0.07106036468710529,0.04084967113524183,-0.13832686870360386,-0.09902207930155202,-0.06932915764289804,-0.04263099519518368,-0.008308225008789675,1.002241191618996,844.3266894555187,0,6.2
L2,L2-04,core,300,-0.5,0.0,A,adj,10,102,10,21,apc_s,-0.07859525047977425,-0.10590389371271737,0.043289577969301433,-0.17827909654462284,-0.1341077047477059,-0.10388617461690784,-0.07604474777392799,-0.03700190330953337,1.002241191618996,844.3266894555187,0,6.2
L2,L2-04,core,300,-0.5,0.0,A,adj,10,102,10,21,bzC,0.0,-0.5005134557554886,0.3545887575913143,-1.1348796671541213,-0.7066677683768416,-0.4810870415959773,-0.27044517274244195,0.03242336684915758,1.002241191618996,844.3266894555187,0,6.2
L2,L2-04,core,300,-0.5,0.0,A,adj,11,103,8,13,apc_z,0.0,-0.02330053852793197,0.04151588551273906,-0.09546564741522648,-0.04960234810345568,-0.021460123790427086,0.004168971309676512,0.04215101109933038,1.0042625953071955,752.4105927037084,0,6.4
L2,L2-04,core,300,-0.5,0.0,A,adj,11,103,8,13,apc_s,-0.07859525047977425,-0.19367012840514786,0.039356548890650524,-0.2579463607459811,-0.22071197910108367,-0.19279871820776778,-0.16717904358695307,-0.1292431090224994,1.0042625953071955,752.4105927037084,0,6.4
L2,L2-04,core,300,-0.5,0.0,A,adj,11,103,8,13,bzC,0.0,-0.24724420945903552,0.3620024551868798,-0.8736063510486725,-0.46547580521514886,-0.22227680072496564,-0.006942781462872048,0.30150294380278203,1.0042625953071955,752.4105927037084,0,6.4
L2,L2-04,core,300,-0.5,0.0,A,adj,12,102,4,12,apc_z,0.0,-0.07761894567408467,0.04937063160703368,-0.16075018531358135,-0.11029258815574403,-0.07706269028006323,-0.04480806905486302,0.0009156869798454476,1.007060071381289,588.1372806891809,0,6.1
L2,L2-04,core,300,-0.5,0.0,A,adj,12,102,4,12,apc_s,-0.07859525047977425,-0.20883501666471818,0.05101626227357593,-0.28998905706832406,-0.24314881084109485,-0.20899696937189197,-0.17401076170860863,-0.12788386667428578,1.007060071381289,588.1372806891809,0,6.1
L2,L2-04,core,300,-0.5,0.0,A,adj,12,102,4,12,bzC,0.0,-0.5162423235351036,0.4356676948321129,-1.2790104512358393,-0.7742112513325556,-0.48025927106659894,-0.22443778909550968,0.12723315115699146,1.007060071381289,588.1372806891809,0,6.1
L2,L2-04,core,300,-0.5,0.0,A,adj,13,109,4,16,apc_z,0.0,-0.031577028462489186,0.04396162209431137,-0.10297452763235049,-0.06081069155773468,-0.029710773389628055,-0.002669782919079879,0.03791308745894897,1.0028733907572094,1073.4218562431051,0,6.1
L2,L2-04,core,300,-0.5,0.0,A,adj,13,109,4,16,apc_s,-0.07859525047977425,-0.0916528734010732,0.049248249647580705,-0.1690501057729268,-0.1227489007451993,-0.08956674950719623,-0.05938502049571952,-0.015695834533201107,1.0028733907572094,1073.4218562431051,0,6.1
L2,L2-04,core,300,-0.5,0.0,A,adj,13,109,4,16,bzC,0.0,-0.246560919223626,0.3731602050086431,-0.8971467431002565,-0.4539583582352724,-0.21738229847582183,-0.009232337438673667,0.2980372489938443,1.0028733907572094,1073.4218562431051,0,6.1
L2,L2-04,core,300,-0.5,0.0,A,adj,14,96,3,14,apc_z,0.0,-0.0022548157666226177,0.03566619452948646,-0.05861491710689569,-0.026862558846703542,-0.0026528088134041513,0.022910524571546687,0.055883936257522034,1.0022461277946866,1347.881783700221,0,6.2
L2,L2-04,core,300,-0.5,0.0,A,adj,14,96,3,14,apc_s,-0.07859525047977425,-0.048771360215904974,0.04310386142920961,-0.11809041147757597,-0.07746366230155138,-0.05036894155190898,-0.018424340183877966,0.02276335046290457,1.0022461277946866,1347.881783700221,0,6.2
L2,L2-04,core,300,-0.5,0.0,A,adj,14,96,3,14,bzC,0.0,-0.0217663223474999,0.26262558077486164,-0.4528640460357692,-0.18265456821789994,-0.020095208915202317,0.14416420325726576,0.4039795890832665,1.0022461277946866,1347.881783700221,0,6.2
L2,L2-04,core,300,-0.5,0.0,A,adj,15,100,11,15,apc_z,0.0,-0.011081015389587693,0.03651031092676263,-0.06837042705442054,-0.03721379705597558,-0.010799749409146882,0.013408655075716926,0.04785799869896201,1.00397660021437,1090.7779182277047,0,6.0
L2,L2-04,core,300,-0.5,0.0,A,adj,15,100,11,15,apc_s,-0.07859525047977425,-0.07790310987469365,0.04172130662499259,-0.1476969364151006,-0.10648800274485495,-0.0772256691256355,-0.050506523558908306,-0.011473335217060777,1.00397660021437,1090.7779182277047,0,6.0
L2,L2-04,core,300,-0.5,0.0,A,adj,15,100,11,15,bzC,0.0,-0.07619298530698645,0.2874346451705046,-0.56030920625214,-0.25481130576916766,-0.06710827788212735,0.10224687586720466,0.38497104679827765,1.00397660021437,1090.7779182277047,0,6.0
L2,L2-04,core,300,-0.5,0.0,A,adj,16,92,7,12,apc_z,0.0,0.021756608131091495,0.057350150544878395,-0.07556165823812502,-0.011491176635041886,0.02359757544292134,0.05690433362246891,0.10971006109700533,1.0103240922721521,671.430682349395,0,6.2
L2,L2-04,core,300,-0.5,0.0,A,adj,16,92,7,12,apc_s,-0.07859525047977425,-0.005626986064892182,0.06659312647488451,-0.11289001420556923,-0.046372881670742445,-0.004168638034725029,0.03632201708233364,0.10161050321067287,1.0103240922721521,671.430682349395,0,6.2
L2,L2-04,core,300,-0.5,0.0,A,adj,16,92,7,12,bzC,0.0,0.18331920045809558,0.420901018050462,-0.5161338776694054,-0.0659351147199227,0.19002895740151127,0.4597957171454833,0.8273566158309618,1.0103240922721521,671.430682349395,0,6.2
L2,L2-04,core,300,-0.5,0.0,A,adj,17,94,10,14,apc_z,0.0,0.002697061309731497,0.04042973670937822,-0.06493998658626263,-0.022626977004791184,0.0023640423137903446,0.03068761806457979,0.06763922577276506,1.0045292621195152,922.5194430694362,0,6.1
L2,L2-04,core,300,-0.5,0.0,A,adj,17,94,10,14,apc_s,-0.07859525047977425,-0.05466233943604004,0.048451617082768926,-0.13390068984456074,-0.08504765185663196,-0.053240939690556745,-0.02258421280353084,0.024480717890084335,1.0045292621195152,922.5194430694362,0,6.1
L2,L2-04,core,300,-0.5,0.0,A,adj,17,94,10,14,bzC,0.0,-0.08091290997796803,0.3456672374885929,-0.6865819320074713,-0.2852968281414139,-0.0542189384218542,0.14537156864421366,0.4421399633860353,1.0045292621195152,922.5194430694362,0,6.1
L2,L2-04,core,300,-0.5,0.0,A,adj,18,120,2,18,apc_z,0.0,0.006286614528913319,0.04659161257217458,-0.07508111202963473,-0.023419526082893896,0.009109242354913862,0.03734706175264153,0.07929093427112686,1.0040762171200455,868.7321332398096,0,6.0
L2,L2-04,core,300,-0.5,0.0,A,adj,18,120,2,18,apc_s,-0.07859525047977425,-0.09690410934669626,0.05604495749565318,-0.1914168931047422,-0.13383911747933105,-0.09656272504489855,-0.05843466739167007,-0.007768987463029949,1.0040762171200455,868.7321332398096,0,6.0
L2,L2-04,core,300,-0.5,0.0,A,adj,18,120,2,18,bzC,0.0,0.045699081456456146,0.3096018622530141,-0.4712230930346805,-0.13713678384821443,0.04918896904257761,0.2402689989500531,0.536320921114995,1.0040762171200455,868.7321332398096,0,6.0
L2,L2-04,core,300,-0.5,0.0,A,adj,19,102,10,14,apc_z,0.0,-0.0021256933501508676,0.036150249295643526,-0.06323671597112965,-0.025884618656317415,-0.0020048641022626496,0.0216451662689586,0.05563666542940037,1.0040010468327978,1296.2166004464318,0,6.3
L2,L2-04,core,300,-0.5,0.0,A,adj,19,102,10,14,apc_s,-0.07859525047977425,-0.028237362162857292,0.04344218639952364,-0.09778501083787056,-0.05749114629815988,-0.027818280693485,0.0024202963726041075,0.04452991079721819,1.0040010468327978,1296.2166004464318,0,6.3
L2,L2-04,core,300,-0.5,0.0,A,adj,19,102,10,14,bzC,0.0,-0.012086484439989132,0.2785719930669231,-0.44179512959211853,-0.17897939280100686,-0.012527719449928277,0.15069173138696146,0.41003958615719904,1.0040010468327978,1296.2166004464318,0,6.3
L2,L2-04,core,300,-0.5,0.0,A,adj,20,109,12,14,apc_z,0.0,-0.04177003033234132,0.04295732298280098,-0.11247393679435867,-0.0704320085232707,-0.040425119151800845,-0.011193154567452245,0.024431529312738086,1.0023320751025495,762.1799683576811,0,6.5
L2,L2-04,core,300,-0.5,0.0,A,adj,20,109,12,14,apc_s,-0.07859525047977425,-0.1746997348880095,0.043471450944208734,-0.24179545418510706,-0.20433831005021236,-0.1775990115082967,-0.14518684740078686,-0.10319420406049112,1.0023320751025495,762.1799683576811,0,6.5
L2,L2-04,core,300,-0.5,0.0,A,adj,20,109,12,14,bzC,0.0,-0.4199946552317245,0.37260773295423394,-1.0559663930290364,-0.6517170189405055,-0.4076368094927069,-0.16824936049640887,0.14977127883228702,1.0023320751025495,762.1799683576811,0,6.5
L2,L2-04,core,300,-0.5,0.0,A,adj,21,107,11,17,apc_z,0.0,0.10419383476732164,0.04533816108418945,0.031997395156874796,0.07268362812238859,0.10474205654057546,0.1331792141011744,0.17802953979863384,1.0029919323468814,836.0411285175302,0,6.1
L2,L2-04,core,300,-0.5,0.0,A,adj,21,107,11,17,apc_s,-0.07859525047977425,0.05367463475987298,0.05181543105123201,-0.03213418054254546,0.020182645504566447,0.05344251244686478,0.08766422092061765,0.13941074099390408,1.0029919323468814,836.0411285175302,0,6.1
L2,L2-04,core,300,-0.5,0.0,A,adj,21,107,11,17,bzC,0.0,0.6526608849117502,0.3601149912538845,0.10584132276271936,0.4231142213597129,0.6295574344278132,0.8686539430943566,1.2829933346589333,1.0029919323468814,836.0411285175302,0,6.1
L2,L2-04,core,300,-0.5,0.0,A,adj,22,98,8,13,apc_z,0.0,-0.07817109278223187,0.04174329156955326,-0.14936909029988582,-0.10532392200598933,-0.07645487816594228,-0.04924507857835182,-0.0103510243456178,1.002203633904501,937.3070112553547,0,6.2
L2,L2-04,core,300,-0.5,0.0,A,adj,22,98,8,13,apc_s,-0.07859525047977425,-0.12805020274014442,0.0483621788956853,-0.2078562594692779,-0.1596722658451357,-0.12632409233442454,-0.09382995857058958,-0.04634563547469701,1.002203633904501,937.3070112553547,0,6.2
L2,L2-04,core,300,-0.5,0.0,A,adj,22,98,8,13,bzC,0.0,-0.5331601461830091,0.35324684487721786,-1.1249899815430353,-0.7471354842849567,-0.5086854767255005,-0.29906251731051114,-0.0063192780051580695,1.002203633904501,937.3070112553547,0,6.2
L2,L2-04,core,300,-0.5,0.0,A,adj,24,100,3,11,apc_z,0.0,0.01472149953230837,0.039214907597551016,-0.049504485796183224,-0.010406933939262033,0.015148457793541148,0.04228058389799697,0.07754643851088702,1.0067489150471067,1001.0276511741693,0,6.2
L2,L2-04,core,300,-0.5,0.0,A,adj,24,100,3,11,apc_s,-0.07859525047977425,-0.09676495108403932,0.04892521837425808,-0.17608202151281332,-0.12804271596580624,-0.09637020031301483,-0.063745652630224,-0.016431457303368965,1.0067489150471067,1001.0276511741693,0,6.2
L2,L2-04,core,300,-0.5,0.0,A,adj,24,100,3,11,bzC,0.0,0.09533924775397076,0.3085721844460844,-0.43798283351763245,-0.08757266527681441,0.10545640736633288,0.2922809478606652,0.5644476878407155,1.0067489150471067,1001.0276511741693,0,6.2
L2,L2-04,core,300,-0.5,0.0,A,adj,23,101,9,12,apc_z,0.0,0.014812373436572093,0.05814462838260325,-0.08445964774754686,-0.021586501005638928,0.01702713405148113,0.05214682827691515,0.10909888876930668,1.0060269662987604,755.4940524969645,0,6.4
L2,L2-04,core,300,-0.5,0.0,A,adj,23,101,9,12,apc_s,-0.07859525047977425,-0.021186466570946322,0.06635607490843987,-0.13502228248783785,-0.06234206954184341,-0.01893259308818409,0.02139285969693202,0.08601685061448877,1.0060269662987604,755.4940524969645,0,6.4
L2,L2-04,core,300,-0.5,0.0,A,adj,23,101,9,12,bzC,0.0,0.15378921299383644,0.3890402937839548,-0.4732684275760931,-0.093259368326505,0.1549890316491642,0.403013734853875,0.7932232566830496,1.0060269662987604,755.4940524969645,0,6.4
L2,L2-04,core,300,-0.5,0.0,A,adj,25,95,8,10,apc_z,0.0,-0.017721610362628017,0.04107645213271343,-0.08437056804184322,-0.04472903756690299,-0.01634390620309312,0.009744235822564676,0.04848508959313972,1.0058106033394216,849.9289716892146,0,6.2
L2,L2-04,core,300,-0.5,0.0,A,adj,25,95,8,10,apc_s,-0.07859525047977425,-0.06346444470399604,0.04833190691104375,-0.1417007086206791,-0.09468506848724009,-0.0644643351932003,-0.032271424596294,0.014969009887239142,1.0058106033394216,849.9289716892146,0,6.2
L2,L2-04,core,300,-0.5,0.0,A,adj,25,95,8,10,bzC,0.0,-0.11007844607249018,0.2916240104093903,-0.598289273161413,-0.2884451432177092,-0.09820791089764791,0.07260254487294245,0.37650935087919984,1.0058106033394216,849.9289716892146,0,6.2
L2,L2-04,core,300,-0.5,0.0,A,adj,26,91,5,14,apc_z,0.0,-0.044787583751232436,0.04527471406661023,-0.12303224463215007,-0.07316018361225982,-0.04280558649566582,-0.014648735054578992,0.024167301187358506,1.0038116322895294,1011.2460033903351,0,6.3
L2,L2-04,core,300,-0.5,0.0,A,adj,26,91,5,14,apc_s,-0.07859525047977425,-0.07412844383232439,0.050716432837844556,-0.1598218552154602,-0.10811669640187181,-0.072959076131283,-0.04226186509157639,0.011134755809641898,1.0038116322895294,1011.2460033903351,0,6.3
L2,L2-04,core,300,-0.5,0.0,A,adj,26,91,5,14,bzC,0.0,-0.3171509347436091,0.33167842116883856,-0.881202604660874,-0.5119052932573573,-0.30303727858933793,-0.10284080297868464,0.18523212602019054,1.0038116322895294,1011.2460033903351,0,6.3
L2,L2-04,core,300,-0.5,0.0,A,adj,27,105,6,17,apc_z,0.0,0.0017229259806960185,0.04022865731940785,-0.0621510287053576,-0.024424201352203585,0.0018827810612694748,0.02752865139609428,0.06649048623216011,1.002741576885963,894.2063374805658,0,6.4
L2,L2-04,core,300,-0.5,0.0,A,adj,27,105,6,17,apc_s,-0.07859525047977425,-0.08923736707691297,0.04607576187806179,-0.16294313484686243,-0.11988419202853787,-0.08949271100698203,-0.05748167266343562,-0.015233689072169097,1.002741576885963,894.2063374805658,0,6.4
L2,L2-04,core,300,-0.5,0.0,A,adj,27,105,6,17,bzC,0.0,-0.15549054531222423,0.3658343351750015,-0.7819043012379592,-0.37134933291513705,-0.13771301184269133,0.07684072475721634,0.4123515336106997,1.002741576885963,894.2063374805658,0,6.4
L2,L2-04,core,300,-0.5,0.0,A,adj,28,86,9,12,apc_z,0.0,0.0019450735539311061,0.03681800159246073,-0.059319647822297907,-0.020868354938511396,0.003239664978705423,0.025696813399776395,0.06198267420578106,1.0020757724050373,1223.5647554661489,0,6.3
L2,L2-04,core,300,-0.5,0.0,A,adj,28,86,9,12,apc_s,-0.07859525047977425,-0.048199955558879085,0.043897377701580045,-0.12117889024098688,-0.07669766877099116,-0.048943281820573406,-0.019963561401277495,0.022239459807101673,1.0020757724050373,1223.5647554661489,0,6.3
L2,L2-04,core,300,-0.5,0.0,A,adj,28,86,9,12,bzC,0.0,-0.06580477817990846,0.3172844916848873,-0.6017179139501632,-0.25919115384207636,-0.05434123381307034,0.13389149125602576,0.4482656300879056,1.0020757724050373,1223.5647554661489,0,6.3
L2,L2-04,core,300,-0.5,0.0,A,adj,29,90,4,14,apc_z,0.0,0.06672463776342076,0.03508491398902496,0.007356185494157188,0.04310609417575084,0.06825239538153055,0.09084051899574158,0.12336547027956866,1.0019281806795477,1371.0611856375708,0,6.1
L2,L2-04,core,300,-0.5,0.0,A,adj,29,90,4,14,apc_s,-0.07859525047977425,-0.04659940718115273,0.041467388144022795,-0.1146989297094943,-0.07499638156469413,-0.045645768296363506,-0.017958865635072978,0.0191213194495981,1.0019281806795477,1371.0611856375708,0,6.1
L2,L2-04,core,300,-0.5,0.0,A,adj,29,90,4,14,bzC,0.0,0.4511929595809104,0.3148852076731942,-0.07392086564279447,0.2662055263516256,0.4551376167983909,0.649466300108624,0.9604820515968643,1.0019281806795477,1371.0611856375708,0,6.1
L2,L2-04,core,300,-0.5,0.0,A,adj,30,91,4,15,apc_z,0.0,-0.01018794159605746,0.031221576977188817,-0.06303409887279098,-0.032155376311368444,-0.009521373612282509,0.011079753112860425,0.03996651176315115,1.0027676676553587,1638.3028471644168,0,6.2
L2,L2-04,core,300,-0.5,0.0,A,adj,30,91,4,15,apc_s,-0.07859525047977425,-0.056940870685654364,0.038931738688998616,-0.11903962609844071,-0.08283548596983785,-0.05680509149815688,-0.031578326434794884,0.006484457604301483,1.0027676676553587,1638.3028471644168,0,6.2
L2,L2-04,core,300,-0.5,0.0,A,adj,30,91,4,15,bzC,0.0,-0.0074790023438927235,0.2786433622856743,-0.4383931734426058,-0.1827658335820359,-0.013009484808861133,0.16051777931907937,0.4396973036768115,1.0027676676553587,1638.3028471644168,0,6.2
L2,L2-04,core,300,-0.5,0.0,A,adj,31,95,2,26,apc_z,0.0,0.0012466708474525273,0.036771881362799706,-0.0613552115615328,-0.02366175279125239,0.0031757860413539236,0.026334504124452852,0.06169211191818095,1.0032329306990488,1056.3008790687536,0,6.2
L2,L2-04,core,300,-0.5,0.0,A,adj,31,95,2,26,apc_s,-0.07859525047977425,-0.07485301719107225,0.040568701713630674,-0.13808226010535699,-0.10211089641579807,-0.07475702271536792,-0.04770578327982078,-0.010004900171124495,1.0032329306990488,1056.3008790687536,0,6.2
L2,L2-04,core,300,-0.5,0.0,A,adj,31,95,2,26,bzC,0.0,0.006781906508249698,0.34021261678844167,-0.5472536176535568,-0.2068939110137338,0.00805622498642126,0.21293712496714637,0.5504584842937771,1.0032329306990488,1056.3008790687536,0,6.2
L2,L2-04,core,300,-0.5,0.0,A,adj,32,102,5,12,apc_z,0.0,0.0882224162234272,0.04715309766812249,0.011262097443828407,0.05792147474534397,0.08642472159996029,0.11927747741277567,0.1636434558696338,1.0046349967245072,993.0225245924062,0,6.2
L2,L2-04,core,300,-0.5,0.0,A,adj,32,102,5,12,apc_s,-0.07859525047977425,0.03033589961117972,0.057062182689774046,-0.06432054906178625,-0.009518395106852892,0.027444606586016274,0.07015815036120657,0.12198391915460478,1.0046349967245072,993.0225245924062,0,6.2
L2,L2-04,core,300,-0.5,0.0,A,adj,32,102,5,12,bzC,0.0,0.5387442820946403,0.33627986209154814,0.0011333990674199787,0.32980765267000506,0.5360034350064145,0.7480879850323263,1.0826260858003232,1.0046349967245072,993.0225245924062,0,6.2
L2,L2-04,core,300,-0.5,0.0,A,adj,33,84,7,10,apc_z,0.0,-0.025934091686808918,0.03869301368941246,-0.09041893889222337,-0.04946548490648185,-0.026550197345877588,0.0009439907978453281,0.03599955351327977,1.0040012063218657,967.7497805599439,0,6.0
L2,L2-04,core,300,-0.5,0.0,A,adj,33,84,7,10,apc_s,-0.07859525047977425,-0.03571065065015729,0.048925652851908766,-0.117425720646799,-0.06602987789962894,-0.03675884404154823,-0.002793006473268875,0.04858100604743356,1.0040012063218657,967.7497805599439,0,6.0
L2,L2-04,core,300,-0.5,0.0,A,adj,33,84,7,10,bzC,0.0,-0.11749858863893518,0.30541900149945245,-0.6308088557026983,-0.30458077649150056,-0.10772353888669264,0.08090472330402856,0.36267501250012235,1.0040012063218657,967.7497805599439,0,6.0
L2,L2-04,core,300,-0.5,0.0,A,adj,34,89,8,10,apc_z,0.0,-0.03680922292971995,0.050965114920249126,-0.12146973010674547,-0.06981192931383474,-0.0332385631753308,-0.0011805939887752394,0.041057758278881085,1.0033161222690434,804.1519901256398,0,6.7
L2,L2-04,core,300,-0.5,0.0,A,adj,34,89,8,10,apc_s,-0.07859525047977425,-0.10136434382975,0.056398682221718455,-0.19310700622791807,-0.1405294050084379,-0.09954084010878364,-0.06296507998713222,-0.011935253266244025,1.0033161222690434,804.1519901256398,0,6.7
L2,L2-04,core,300,-0.5,0.0,A,adj,34,89,8,10,bzC,0.0,-0.32702819789945115,0.40407292077307516,-1.0217455504136783,-0.5753209402102688,-0.2922573376346003,-0.06155548371246024,0.2847878069549395,1.0033161222690434,804.1519901256398,0,6.7
L2,L2-04,core,300,-0.5,0.0,A,adj,35,102,6,14,apc_z,0.0,-0.049602472394445894,0.04888501863597961,-0.1325212473198405,-0.08073495502738648,-0.04698089657040528,-0.016442275519637603,0.026043924228754414,1.0033985538508072,692.0508934205928,0,6.6
L2,L2-04,core,300,-0.5,0.0,A,adj,35,102,6,14,apc_s,-0.07859525047977425,-0.09492595389985985,0.05623981100416917,-0.19039442789742428,-0.13147902478721457,-0.09450918024930782,-0.05688993427159805,-0.005879936292504199,1.0033985538508072,692.0508934205928,0,6.6
L2,L2-04,core,300,-0.5,0.0,A,adj,35,102,6,14,bzC,0.0,-0.32394367771253235,0.35007323159652226,-0.9268283563107017,-0.5355859266768193,-0.30283611402791144,-0.08913866882861923,0.20942683773763365,1.0033985538508072,692.0508934205928,0,6.6
L2,L2-04,core,300,-0.5,0.0,A,adj,36,86,8,8,apc_z,0.0,-0.020562320245436163,0.0368175984341735,-0.08311979349257187,-0.04459283022471741,-0.018738854999737535,0.0051014068246096785,0.03826482056536721,1.0027944238233475,1076.1922189497766,0,6.7
L2,L2-04,core,300,-0.5,0.0,A,adj,36,86,8,8,apc_s,-0.07859525047977425,-0.10153958596030234,0.045441466058750914,-0.17605903885972182,-0.13085755701665802,-0.10353482948889575,-0.07205871138625142,-0.025935840720339366,1.0027944238233475,1076.1922189497766,0,6.7
L2,L2-04,core,300,-0.5,0.0,A,adj,36,86,8,8,bzC,0.0,-0.11290137307712944,0.31597808687629975,-0.636654998478968,-0.3108152802936292,-0.10757345105657506,0.09160684874083655,0.3952755639561077,1.0027944238233475,1076.1922189497766,0,6.7
L2,L2-04,core,300,-0.5,0.0,A,adj,37,99,9,16,apc_z,0.0,-0.017102176467077505,0.04676441339978538,-0.09911275401496815,-0.04530754868522219,-0.015287687090766444,0.015460334628129988,0.05646235911953946,1.0070864322621889,844.3915902325334,0,6.0
L2,L2-04,core,300,-0.5,0.0,A,adj,37,99,9,16,apc_s,-0.07859525047977425,-0.10012540202778095,0.05196369403122222,-0.1850605925856783,-0.13469489392234674,-0.10079997708911134,-0.06475537467869774,-0.017190605328091448,1.0070864322621889,844.3915902325334,0,6.0
L2,L2-04,core,300,-0.5,0.0,A,adj,37,99,9,16,bzC,0.0,-0.14057754065962574,0.3511665823768485,-0.7489735267478508,-0.3571495223822304,-0.12160564584125823,0.09088851187086644,0.39880723991154793,1.0070864322621889,844.3915902325334,0,6.0
L2,L2-04,core,300,-0.5,0.0,A,adj,38,93,7,12,apc_z,0.0,0.02220585831923525,0.0346432265193768,-0.0317337133023611,-0.001746492546038693,0.02226153519704336,0.04372990913046457,0.07967195849249711,1.0022454181168468,1548.5511830204446,0,6.2
L2,L2-04,core,300,-0.5,0.0,A,adj,38,93,7,12,apc_s,-0.07859525047977425,-0.044816472278244986,0.04390587757311162,-0.11669024688811093,-0.07219125324967232,-0.04644685887298032,-0.014911650595276124,0.02757154118341753,1.0022454181168468,1548.5511830204446,0,6.2
L2,L2-04,core,300,-0.5,0.0,A,adj,38,93,7,12,bzC,0.0,0.025345184341409158,0.30855233333424525,-0.5089730633989481,-0.14956198292134482,0.03894277355082808,0.209703751144275,0.4972529779342073,1.0022454181168468,1548.5511830204446,0,6.2
L2,L2-04,core,300,-0.5,0.0,A,adj,39,101,5,9,apc_z,0.0,-0.03182655378846298,0.04538504984210168,-0.10638120662099827,-0.06135840547220109,-0.031538458797783546,-5.0840537146861164e-05,0.03915114982184445,1.0119546154931034,678.5974015081891,0,6.5
L2,L2-04,core,300,-0.5,0.0,A,adj,39,101,5,9,apc_s,-0.07859525047977425,-0.17186212173665516,0.046203439652963835,-0.24774584121668253,-0.20210715220560274,-0.1716578714202051,-0.1394359367717288,-0.09494451236936394,1.0119546154931034,678.5974015081891,0,6.5
L2,L2-04,core,300,-0.5,0.0,A,adj,39,101,5,9,bzC,0.0,-0.25244511386190127,0.3594580188883563,-0.8915172505933152,-0.46559292408781,-0.22509464253416284,-0.012590099489136648,0.2821925145449009,1.0119546154931034,678.5974015081891,0,6.5
L2,L2-04,core,300,-0.5,0.0,A,adj,40,83,11,11,apc_z,0.0,0.054808061172949535,0.04166367339646305,-0.014117593135908373,0.027441865616943346,0.05448772319658571,0.0824870072791955,0.12101082413991916,1.0041072748084232,879.6684810543125,0,6.5
L2,L2-04,core,300,-0.5,0.0,A,adj,40,83,11,11,apc_s,-0.07859525047977425,-0.002778198631787403,0.048015903725252204,-0.08115914187641833,-0.03561656628376785,-0.0006859439444910399,0.02798223244372345,0.07383927224722782,1.0041072748084232,879.6684810543125,0,6.5
L2,L2-04,core,300,-0.5,0.0,A,adj,40,83,11,11,bzC,0.0,0.36994451993326866,0.3792768614959576,-0.28580859350110244,0.13389321284743178,0.3867482578179412,0.62538086416065,0.964821565022799,1.0041072748084232,879.6684810543125,0,6.5
L2,L2-04,core,300,-0.5,0.0,A,adj,41,100,5,14,apc_z,0.0,-0.015592717715378143,0.05935484992298839,-0.11753529142167955,-0.050739632127860354,-0.01526092309888475,0.022587286351766774,0.0789675403435915,1.004547358639789,535.9096997341076,0,6.6
L2,L2-04,core,300,-0.5,0.0,A,adj,41,100,5,14,apc_s,-0.07859525047977425,-0.09577392168518926,0.06637269313113571,-0.2097979638320674,-0.13937969775910808,-0.09494334619175376,-0.05289108633374116,0.010760279749536904,1.004547358639789,535.9096997341076,0,6.6
L2,L2-04,core,300,-0.5,0.0,A,adj,41,100,5,14,bzC,0.0,-0.10769148956275101,0.40992116865067196,-0.8165573238261183,-0.35014867132448557,-0.08720016393660227,0.16590203463074962,0.5320228128182498,1.004547358639789,535.9096997341076,0,6.6
L2,L2-04,core,300,-0.5,0.0,A,adj,42,69,4,8,apc_z,0.0,-0.022842522956110167,0.03296312830330881,-0.07532146481144077,-0.04489838677533457,-0.022069125481800886,0.0012383802609809565,0.029578775896697634,1.0028442318990576,1024.2201469864822,0,6.7
L2,L2-04,core,300,-0.5,0.0,A,adj,42,69,4,8,apc_s,-0.07859525047977425,-0.10521868652298824,0.03655628922851628,-0.16550851452017068,-0.1317116998886112,-0.10510107876925091,-0.07969627262210643,-0.04494833205744942,1.0028442318990576,1024.2201469864822,0,6.7
L2,L2-04,core,300,-0.5,0.0,A,adj,42,69,4,8,bzC,0.0,-0.17872276764041967,0.30082225942295154,-0.7041027208466205,-0.35752070340824516,-0.16398419667928604,0.01268036128367233,0.28708361050085984,1.0028442318990576,1024.2201469864822,0,6.7
L2,L2-04,core,300,-0.5,0.0,A,adj,43,104,6,18,apc_z,0.0,-0.06720140631452848,0.048859227031862865,-0.15267148889292698,-0.09684460854576772,-0.06593014471303246,-0.03434896662812051,0.010362867446400133,1.00324600131763,659.9697077570055,0,6.7
L2,L2-04,core,300,-0.5,0.0,A,adj,43,104,6,18,apc_s,-0.07859525047977425,-0.1462356016736985,0.05430668407446008,-0.23553000656288317,-0.18251991704219014,-0.14548360960688594,-0.1103758550220928,-0.05772767222781057,1.00324600131763,659.9697077570055,0,6.7
L2,L2-04,core,300,-0.5,0.0,A,adj,43,104,6,18,bzC,0.0,-0.49028703326164985,0.3951298948385573,-1.2121171574510936,-0.7289068888574525,-0.4539937495944305,-0.21922314195032416,0.0932678548483944,1.00324600131763,659.9697077570055,0,6.7
L2,L2-04,core,300,-0.5,0.0,A,adj,44,94,5,16,apc_z,0.0,-0.02024687680603454,0.04663033519471354,-0.10068854943931617,-0.05035541241387005,-0.0185300075473514,0.010085464415557084,0.055509566329251726,1.010006032980327,692.5545292156506,0,6.5
L2,L2-04,core,300,-0.5,0.0,A,adj,44,94,5,16,apc_s,-0.07859525047977425,-0.12508825412131713,0.05138699293863798,-0.20749644694774527,-0.1578852546531334,-0.12573262355256565,-0.09151750866571748,-0.04539594040809095,1.010006032980327,692.5545292156506,0,6.5
L2,L2-04,core,300,-0.5,0.0,A,adj,44,94,5,16,bzC,0.0,-0.16761739530947625,0.3673171403658624,-0.7752791706691416,-0.39266941996433286,-0.153188123029651,0.07059066033115288,0.4020179681293413,1.010006032980327,692.5545292156506,0,6.5
L2,L2-04,core,300,-0.5,0.0,A,adj,45,102,9,19,apc_z,0.0,0.05664729015761648,0.037075489273951025,-0.006950384378931399,0.0339895685438458,0.05667575708702509,0.08184656325413041,0.11610301062312187,1.0032007724017704,1264.8650922265983,0,6.5
L2,L2-04,core,300,-0.5,0.0,A,adj,45,102,9,19,apc_s,-0.07859525047977425,-0.03590069182002375,0.04388192990895107,-0.1050265774892961,-0.06567896350538402,-0.03512849571494096,-0.0062581904703320704,0.03638444894348075,1.0032007724017704,1264.8650922265983,0,6.5
L2,L2-04,core,300,-0.5,0.0,A,adj,45,102,9,19,bzC,0.0,0.33849644379992105,0.28225382802501103,-0.1263279198699846,0.16421120614345006,0.34062458526491074,0.522406484440749,0.7905458345516752,1.0032007724017704,1264.8650922265983,0,6.5
L2,L2-04,core,300,-0.5,0.0,A,adj,46,102,7,14,apc_z,0.0,-0.03068089955236254,0.051291221258310045,-0.12097615690423304,-0.06059405313865424,-0.02702115375085893,0.003885964373123026,0.047189254592213244,1.0038078443353575,774.45582186065,0,7.6
L2,L2-04,core,300,-0.5,0.0,A,adj,46,102,7,14,apc_s,-0.07859525047977425,-0.09999121711209338,0.058255513980855045,-0.19503111795886524,-0.13859392083709407,-0.09909149343480292,-0.06027784220471777,-0.009083079589204115,1.0038078443353575,774.45582186065,0,7.6
L2,L2-04,core,300,-0.5,0.0,A,adj,46,102,7,14,bzC,0.0,-0.13380861796829738,0.3526997230219981,-0.7508401045626688,-0.3460924343080049,-0.1134045234698386,0.10566278238487056,0.3969018101272306,1.0038078443353575,774.45582186065,0,7.6
L2,L2-04,core,300,-0.5,0.0,A,adj,48,97,7,15,apc_z,0.0,0.01740218696816223,0.04200532057052048,-0.049353495852568374,-0.008459108001792195,0.018843207449320193,0.044962722822756415,0.08417516570690012,1.0075288739066224,1040.4667677328732,0,7.3
L2,L2-04,core,300,-0.5,0.0,A,adj,48,97,7,15,apc_s,-0.07859525047977425,-0.05826955239590991,0.051591806228198686,-0.13831983324082162,-0.09207126198299612,-0.05857206604317339,-0.026991709803915905,0.030583837233595073,1.0075288739066224,1040.4667677328732,0,7.3
L2,L2-04,core,300,-0.5,0.0,A,adj,48,97,7,15,bzC,0.0,0.13537020154922488,0.3103359084169249,-0.37161508822965245,-0.05094505701889167,0.14467861707490692,0.3355981143295587,0.6210431093056882,1.0075288739066224,1040.4667677328732,0,7.3
L2,L2-04,core,300,-0.5,0.0,A,adj,47,103,3,18,apc_z,0.0,-0.0010988996940563696,0.044349264124732266,-0.07347237817260885,-0.030130471901845028,0.000357156150795085,0.029219613043827634,0.0685705051488979,1.0027813434825692,929.8429968455365,0,7.9
L2,L2-04,core,300,-0.5,0.0,A,adj,47,103,3,18,apc_s,-0.07859525047977425,-0.047862762798642634,0.05423769639509742,-0.14065059533505933,-0.08339758018088221,-0.04772386353152269,-0.012947402558242989,0.039824576579905,1.0027813434825692,929.8429968455365,0,7.9
L2,L2-04,core,300,-0.5,0.0,A,adj,47,103,3,18,bzC,0.0,-0.03184322258964362,0.30765696039695445,-0.5481776207084186,-0.22646344389561796,-0.02560992616585266,0.1681845508881895,0.4519432386890647,1.0027813434825692,929.8429968455365,0,7.9
L2,L2-04,core,300,-0.5,0.0,A,adj,49,93,6,9,apc_z,0.0,-0.0036481059840091294,0.04441715750060852,-0.08037099232952404,-0.03216512732391362,-0.0023089063455320755,0.02672534362686963,0.06549704759516038,1.0031819845186833,1071.1178435179716,0,6.2
L2,L2-04,core,300,-0.5,0.0,A,adj,49,93,6,9,apc_s,-0.07859525047977425,-0.12457725665802451,0.04899973879826971,-0.20430083139216726,-0.15908297762175114,-0.12296192996852642,-0.09117333814625228,-0.0449661481386436,1.0031819845186833,1071.1178435179716,0,6.2
L2,L2-04,core,300,-0.5,0.0,A,adj,49,93,6,9,bzC,0.0,0.0008683129721403731,0.3585275822766236,-0.607965581914542,-0.2204268515055339,0.011565389894655002,0.2261989148555173,0.5696493981840192,1.0031819845186833,1071.1178435179716,0,6.2
L2,L2-04,core,300,-0.5,0.0,A,adj,50,109,8,10,apc_z,0.0,0.04086809234831908,0.035161032478215004,-0.019430524527683804,0.017483928136419486,0.04123416429011303,0.0637388995970464,0.09738562826238395,1.0028514616225936,1654.5728146256333,0,6.4
L2,L2-04,core,300,-0.5,0.0,A,adj,50,109,8,10,apc_s,-0.07859525047977425,-0.015161532264238537,0.04374536052601047,-0.08471651422222347,-0.04584686283398895,-0.014216219299637792,0.014968289523001548,0.05811517106394969,1.0028514616225936,1654.5728146256333,0,6.4
L2,L2-04,core,300,-0.5,0.0,A,adj,50,109,8,10,bzC,0.0,0.22365183995382346,0.256305614973741,-0.1893328206250876,0.06970109318572038,0.22071732402754154,0.37765204434318767,0.6352586883239022,1.0028514616225936,1654.5728146256333,0,6.4
L2,L2-04,core,300,-0.5,0.0,A,adj,51,96,6,18,apc_z,0.0,-0.02846526118641088,0.03992236675763091,-0.09857893411806935,-0.05392742481257974,-0.027183584778780523,-0.00044328350902203724,0.03295514104658803,1.0029060517623942,1070.937245505139,0,6.3
L2,L2-04,core,300,-0.5,0.0,A,adj,51,96,6,18,apc_s,-0.07859525047977425,-0.08867461570090543,0.04728405843181657,-0.16585922357727328,-0.11834325620576089,-0.09007421954115435,-0.05862890949227794,-0.011113015331878105,1.0029060517623942,1070.937245505139,0,6.3
L2,L2-04,core,300,-0.5,0.0,A,adj,51,96,6,18,bzC,0.0,-0.19404550717159924,0.32070736526835253,-0.7419230941785294,-0.3981303060380162,-0.17928821523661492,0.01645978288556512,0.2984538090033418,1.0029060517623942,1070.937245505139,0,6.3
L2,L2-04,core,300,-0.5,0.0,A,adj,52,92,5,17,apc_z,0.0,-0.021968051317220835,0.0421911262674256,-0.0918823152402467,-0.050002918213532366,-0.018933705377041407,0.006084641471617438,0.043367307130704476,1.003761651366936,919.0330059327729,0,6.2
L2,L2-04,core,300,-0.5,0.0,A,adj,52,92,5,17,apc_s,-0.07859525047977425,-0.09976223735535739,0.04899730465413204,-0.18058421085884116,-0.13049840664544443,-0.09912749880612715,-0.0673247014973805,-0.022177388031540412,1.003761651366936,919.0330059327729,0,6.2
L2,L2-04,core,300,-0.5,0.0,A,adj,52,92,5,17,bzC,0.0,-0.16131525845557274,0.3424722800333665,-0.7335091461696409,-0.36499733878947166,-0.14671300222174333,0.055160126282464327,0.35201841725730887,1.003761651366936,919.0330059327729,0,6.2
L2,L2-04,core,300,-0.5,0.0,A,adj,53,86,8,12,apc_z,0.0,0.03520905851442599,0.03798293981243218,-0.024279301312561643,0.009453421941685268,0.03490661803192526,0.059540132420012805,0.0989951074342463,1.0028317725890257,1272.310305531648,0,6.2
L2,L2-04,core,300,-0.5,0.0,A,adj,53,86,8,12,apc_s,-0.07859525047977425,0.007189555276933857,0.044755542436450496,-0.06696413622573952,-0.0230790931570503,0.007067396193857191,0.03895133245364644,0.07880485592563889,1.0028317725890257,1272.310305531648,0,6.2
L2,L2-04,core,300,-0.5,0.0,A,adj,53,86,8,12,bzC,0.0,0.28834962358816263,0.30337233875446273,-0.18999870376482755,0.09330663611451014,0.2838805764957084,0.4726069012549696,0.7899588753690098,1.0028317725890257,1272.310305531648,0,6.2
L2,L2-04,core,300,-0.5,0.0,A,adj,54,94,8,15,apc_z,0.0,-0.0037579664719011854,0.03946479682018439,-0.07046343342714051,-0.028880208147532328,-0.002716879312384424,0.022600702987669606,0.06025590810807284,1.0034158731174807,974.7377675298065,0,6.2
L2,L2-04,core,300,-0.5,0.0,A,adj,54,94,8,15,apc_s,-0.07859525047977425,-0.07646907464134915,0.04559075875675997,-0.15118406860654124,-0.10677372123608873,-0.0756228511501831,-0.045532482107923614,-0.004350579942625946,1.0034158731174807,974.7377675298065,0,6.2
L2,L2-04,core,300,-0.5,0.0,A,adj,54,94,8,15,bzC,0.0,-0.05738053132027541,0.31020528347112725,-0.5856167532549431,-0.2409625637835508,-0.046295094999875386,0.14013879955523817,0.4174120932003626,1.0034158731174807,974.7377675298065,0,6.2
