version,society_M,pi_pos,pi_neg,n_per_group,delta,diff_valence,k_diff,metric,mean,mc_se,runs,chance_jaccard
independent,,0.5,0.5,10,0.0,none,0,jaccard_mean_pairwise,0.02824456975772764,0.00024294435931093394,300,0.028346357962959753
independent,,0.5,0.5,10,0.0,none,0,share_negative_mean,0.5006666666666666,0.0028556241650435506,300,0.028346357962959753
independent,,0.5,0.5,10,0.0,none,0,share_negative_sd_across_perceivers,0.21783093117300387,0.0018544729579063168,300,0.028346357962959753
independent,,0.5,0.5,10,0.0,none,0,prop_perceivers_majority_negative,0.505,0.00643767824811942,300,0.028346357962959753
independent,,0.5,0.5,10,0.25,negative,5,jaccard_mean_pairwise,0.029523739905318837,0.0002487909443449493,300,0.028346357962959753
independent,,0.5,0.5,10,0.25,negative,5,share_negative_mean,0.5206666666666666,0.0029493431550857447,300,0.028346357962959753
independent,,0.5,0.5,10,0.25,negative,5,share_negative_sd_across_perceivers,0.2145586019066051,0.0018996499526120452,300,0.028346357962959753
independent,,0.5,0.5,10,0.25,negative,5,prop_perceivers_majority_negative,0.5443333333333333,0.006863347359350405,300,0.028346357962959753
independent,,0.5,0.5,10,0.25,negative,5,hit_rate_true_differences,0.09263333333333333,0.0015746729648141817,300,0.028346357962959753
independent,,0.5,0.5,10,0.25,positive,5,jaccard_mean_pairwise,0.0296576162628794,0.0002452999315853096,300,0.028346357962959753
independent,,0.5,0.5,10,0.25,positive,5,share_negative_mean,0.48430000000000006,0.002896876802047859,300,0.028346357962959753
independent,,0.5,0.5,10,0.25,positive,5,share_negative_sd_across_perceivers,0.21615743854184358,0.0019163676501457371,300,0.028346357962959753
independent,,0.5,0.5,10,0.25,positive,5,prop_perceivers_majority_negative,0.4656666666666666,0.00645399348918015,300,0.028346357962959753
independent,,0.5,0.5,10,0.25,positive,5,hit_rate_true_differences,0.09143333333333334,0.0016697307397356424,300,0.028346357962959753
independent,,0.5,0.5,10,0.25,mixed,5,jaccard_mean_pairwise,0.02942244500139235,0.0002453491781882904,300,0.028346357962959753
independent,,0.5,0.5,10,0.25,mixed,5,share_negative_mean,0.5003666666666667,0.002900158890558724,300,0.028346357962959753
independent,,0.5,0.5,10,0.25,mixed,5,share_negative_sd_across_perceivers,0.2176678528879275,0.001781337660729227,300,0.028346357962959753
independent,,0.5,0.5,10,0.25,mixed,5,prop_perceivers_majority_negative,0.49583333333333335,0.006587285197466483,300,0.028346357962959753
independent,,0.5,0.5,10,0.25,mixed,5,hit_rate_true_differences,0.09146666666666668,0.001659252180976214,300,0.028346357962959753
independent,,0.5,0.5,10,0.5,negative,5,jaccard_mean_pairwise,0.03427032859927593,0.000356996959227622,300,0.028346357962959753
independent,,0.5,0.5,10,0.5,negative,5,share_negative_mean,0.5508000000000001,0.0028445570862126158,300,0.028346357962959753
independent,,0.5,0.5,10,0.5,negative,5,share_negative_sd_across_perceivers,0.22010284569825667,0.0019290353632530025,300,0.028346357962959753
independent,,0.5,0.5,10,0.5,negative,5,prop_perceivers_majority_negative,0.5948333333333334,0.006018821896326164,300,0.028346357962959753
independent,,0.5,0.5,10,0.5,negative,5,hit_rate_true_differences,0.14803333333333338,0.002062403449763151,300,0.028346357962959753
independent,,0.5,0.5,10,0.5,positive,5,jaccard_mean_pairwise,0.03440420495683651,0.0003552000398170914,300,0.028346357962959753
independent,,0.5,0.5,10,0.5,positive,5,share_negative_mean,0.4439000000000001,0.0028833450937697145,300,0.028346357962959753
independent,,0.5,0.5,10,0.5,positive,5,share_negative_sd_across_perceivers,0.2134954726059947,0.0018753933824162405,300,0.028346357962959753
independent,,0.5,0.5,10,0.5,positive,5,prop_perceivers_majority_negative,0.39016666666666666,0.006468766970349546,300,0.028346357962959753
independent,,0.5,0.5,10,0.5,positive,5,hit_rate_true_differences,0.15050000000000002,0.001986085936386253,300,0.028346357962959753
independent,,0.5,0.5,10,0.5,mixed,5,jaccard_mean_pairwise,0.03499575327206903,0.00036326832456767816,300,0.028346357962959753
independent,,0.5,0.5,10,0.5,mixed,5,share_negative_mean,0.5003333333333334,0.0032917698571240566,300,0.028346357962959753
independent,,0.5,0.5,10,0.5,mixed,5,share_negative_sd_across_perceivers,0.21449386940890197,0.0018632101089200866,300,0.028346357962959753
independent,,0.5,0.5,10,0.5,mixed,5,prop_perceivers_majority_negative,0.5048333333333332,0.007211946352889266,300,0.028346357962959753
independent,,0.5,0.5,10,0.5,mixed,5,hit_rate_true_differences,0.15440000000000004,0.002092594576699061,300,0.028346357962959753
independent,,0.5,0.5,10,1.0,negative,5,jaccard_mean_pairwise,0.06653188526872728,0.0007432812429741296,300,0.028346357962959753
independent,,0.5,0.5,10,1.0,negative,5,share_negative_mean,0.6333000000000001,0.002534121657547411,300,0.028346357962959753
independent,,0.5,0.5,10,1.0,negative,5,share_negative_sd_across_perceivers,0.20613495695517808,0.001783928077032756,300,0.028346357962959753
independent,,0.5,0.5,10,1.0,negative,5,prop_perceivers_majority_negative,0.7446666666666666,0.005275536890541416,300,0.028346357962959753
independent,,0.5,0.5,10,1.0,negative,5,hit_rate_true_differences,0.29873333333333335,0.0021403348039984267,300,0.028346357962959753
independent,,0.5,0.5,10,1.0,positive,5,jaccard_mean_pairwise,0.06715873015873007,0.0007960079737281764,300,0.028346357962959753
independent,,0.5,0.5,10,1.0,positive,5,share_negative_mean,0.3682,0.0028304523355171226,300,0.028346357962959753
independent,,0.5,0.5,10,1.0,positive,5,share_negative_sd_across_perceivers,0.20673068154969784,0.0016704745991736561,300,0.028346357962959753
independent,,0.5,0.5,10,1.0,positive,5,prop_perceivers_majority_negative,0.263,0.0059206006203497315,300,0.028346357962959753
independent,,0.5,0.5,10,1.0,positive,5,hit_rate_true_differences,0.29930000000000007,0.002352808516491117,300,0.028346357962959753
independent,,0.5,0.5,10,1.0,mixed,5,jaccard_mean_pairwise,0.06708027011974371,0.0007987488038804897,300,0.028346357962959753
independent,,0.5,0.5,10,1.0,mixed,5,share_negative_mean,0.49893333333333334,0.003973516938886693,300,0.028346357962959753
independent,,0.5,0.5,10,1.0,mixed,5,share_negative_sd_across_perceivers,0.2102409575121508,0.0017801504147099145,300,0.028346357962959753
independent,,0.5,0.5,10,1.0,mixed,5,prop_perceivers_majority_negative,0.4971666666666666,0.008427070349686074,300,0.028346357962959753
independent,,0.5,0.5,10,1.0,mixed,5,hit_rate_true_differences,0.29993333333333333,0.002189461601240661,300,0.028346357962959753
independent,,0.5,0.5,10,2.0,negative,5,jaccard_mean_pairwise,0.22356307435254816,0.002106018266864417,300,0.028346357962959753
independent,,0.5,0.5,10,2.0,negative,5,share_negative_mean,0.7781666666666667,0.002325975818444723,300,0.028346357962959753
independent,,0.5,0.5,10,2.0,negative,5,share_negative_sd_across_perceivers,0.16997440811652087,0.0015760919378367676,300,0.028346357962959753
independent,,0.5,0.5,10,2.0,negative,5,prop_perceivers_majority_negative,0.9411666666666667,0.003278407563151668,300,0.028346357962959753
independent,,0.5,0.5,10,2.0,negative,5,hit_rate_true_differences,0.5777333333333333,0.0024304338186851636,300,0.028346357962959753
independent,,0.5,0.5,10,2.0,positive,5,jaccard_mean_pairwise,0.22493393205235326,0.002173035920882014,300,0.028346357962959753
independent,,0.5,0.5,10,2.0,positive,5,share_negative_mean,0.22000000000000006,0.0022748687590012848,300,0.028346357962959753
independent,,0.5,0.5,10,2.0,positive,5,share_negative_sd_across_perceivers,0.1700352058640375,0.0017192771294028248,300,0.028346357962959753
independent,,0.5,0.5,10,2.0,positive,5,prop_perceivers_majority_negative,0.0585,0.0032299894212044302,300,0.028346357962959753
independent,,0.5,0.5,10,2.0,positive,5,hit_rate_true_differences,0.5801333333333333,0.002507946493650334,300,0.028346357962959753
independent,,0.5,0.5,10,2.0,mixed,5,jaccard_mean_pairwise,0.22385964912280712,0.002208345742963752,300,0.028346357962959753
independent,,0.5,0.5,10,2.0,mixed,5,share_negative_mean,0.48453333333333337,0.007212829727081402,300,0.028346357962959753
independent,,0.5,0.5,10,2.0,mixed,5,share_negative_sd_across_perceivers,0.17878847103949447,0.0016194432211069352,300,0.028346357962959753
independent,,0.5,0.5,10,2.0,mixed,5,prop_perceivers_majority_negative,0.4646666666666667,0.014287409253379051,300,0.028346357962959753
independent,,0.5,0.5,10,2.0,mixed,5,hit_rate_true_differences,0.5780000000000001,0.002517275871838183,300,0.028346357962959753
independent,,0.5,0.5,30,0.0,none,0,jaccard_mean_pairwise,0.028091478696741837,0.00020433339928456693,300,0.028346357962959753
independent,,0.5,0.5,30,0.0,none,0,share_negative_mean,0.49910000000000004,0.0027800391389816415,300,0.028346357962959753
independent,,0.5,0.5,30,0.0,none,0,share_negative_sd_across_perceivers,0.21698452887721914,0.0019136083780928166,300,0.028346357962959753
independent,,0.5,0.5,30,0.0,none,0,prop_perceivers_majority_negative,0.4978333333333333,0.006247489276452031,300,0.028346357962959753
independent,,0.5,0.5,30,0.25,negative,5,jaccard_mean_pairwise,0.03288394597605121,0.0003018301596621067,300,0.028346357962959753
independent,,0.5,0.5,30,0.25,negative,5,share_negative_mean,0.544,0.0026404789944166206,300,0.028346357962959753
independent,,0.5,0.5,30,0.25,negative,5,share_negative_sd_across_perceivers,0.2154329279594297,0.0018209672246770198,300,0.028346357962959753
independent,,0.5,0.5,30,0.25,negative,5,prop_perceivers_majority_negative,0.584,0.006164052294651048,300,0.028346357962959753
independent,,0.5,0.5,30,0.25,negative,5,hit_rate_true_differences,0.13920000000000002,0.0018128981706192324,300,0.028346357962959753
independent,,0.5,0.5,30,0.25,positive,5,jaccard_mean_pairwise,0.03328564466722358,0.0003593791990350711,300,0.028346357962959753
independent,,0.5,0.5,30,0.25,positive,5,share_negative_mean,0.4502333333333333,0.0026520299258512435,300,0.028346357962959753
independent,,0.5,0.5,30,0.25,positive,5,share_negative_sd_across_perceivers,0.21603975704948386,0.0019019091060940821,300,0.028346357962959753
independent,,0.5,0.5,30,0.25,positive,5,prop_perceivers_majority_negative,0.40349999999999997,0.005887106823886657,300,0.028346357962959753
independent,,0.5,0.5,30,0.25,positive,5,hit_rate_true_differences,0.14316666666666666,0.001824800249194735,300,0.028346357962959753
independent,,0.5,0.5,30,0.25,mixed,5,jaccard_mean_pairwise,0.0329572542467279,0.0003273832207711552,300,0.028346357962959753
independent,,0.5,0.5,30,0.25,mixed,5,share_negative_mean,0.5022666666666666,0.0029734212184121017,300,0.028346357962959753
independent,,0.5,0.5,30,0.25,mixed,5,share_negative_sd_across_perceivers,0.21530825127059766,0.001880898109047053,300,0.028346357962959753
independent,,0.5,0.5,30,0.25,mixed,5,prop_perceivers_majority_negative,0.5098333333333335,0.006697386024524889,300,0.028346357962959753
independent,,0.5,0.5,30,0.25,mixed,5,hit_rate_true_differences,0.13943333333333335,0.0019069890427624134,300,0.028346357962959753
independent,,0.5,0.5,30,0.5,negative,5,jaccard_mean_pairwise,0.06425292397660809,0.0007703182102438207,300,0.028346357962959753
independent,,0.5,0.5,30,0.5,negative,5,share_negative_mean,0.6269333333333333,0.0026196637998753872,300,0.028346357962959753
independent,,0.5,0.5,30,0.5,negative,5,share_negative_sd_across_perceivers,0.20626900146810676,0.001789658547110966,300,0.028346357962959753
independent,,0.5,0.5,30,0.5,negative,5,prop_perceivers_majority_negative,0.7361666666666667,0.005567155300018357,300,0.028346357962959753
independent,,0.5,0.5,30,0.5,negative,5,hit_rate_true_differences,0.29043333333333343,0.0022239290175252243,300,0.028346357962959753
independent,,0.5,0.5,30,0.5,positive,5,jaccard_mean_pairwise,0.06372681704260642,0.000775423917549407,300,0.028346357962959753
independent,,0.5,0.5,30,0.5,positive,5,share_negative_mean,0.38096666666666673,0.0027594363622907687,300,0.028346357962959753
independent,,0.5,0.5,30,0.5,positive,5,share_negative_sd_across_perceivers,0.20466200626711567,0.001814740149170641,300,0.028346357962959753
independent,,0.5,0.5,30,0.5,positive,5,prop_perceivers_majority_negative,0.2743333333333334,0.006012219688398634,300,0.028346357962959753
independent,,0.5,0.5,30,0.5,positive,5,hit_rate_true_differences,0.2876333333333334,0.0022729558953960053,300,0.028346357962959753
independent,,0.5,0.5,30,0.5,mixed,5,jaccard_mean_pairwise,0.06322723475355045,0.0007356864041522896,300,0.028346357962959753
independent,,0.5,0.5,30,0.5,mixed,5,share_negative_mean,0.49893333333333334,0.004431893463631997,300,0.028346357962959753
independent,,0.5,0.5,30,0.5,mixed,5,share_negative_sd_across_perceivers,0.20977725622587495,0.0019376791770520626,300,0.028346357962959753
independent,,0.5,0.5,30,0.5,mixed,5,prop_perceivers_majority_negative,0.49383333333333335,0.009471009374953304,300,0.028346357962959753
independent,,0.5,0.5,30,0.5,mixed,5,hit_rate_true_differences,0.2869666666666667,0.002273250161125607,300,0.028346357962959753
independent,,0.5,0.5,30,1.0,negative,5,jaccard_mean_pairwise,0.26154824561403534,0.0023404162371566516,300,0.028346357962959753
independent,,0.5,0.5,30,1.0,negative,5,share_negative_mean,0.8019,0.002171614280706741,300,0.028346357962959753
independent,,0.5,0.5,30,1.0,negative,5,share_negative_sd_across_perceivers,0.16331548422056555,0.0016371379169091865,300,0.028346357962959753
independent,,0.5,0.5,30,1.0,negative,5,prop_perceivers_majority_negative,0.9556666666666667,0.002824022342775194,300,0.028346357962959753
independent,,0.5,0.5,30,1.0,negative,5,hit_rate_true_differences,0.6192,0.002366168082265924,300,0.028346357962959753
independent,,0.5,0.5,30,1.0,positive,5,jaccard_mean_pairwise,0.2583109161793375,0.0022762544584853735,300,0.028346357962959753
independent,,0.5,0.5,30,1.0,positive,5,share_negative_mean,0.2016333333333333,0.0020519986903130456,300,0.028346357962959753
independent,,0.5,0.5,30,1.0,positive,5,share_negative_sd_across_perceivers,0.16510699732879786,0.0014944150302482557,300,0.028346357962959753
independent,,0.5,0.5,30,1.0,positive,5,prop_perceivers_majority_negative,0.043833333333333335,0.002545224541626613,300,0.028346357962959753
independent,,0.5,0.5,30,1.0,positive,5,hit_rate_true_differences,0.6156999999999999,0.00232803906459656,300,0.028346357962959753
independent,,0.5,0.5,30,1.0,mixed,5,jaccard_mean_pairwise,0.2598546365914789,0.0022531883630724997,300,0.028346357962959753
independent,,0.5,0.5,30,1.0,mixed,5,share_negative_mean,0.5022666666666666,0.00785093754682693,300,0.028346357962959753
independent,,0.5,0.5,30,1.0,mixed,5,share_negative_sd_across_perceivers,0.174820131100239,0.0016761428739689816,300,0.028346357962959753
independent,,0.5,0.5,30,1.0,mixed,5,prop_perceivers_majority_negative,0.5048333333333332,0.01564499259780453,300,0.028346357962959753
independent,,0.5,0.5,30,1.0,mixed,5,hit_rate_true_differences,0.6182,0.002262653014098131,300,0.028346357962959753
independent,,0.5,0.5,30,2.0,negative,5,jaccard_mean_pairwise,0.8214584377610693,0.0033818316131053543,300,0.028346357962959753
independent,,0.5,0.5,30,2.0,negative,5,share_negative_mean,0.9709000000000001,0.0008263835060047223,300,0.028346357962959753
independent,,0.5,0.5,30,2.0,negative,5,share_negative_sd_across_perceivers,0.06963406150271366,0.0011297494238198486,300,0.028346357962959753
independent,,0.5,0.5,30,2.0,negative,5,prop_perceivers_majority_negative,1.0,0.0,300,0.028346357962959753
independent,,0.5,0.5,30,2.0,negative,5,hit_rate_true_differences,0.9423000000000001,0.0011857242634716995,300,0.028346357962959753
independent,,0.5,0.5,30,2.0,positive,5,jaccard_mean_pairwise,0.8187694931773878,0.0034033979217163875,300,0.028346357962959753
independent,,0.5,0.5,30,2.0,positive,5,share_negative_mean,0.0303,0.0009448151064013958,300,0.028346357962959753
independent,,0.5,0.5,30,2.0,positive,5,share_negative_sd_across_perceivers,0.06918425817413051,0.0012925090752557897,300,0.028346357962959753
independent,,0.5,0.5,30,2.0,positive,5,prop_perceivers_majority_negative,0.0,0.0,300,0.028346357962959753
independent,,0.5,0.5,30,2.0,positive,5,hit_rate_true_differences,0.9414333333333336,0.0011986785118021672,300,0.028346357962959753
independent,,0.5,0.5,30,2.0,mixed,5,jaccard_mean_pairwise,0.8115950988582569,0.003684022704998242,300,0.028346357962959753
independent,,0.5,0.5,30,2.0,mixed,5,share_negative_mean,0.4951,0.011391236926111246,300,0.028346357962959753
independent,,0.5,0.5,30,2.0,mixed,5,share_negative_sd_across_perceivers,0.07249497228774447,0.0013850634169424122,300,0.028346357962959753
independent,,0.5,0.5,30,2.0,mixed,5,prop_perceivers_majority_negative,0.49916666666666665,0.025641663174905897,300,0.028346357962959753
independent,,0.5,0.5,30,2.0,mixed,5,hit_rate_true_differences,0.9386333333333332,0.0012963359162956596,300,0.028346357962959753
independent,,0.5,0.5,100,0.0,none,0,jaccard_mean_pairwise,0.028166666666666645,0.00022266842841313565,300,0.028346357962959753
independent,,0.5,0.5,100,0.0,none,0,share_negative_mean,0.5045666666666667,0.002790419320664125,300,0.028346357962959753
independent,,0.5,0.5,100,0.0,none,0,share_negative_sd_across_perceivers,0.2187838282572646,0.001804199500925452,300,0.028346357962959753
independent,,0.5,0.5,100,0.0,none,0,prop_perceivers_majority_negative,0.5141666666666667,0.006181292727615052,300,0.028346357962959753
independent,,0.5,0.5,100,0.25,negative,5,jaccard_mean_pairwise,0.057550543024227165,0.0006465353790635832,300,0.028346357962959753
independent,,0.5,0.5,100,0.25,negative,5,share_negative_mean,0.6144333333333334,0.002521266662130008,300,0.028346357962959753
independent,,0.5,0.5,100,0.25,negative,5,share_negative_sd_across_perceivers,0.20805376610189666,0.0018277803933352899,300,0.028346357962959753
independent,,0.5,0.5,100,0.25,negative,5,prop_perceivers_majority_negative,0.7186666666666668,0.005425554409830571,300,0.028346357962959753
independent,,0.5,0.5,100,0.25,negative,5,hit_rate_true_differences,0.2684,0.0021401090835824485,300,0.028346357962959753
independent,,0.5,0.5,100,0.25,positive,5,jaccard_mean_pairwise,0.05955736563631292,0.0007723462438361327,300,0.028346357962959753
independent,,0.5,0.5,100,0.25,positive,5,share_negative_mean,0.3794333333333334,0.002634569231449965,300,0.028346357962959753
independent,,0.5,0.5,100,0.25,positive,5,share_negative_sd_across_perceivers,0.20681282758515937,0.001701166677665168,300,0.028346357962959753
independent,,0.5,0.5,100,0.25,positive,5,prop_perceivers_majority_negative,0.2763333333333334,0.00560892610267504,300,0.028346357962959753
independent,,0.5,0.5,100,0.25,positive,5,hit_rate_true_differences,0.27420000000000005,0.0024098182670623854,300,0.028346357962959753
independent,,0.5,0.5,100,0.25,mixed,5,jaccard_mean_pairwise,0.0575451127819548,0.000650883198250349,300,0.028346357962959753
independent,,0.5,0.5,100,0.25,mixed,5,share_negative_mean,0.5063000000000001,0.003739560720361537,300,0.028346357962959753
independent,,0.5,0.5,100,0.25,mixed,5,share_negative_sd_across_perceivers,0.21137293073024951,0.0018394229801776023,300,0.028346357962959753
independent,,0.5,0.5,100,0.25,mixed,5,prop_perceivers_majority_negative,0.5143333333333333,0.007910710368599033,300,0.028346357962959753
independent,,0.5,0.5,100,0.25,mixed,5,hit_rate_true_differences,0.26783333333333337,0.002056860794634001,300,0.028346357962959753
independent,,0.5,0.5,100,0.5,negative,5,jaccard_mean_pairwise,0.24963874965190777,0.002309656997301872,300,0.028346357962959753
independent,,0.5,0.5,100,0.5,negative,5,share_negative_mean,0.7971333333333334,0.0022316629637554697,300,0.028346357962959753
independent,,0.5,0.5,100,0.5,negative,5,share_negative_sd_across_perceivers,0.16317808843898646,0.0015091489426915805,300,0.028346357962959753
independent,,0.5,0.5,100,0.5,negative,5,prop_perceivers_majority_negative,0.9568333333333334,0.002495238870267791,300,0.028346357962959753
independent,,0.5,0.5,100,0.5,negative,5,hit_rate_true_differences,0.6070666666666666,0.0024518067568826667,300,0.028346357962959753
independent,,0.5,0.5,100,0.5,positive,5,jaccard_mean_pairwise,0.24249046226677828,0.002266014571688085,300,0.028346357962959753
independent,,0.5,0.5,100,0.5,positive,5,share_negative_mean,0.2094666666666667,0.002237599712012919,300,0.028346357962959753
independent,,0.5,0.5,100,0.5,positive,5,share_negative_sd_across_perceivers,0.1674907029708199,0.001565545980201388,300,0.028346357962959753
independent,,0.5,0.5,100,0.5,positive,5,prop_perceivers_majority_negative,0.04933333333333333,0.002891317619548029,300,0.028346357962959753
independent,,0.5,0.5,100,0.5,positive,5,hit_rate_true_differences,0.5997333333333333,0.002472544144151706,300,0.028346357962959753
independent,,0.5,0.5,100,0.5,mixed,5,jaccard_mean_pairwise,0.24451364522417174,0.0023757227903646112,300,0.028346357962959753
independent,,0.5,0.5,100,0.5,mixed,5,share_negative_mean,0.5130666666666667,0.007132273647834065,300,0.028346357962959753
independent,,0.5,0.5,100,0.5,mixed,5,share_negative_sd_across_perceivers,0.1749872665204522,0.0016174875984844843,300,0.028346357962959753
independent,,0.5,0.5,100,0.5,mixed,5,prop_perceivers_majority_negative,0.5193333333333334,0.014891980688094079,300,0.028346357962959753
independent,,0.5,0.5,100,0.5,mixed,5,hit_rate_true_differences,0.6005333333333334,0.0025113225576337502,300,0.028346357962959753
independent,,0.5,0.5,100,1.0,negative,5,jaccard_mean_pairwise,0.8827357978279029,0.0029212199127546298,300,0.028346357962959753
independent,,0.5,0.5,100,1.0,negative,5,share_negative_mean,0.9806,0.0007214811966065754,300,0.028346357962959753
independent,,0.5,0.5,100,1.0,negative,5,share_negative_sd_across_perceivers,0.05511671953129495,0.0014149683052795323,300,0.028346357962959753
independent,,0.5,0.5,100,1.0,negative,5,prop_perceivers_majority_negative,1.0,0.0,300,0.028346357962959753
independent,,0.5,0.5,100,1.0,negative,5,hit_rate_true_differences,0.9632333333333334,0.0009605581029763938,300,0.028346357962959753
independent,,0.5,0.5,100,1.0,positive,5,jaccard_mean_pairwise,0.8834139515455303,0.0032268778896380537,300,0.028346357962959753
independent,,0.5,0.5,100,1.0,positive,5,share_negative_mean,0.0184,0.0007875282019688698,300,0.028346357962959753
independent,,0.5,0.5,100,1.0,positive,5,share_negative_sd_across_perceivers,0.052316807172040354,0.0015271650043860677,300,0.028346357962959753
independent,,0.5,0.5,100,1.0,positive,5,prop_perceivers_majority_negative,0.0,0.0,300,0.028346357962959753
independent,,0.5,0.5,100,1.0,positive,5,hit_rate_true_differences,0.9633,0.0010675773008075595,300,0.028346357962959753
independent,,0.5,0.5,100,1.0,mixed,5,jaccard_mean_pairwise,0.8855627262600945,0.003068590792992606,300,0.028346357962959753
independent,,0.5,0.5,100,1.0,mixed,5,share_negative_mean,0.49826666666666664,0.012228454611785313,300,0.028346357962959753
independent,,0.5,0.5,100,1.0,mixed,5,share_negative_sd_across_perceivers,0.04944241855707778,0.0016396715347901346,300,0.028346357962959753
independent,,0.5,0.5,100,1.0,mixed,5,prop_perceivers_majority_negative,0.49083333333333334,0.027286679805990206,300,0.028346357962959753
independent,,0.5,0.5,100,1.0,mixed,5,hit_rate_true_differences,0.9640333333333334,0.0010106438374539153,300,0.028346357962959753
independent,,0.5,0.5,100,2.0,negative,5,jaccard_mean_pairwise,1.0,0.0,300,0.028346357962959753
independent,,0.5,0.5,100,2.0,negative,5,share_negative_mean,1.0,0.0,300,0.028346357962959753
independent,,0.5,0.5,100,2.0,negative,5,share_negative_sd_across_perceivers,0.0,0.0,300,0.028346357962959753
independent,,0.5,0.5,100,2.0,negative,5,prop_perceivers_majority_negative,1.0,0.0,300,0.028346357962959753
independent,,0.5,0.5,100,2.0,negative,5,hit_rate_true_differences,1.0,0.0,300,0.028346357962959753
independent,,0.5,0.5,100,2.0,positive,5,jaccard_mean_pairwise,1.0,0.0,300,0.028346357962959753
independent,,0.5,0.5,100,2.0,positive,5,share_negative_mean,0.0,0.0,300,0.028346357962959753
independent,,0.5,0.5,100,2.0,positive,5,share_negative_sd_across_perceivers,0.0,0.0,300,0.028346357962959753
independent,,0.5,0.5,100,2.0,positive,5,prop_perceivers_majority_negative,0.0,0.0,300,0.028346357962959753
independent,,0.5,0.5,100,2.0,positive,5,hit_rate_true_differences,1.0,0.0,300,0.028346357962959753
independent,,0.5,0.5,100,2.0,mixed,5,jaccard_mean_pairwise,1.0,0.0,300,0.028346357962959753
independent,,0.5,0.5,100,2.0,mixed,5,share_negative_mean,0.5253333333333333,0.011986366589622146,300,0.028346357962959753
independent,,0.5,0.5,100,2.0,mixed,5,share_negative_sd_across_perceivers,8.144313243151182e-17,2.143262468965529e-18,300,0.028346357962959753
independent,,0.5,0.5,100,2.0,mixed,5,prop_perceivers_majority_negative,0.56,0.02870679828121778,300,0.028346357962959753
independent,,0.5,0.5,100,2.0,mixed,5,hit_rate_true_differences,1.0,0.0,300,0.028346357962959753
independent,,0.6,0.4,10,0.0,none,0,jaccard_mean_pairwise,0.04134983291562234,0.00030608532660752834,300,0.028346357962959753
independent,,0.6,0.4,10,0.0,none,0,share_negative_mean,0.8274666666666667,0.002197786122996903,300,0.028346357962959753
independent,,0.6,0.4,10,0.0,none,0,share_negative_sd_across_perceivers,0.17044824044587548,0.0017614871017672246,300,0.028346357962959753
independent,,0.6,0.4,10,0.0,none,0,prop_perceivers_majority_negative,0.9560000000000001,0.002648488767886922,300,0.028346357962959753
independent,,0.6,0.4,10,0.25,negative,5,jaccard_mean_pairwise,0.045436299081035865,0.0003723282560527155,300,0.028346357962959753
independent,,0.6,0.4,10,0.25,negative,5,share_negative_mean,0.8498333333333334,0.0022345509917033623,300,0.028346357962959753
independent,,0.6,0.4,10,0.25,negative,5,share_negative_sd_across_perceivers,0.16200686973265324,0.0017896336656862493,300,0.028346357962959753
independent,,0.6,0.4,10,0.25,negative,5,prop_perceivers_majority_negative,0.9661666666666667,0.0024853902355197253,300,0.028346357962959753
independent,,0.6,0.4,10,0.25,negative,5,hit_rate_true_differences,0.1435666666666667,0.002032850793484191,300,0.028346357962959753
independent,,0.6,0.4,10,0.25,positive,5,jaccard_mean_pairwise,0.03965664160400998,0.0003002715327519133,300,0.028346357962959753
independent,,0.6,0.4,10,0.25,positive,5,share_negative_mean,0.8163666666666668,0.002114186478705459,300,0.028346357962959753
independent,,0.6,0.4,10,0.25,positive,5,share_negative_sd_across_perceivers,0.1774750201698495,0.0017599463997247588,300,0.028346357962959753
independent,,0.6,0.4,10,0.25,positive,5,prop_perceivers_majority_negative,0.9453333333333334,0.0028595254704262296,300,0.028346357962959753
independent,,0.6,0.4,10,0.25,positive,5,hit_rate_true_differences,0.0337,0.0010159980073541498,300,0.028346357962959753
independent,,0.6,0.4,10,0.25,mixed,5,jaccard_mean_pairwise,0.04261403508771924,0.000346723570746726,300,0.028346357962959753
independent,,0.6,0.4,10,0.25,mixed,5,share_negative_mean,0.8361666666666667,0.002224049323204764,300,0.028346357962959753
independent,,0.6,0.4,10,0.25,mixed,5,share_negative_sd_across_perceivers,0.1689501391046512,0.0017561799966340505,300,0.028346357962959753
independent,,0.6,0.4,10,0.25,mixed,5,prop_perceivers_majority_negative,0.958,0.002672791183207192,300,0.028346357962959753
independent,,0.6,0.4,10,0.25,mixed,5,hit_rate_true_differences,0.08886666666666666,0.0019731041778422035,300,0.028346357962959753
independent,,0.6,0.4,10,0.5,negative,5,jaccard_mean_pairwise,0.0570996240601503,0.0005546574305350583,300,0.028346357962959753
independent,,0.6,0.4,10,0.5,negative,5,share_negative_mean,0.8739666666666669,0.001906918889383467,300,0.028346357962959753
independent,,0.6,0.4,10,0.5,negative,5,share_negative_sd_across_perceivers,0.14949167322123658,0.0015972027736061,300,0.028346357962959753
independent,,0.6,0.4,10,0.5,negative,5,prop_perceivers_majority_negative,0.9820000000000001,0.0016787743046965111,300,0.028346357962959753
independent,,0.6,0.4,10,0.5,negative,5,hit_rate_true_differences,0.2242,0.002210010669021902,300,0.028346357962959753
independent,,0.6,0.4,10,0.5,positive,5,jaccard_mean_pairwise,0.04023913951545526,0.0003195808382170568,300,0.028346357962959753
independent,,0.6,0.4,10,0.5,positive,5,share_negative_mean,0.8095666666666667,0.002480343384961183,300,0.028346357962959753
independent,,0.6,0.4,10,0.5,positive,5,share_negative_sd_across_perceivers,0.17506986423663895,0.0018113992004503742,300,0.028346357962959753
independent,,0.6,0.4,10,0.5,positive,5,prop_perceivers_majority_negative,0.9441666666666667,0.003153967377645074,300,0.028346357962959753
independent,,0.6,0.4,10,0.5,positive,5,hit_rate_true_differences,0.05313333333333334,0.0013181465090229346,300,0.028346357962959753
independent,,0.6,0.4,10,0.5,mixed,5,jaccard_mean_pairwise,0.04968762183235861,0.0005152996686199266,300,0.028346357962959753
independent,,0.6,0.4,10,0.5,mixed,5,share_negative_mean,0.8431666666666667,0.00243692256783737,300,0.028346357962959753
independent,,0.6,0.4,10,0.5,mixed,5,share_negative_sd_across_perceivers,0.16518714805036544,0.0018306002166542882,300,0.028346357962959753
independent,,0.6,0.4,10,0.5,mixed,5,prop_perceivers_majority_negative,0.9630000000000001,0.002659200808685601,300,0.028346357962959753
independent,,0.6,0.4,10,0.5,mixed,5,hit_rate_true_differences,0.13890000000000002,0.002809715982425129,300,0.028346357962959753
independent,,0.6,0.4,10,1.0,negative,5,jaccard_mean_pairwise,0.12335199108883305,0.0012153772049302916,300,0.028346357962959753
independent,,0.6,0.4,10,1.0,negative,5,share_negative_mean,0.9264666666666669,0.0015698336073649123,300,0.028346357962959753
independent,,0.6,0.4,10,1.0,negative,5,share_negative_sd_across_perceivers,0.11452581315740692,0.001511534654205915,300,0.028346357962959753
independent,,0.6,0.4,10,1.0,negative,5,prop_perceivers_majority_negative,0.9956666666666668,0.0008793852790277102,300,0.028346357962959753
independent,,0.6,0.4,10,1.0,negative,5,hit_rate_true_differences,0.4187333333333333,0.0023269988870090186,300,0.028346357962959753
independent,,0.6,0.4,10,1.0,positive,5,jaccard_mean_pairwise,0.04198962684488996,0.00033432773538428665,300,0.028346357962959753
independent,,0.6,0.4,10,1.0,positive,5,share_negative_mean,0.7552666666666668,0.002512130362758791,300,0.028346357962959753
independent,,0.6,0.4,10,1.0,positive,5,share_negative_sd_across_perceivers,0.19179606811115468,0.0017789159842835646,300,0.028346357962959753
independent,,0.6,0.4,10,1.0,positive,5,prop_perceivers_majority_negative,0.9025000000000002,0.003944465380110983,300,0.028346357962959753
independent,,0.6,0.4,10,1.0,positive,5,hit_rate_true_differences,0.12016666666666669,0.0018592972463983566,300,0.028346357962959753
independent,,0.6,0.4,10,1.0,mixed,5,jaccard_mean_pairwise,0.08340023670286816,0.0013918995995367835,300,0.028346357962959753
independent,,0.6,0.4,10,1.0,mixed,5,share_negative_mean,0.8492333333333333,0.002849482471086392,300,0.028346357962959753
independent,,0.6,0.4,10,1.0,mixed,5,share_negative_sd_across_perceivers,0.1565110061899907,0.0018925762449690845,300,0.028346357962959753
independent,,0.6,0.4,10,1.0,mixed,5,prop_perceivers_majority_negative,0.9706666666666668,0.002480395072881961,300,0.028346357962959753
independent,,0.6,0.4,10,1.0,mixed,5,hit_rate_true_differences,0.2635,0.00408742940645234,300,0.028346357962959753
independent,,0.6,0.4,10,2.0,negative,5,jaccard_mean_pairwise,0.3838109857978284,0.0028791778846828328,300,0.028346357962959753
independent,,0.6,0.4,10,2.0,negative,5,share_negative_mean,0.9824,0.0007057022088535817,300,0.028346357962959753
independent,,0.6,0.4,10,2.0,negative,5,share_negative_sd_across_perceivers,0.05300665026860131,0.0014917641759082392,300,0.028346357962959753
independent,,0.6,0.4,10,2.0,negative,5,prop_perceivers_majority_negative,0.9998333333333332,0.00016666666666666677,300,0.028346357962959753
independent,,0.6,0.4,10,2.0,negative,5,hit_rate_true_differences,0.7230666666666667,0.0021232341779018004,300,0.028346357962959753
independent,,0.6,0.4,10,2.0,positive,5,jaccard_mean_pairwise,0.06380172653856855,0.0006760331138915503,300,0.028346357962959753
independent,,0.6,0.4,10,2.0,positive,5,share_negative_mean,0.6581,0.0026786596258771564,300,0.028346357962959753
independent,,0.6,0.4,10,2.0,positive,5,share_negative_sd_across_perceivers,0.20204056290934555,0.0017463690387474074,300,0.028346357962959753
independent,,0.6,0.4,10,2.0,positive,5,prop_perceivers_majority_negative,0.785,0.005519298260534598,300,0.028346357962959753
independent,,0.6,0.4,10,2.0,positive,5,hit_rate_true_differences,0.25656666666666667,0.0023537812428052426,300,0.028346357962959753
independent,,0.6,0.4,10,2.0,mixed,5,jaccard_mean_pairwise,0.23527596769702047,0.0049624317231344185,300,0.028346357962959753
independent,,0.6,0.4,10,2.0,mixed,5,share_negative_mean,0.8572666666666668,0.004952796881844201,300,0.028346357962959753
independent,,0.6,0.4,10,2.0,mixed,5,share_negative_sd_across_perceivers,0.14155449359608085,0.0025383584806255217,300,0.028346357962959753
independent,,0.6,0.4,10,2.0,mixed,5,prop_perceivers_majority_negative,0.9651666666666665,0.0039906407599799906,300,0.028346357962959753
independent,,0.6,0.4,10,2.0,mixed,5,hit_rate_true_differences,0.48576666666666674,0.006548952673692135,300,0.028346357962959753
independent,,0.6,0.4,30,0.0,none,0,jaccard_mean_pairwise,0.04060303536619321,0.0003198491632196851,300,0.028346357962959753
independent,,0.6,0.4,30,0.0,none,0,share_negative_mean,0.8243666666666668,0.002153992602655085,300,0.028346357962959753
independent,,0.6,0.4,30,0.0,none,0,share_negative_sd_across_perceivers,0.17169734511969093,0.001753132931207522,300,0.028346357962959753
independent,,0.6,0.4,30,0.0,none,0,prop_perceivers_majority_negative,0.9521666666666666,0.0027250268051552387,300,0.028346357962959753
independent,,0.6,0.4,30,0.25,negative,5,jaccard_mean_pairwise,0.051927109440267266,0.0004840554442605155,300,0.028346357962959753
independent,,0.6,0.4,30,0.25,negative,5,share_negative_mean,0.8592000000000002,0.0020199892932153307,300,0.028346357962959753
independent,,0.6,0.4,30,0.25,negative,5,share_negative_sd_across_perceivers,0.15777193016477922,0.0016371026137471164,300,0.028346357962959753
independent,,0.6,0.4,30,0.25,negative,5,prop_perceivers_majority_negative,0.9748333333333333,0.001996350255869445,300,0.028346357962959753
independent,,0.6,0.4,30,0.25,negative,5,hit_rate_true_differences,0.20143333333333333,0.0021947633700389007,300,0.028346357962959753
independent,,0.6,0.4,30,0.25,positive,5,jaccard_mean_pairwise,0.03926287942077412,0.0003312395614990272,300,0.028346357962959753
independent,,0.6,0.4,30,0.25,positive,5,share_negative_mean,0.7941333333333334,0.0022365033493184066,300,0.028346357962959753
independent,,0.6,0.4,30,0.25,positive,5,share_negative_sd_across_perceivers,0.18213288440005238,0.0017294218559387835,300,0.028346357962959753
independent,,0.6,0.4,30,0.25,positive,5,prop_perceivers_majority_negative,0.9339999999999999,0.003155572304088787,300,0.028346357962959753
independent,,0.6,0.4,30,0.25,positive,5,hit_rate_true_differences,0.05803333333333333,0.0012903019906413923,300,0.028346357962959753
independent,,0.6,0.4,30,0.25,mixed,5,jaccard_mean_pairwise,0.046751670843776044,0.00044070235797851723,300,0.028346357962959753
independent,,0.6,0.4,30,0.25,mixed,5,share_negative_mean,0.8289,0.0023385123285571585,300,0.028346357962959753
independent,,0.6,0.4,30,0.25,mixed,5,share_negative_sd_across_perceivers,0.17020626133473302,0.0016082327640464503,300,0.028346357962959753
independent,,0.6,0.4,30,0.25,mixed,5,prop_perceivers_majority_negative,0.9556666666666668,0.002597843773311128,300,0.028346357962959753
independent,,0.6,0.4,30,0.25,mixed,5,hit_rate_true_differences,0.12823333333333334,0.0025229463466950202,300,0.028346357962959753
independent,,0.6,0.4,30,0.5,negative,5,jaccard_mean_pairwise,0.10460832637148414,0.001027851839321872,300,0.028346357962959753
independent,,0.6,0.4,30,0.5,negative,5,share_negative_mean,0.9074333333333334,0.0017940930784068486,300,0.028346357962959753
independent,,0.6,0.4,30,0.5,negative,5,share_negative_sd_across_perceivers,0.1292196030876572,0.0015767402229260473,300,0.028346357962959753
independent,,0.6,0.4,30,0.5,negative,5,prop_perceivers_majority_negative,0.9903333333333332,0.0012580473033497698,300,0.028346357962959753
independent,,0.6,0.4,30,0.5,negative,5,hit_rate_true_differences,0.3778,0.0023777770831812884,300,0.028346357962959753
independent,,0.6,0.4,30,0.5,positive,5,jaccard_mean_pairwise,0.043135964912280646,0.00033093218023330103,300,0.028346357962959753
independent,,0.6,0.4,30,0.5,positive,5,share_negative_mean,0.7339666666666668,0.0024851390336057258,300,0.028346357962959753
independent,,0.6,0.4,30,0.5,positive,5,share_negative_sd_across_perceivers,0.19420916382255296,0.001658867614879184,300,0.028346357962959753
independent,,0.6,0.4,30,0.5,positive,5,prop_perceivers_majority_negative,0.8808333333333334,0.0038175965091470565,300,0.028346357962959753
independent,,0.6,0.4,30,0.5,positive,5,hit_rate_true_differences,0.1382,0.0019023777880869158,300,0.028346357962959753
independent,,0.6,0.4,30,0.5,mixed,5,jaccard_mean_pairwise,0.07673955722639922,0.0011358474350819958,300,0.028346357962959753
independent,,0.6,0.4,30,0.5,mixed,5,share_negative_mean,0.8263666666666668,0.0030767580316195873,300,0.028346357962959753
independent,,0.6,0.4,30,0.5,mixed,5,share_negative_sd_across_perceivers,0.16647871299546968,0.0018431063936851552,300,0.028346357962959753
independent,,0.6,0.4,30,0.5,mixed,5,prop_perceivers_majority_negative,0.9560000000000001,0.0030220298537592676,300,0.028346357962959753
independent,,0.6,0.4,30,0.5,mixed,5,hit_rate_true_differences,0.25970000000000004,0.0037459349948320312,300,0.028346357962959753
independent,,0.6,0.4,30,1.0,negative,5,jaccard_mean_pairwise,0.37579490392648335,0.0028568777390692965,300,0.028346357962959753
independent,,0.6,0.4,30,1.0,negative,5,share_negative_mean,0.9775666666666666,0.0009332437447049103,300,0.028346357962959753
independent,,0.6,0.4,30,1.0,negative,5,share_negative_sd_across_perceivers,0.05991589256657543,0.001881842251655957,300,0.028346357962959753
independent,,0.6,0.4,30,1.0,negative,5,prop_perceivers_majority_negative,0.9998333333333332,0.00016666666666666674,300,0.028346357962959753
independent,,0.6,0.4,30,1.0,negative,5,hit_rate_true_differences,0.7167,0.0021275728735388848,300,0.028346357962959753
independent,,0.6,0.4,30,1.0,positive,5,jaccard_mean_pairwise,0.09496157059314941,0.0009833604087876378,300,0.028346357962959753
independent,,0.6,0.4,30,1.0,positive,5,share_negative_mean,0.5720333333333334,0.0027591131390375537,300,0.028346357962959753
independent,,0.6,0.4,30,1.0,positive,5,share_negative_sd_across_perceivers,0.20105428293798158,0.0016921248646526083,300,0.028346357962959753
independent,,0.6,0.4,30,1.0,positive,5,prop_perceivers_majority_negative,0.6419999999999999,0.006475061498139015,300,0.028346357962959753
independent,,0.6,0.4,30,1.0,positive,5,hit_rate_true_differences,0.35533333333333333,0.0024046282637000065,300,0.028346357962959753
independent,,0.6,0.4,30,1.0,mixed,5,jaccard_mean_pairwise,0.23700863269284336,0.004299775776912794,300,0.028346357962959753
independent,,0.6,0.4,30,1.0,mixed,5,share_negative_mean,0.8018000000000001,0.005865862162331241,300,0.028346357962959753
independent,,0.6,0.4,30,1.0,mixed,5,share_negative_sd_across_perceivers,0.15271862603518532,0.002234692718884216,300,0.028346357962959753
independent,,0.6,0.4,30,1.0,mixed,5,prop_perceivers_majority_negative,0.9353333333333335,0.005705975536139845,300,0.028346357962959753
independent,,0.6,0.4,30,1.0,mixed,5,hit_rate_true_differences,0.5322000000000001,0.005149003865086487,300,0.028346357962959753
independent,,0.6,0.4,30,2.0,negative,5,jaccard_mean_pairwise,0.9315252715121134,0.0026352266570751418,300,0.028346357962959753
independent,,0.6,0.4,30,2.0,negative,5,share_negative_mean,0.9998000000000001,8.096409047527368e-05,300,0.028346357962959753
independent,,0.6,0.4,30,2.0,negative,5,share_negative_sd_across_perceivers,0.0008944271909999157,0.0003620824200783101,300,0.028346357962959753
independent,,0.6,0.4,30,2.0,negative,5,prop_perceivers_majority_negative,1.0,0.0,300,0.028346357962959753
independent,,0.6,0.4,30,2.0,negative,5,hit_rate_true_differences,0.9788999999999999,0.0008309575945671264,300,0.028346357962959753
independent,,0.6,0.4,30,2.0,positive,5,jaccard_mean_pairwise,0.35810999721526077,0.0027663774243759116,300,0.028346357962959753
independent,,0.6,0.4,30,2.0,positive,5,share_negative_mean,0.27910000000000007,0.002064341303351364,300,0.028346357962959753
independent,,0.6,0.4,30,2.0,positive,5,share_negative_sd_across_perceivers,0.17046290904983044,0.0015671443287903237,300,0.028346357962959753
independent,,0.6,0.4,30,2.0,positive,5,prop_perceivers_majority_negative,0.09583333333333334,0.0036534549654662096,300,0.028346357962959753
independent,,0.6,0.4,30,2.0,positive,5,hit_rate_true_differences,0.7030333333333334,0.0021294235004912588,300,0.028346357962959753
independent,,0.6,0.4,30,2.0,mixed,5,jaccard_mean_pairwise,0.5581263575605689,0.007567266074513386,300,0.028346357962959753
independent,,0.6,0.4,30,2.0,mixed,5,share_negative_mean,0.7094666666666667,0.009227651399626485,300,0.028346357962959753
independent,,0.6,0.4,30,2.0,mixed,5,share_negative_sd_across_perceivers,0.12956677046058288,0.002237835397867275,300,0.028346357962959753
independent,,0.6,0.4,30,2.0,mixed,5,prop_perceivers_majority_negative,0.844,0.013691211610457228,300,0.028346357962959753
independent,,0.6,0.4,30,2.0,mixed,5,hit_rate_true_differences,0.8054,0.003833566470541234,300,0.028346357962959753
independent,,0.6,0.4,100,0.0,none,0,jaccard_mean_pairwise,0.03956342244500135,0.00033195835271965484,300,0.028346357962959753
independent,,0.6,0.4,100,0.0,none,0,share_negative_mean,0.8137666666666666,0.0023368590976382787,300,0.028346357962959753
independent,,0.6,0.4,100,0.0,none,0,share_negative_sd_across_perceivers,0.17689578517688598,0.001736790830585259,300,0.028346357962959753
independent,,0.6,0.4,100,0.0,none,0,prop_perceivers_majority_negative,0.9460000000000001,0.0028138057479271737,300,0.028346357962959753
independent,,0.6,0.4,100,0.25,negative,5,jaccard_mean_pairwise,0.09175529100529088,0.0010226541480055373,300,0.028346357962959753
independent,,0.6,0.4,100,0.25,negative,5,share_negative_mean,0.8904,0.0018534730423830225,300,0.028346357962959753
independent,,0.6,0.4,100,0.25,negative,5,share_negative_sd_across_perceivers,0.13948574579864886,0.0015890035888100858,300,0.028346357962959753
independent,,0.6,0.4,100,0.25,negative,5,prop_perceivers_majority_negative,0.9870000000000001,0.0013939669338650152,300,0.028346357962959753
independent,,0.6,0.4,100,0.25,negative,5,hit_rate_true_differences,0.34653333333333336,0.0023717838440190757,300,0.028346357962959753
independent,,0.6,0.4,100,0.25,positive,5,jaccard_mean_pairwise,0.04165726817042601,0.0003263409978581325,300,0.028346357962959753
independent,,0.6,0.4,100,0.25,positive,5,share_negative_mean,0.7296,0.0025870615382036473,300,0.028346357962959753
independent,,0.6,0.4,100,0.25,positive,5,share_negative_sd_across_perceivers,0.19467870357923284,0.0017445825694171306,300,0.028346357962959753
independent,,0.6,0.4,100,0.25,positive,5,prop_perceivers_majority_negative,0.8743333333333334,0.004219938164502642,300,0.028346357962959753
independent,,0.6,0.4,100,0.25,positive,5,hit_rate_true_differences,0.1325,0.0017850643824518847,300,0.028346357962959753
independent,,0.6,0.4,100,0.25,mixed,5,jaccard_mean_pairwise,0.06865490114174314,0.0009462280366492913,300,0.028346357962959753
independent,,0.6,0.4,100,0.25,mixed,5,share_negative_mean,0.8161666666666667,0.003152553187756724,300,0.028346357962959753
independent,,0.6,0.4,100,0.25,mixed,5,share_negative_sd_across_perceivers,0.1684373120561253,0.001845809199521994,300,0.028346357962959753
independent,,0.6,0.4,100,0.25,mixed,5,prop_perceivers_majority_negative,0.9498333333333335,0.0031277013593668684,300,0.028346357962959753
independent,,0.6,0.4,100,0.25,mixed,5,hit_rate_true_differences,0.24176666666666666,0.003415427760263942,300,0.028346357962959753
independent,,0.6,0.4,100,0.5,negative,5,jaccard_mean_pairwise,0.33126294903926523,0.0027076505521982535,300,0.028346357962959753
independent,,0.6,0.4,100,0.5,negative,5,share_negative_mean,0.9677666666666668,0.001108413484834546,300,0.028346357962959753
independent,,0.6,0.4,100,0.5,negative,5,share_negative_sd_across_perceivers,0.07389876551042411,0.001530871658058143,300,0.028346357962959753
independent,,0.6,0.4,100,0.5,negative,5,prop_perceivers_majority_negative,1.0,0.0,300,0.028346357962959753
independent,,0.6,0.4,100,0.5,negative,5,hit_rate_true_differences,0.6805000000000001,0.0022886102553253537,300,0.028346357962959753
independent,,0.6,0.4,100,0.5,positive,5,jaccard_mean_pairwise,0.10603376496797537,0.0011319736659872273,300,0.028346357962959753
independent,,0.6,0.4,100,0.5,positive,5,share_negative_mean,0.5444666666666667,0.0025751030472971727,300,0.028346357962959753
independent,,0.6,0.4,100,0.5,positive,5,share_negative_sd_across_perceivers,0.20256917256437737,0.0017642327174218302,300,0.028346357962959753
independent,,0.6,0.4,100,0.5,positive,5,prop_perceivers_majority_negative,0.5920000000000001,0.0064014700095498455,300,0.028346357962959753
independent,,0.6,0.4,100,0.5,positive,5,hit_rate_true_differences,0.3831333333333333,0.0024036730223792003,300,0.028346357962959753
independent,,0.6,0.4,100,0.5,mixed,5,jaccard_mean_pairwise,0.2223976608187135,0.0035773877200219006,300,0.028346357962959753
independent,,0.6,0.4,100,0.5,mixed,5,share_negative_mean,0.7865666666666667,0.005754125723260942,300,0.028346357962959753
independent,,0.6,0.4,100,0.5,mixed,5,share_negative_sd_across_perceivers,0.15716353125657176,0.0020957902170181176,300,0.028346357962959753
independent,,0.6,0.4,100,0.5,mixed,5,prop_perceivers_majority_negative,0.9275,0.005671836778458242,300,0.028346357962959753
independent,,0.6,0.4,100,0.5,mixed,5,hit_rate_true_differences,0.5328666666666667,0.004486738376152397,300,0.028346357962959753
independent,,0.6,0.4,100,1.0,negative,5,jaccard_mean_pairwise,0.9411230158730156,0.0023118671079673764,300,0.028346357962959753
independent,,0.6,0.4,100,1.0,negative,5,share_negative_mean,0.9996666666666668,0.00010381070730216613,300,0.028346357962959753
independent,,0.6,0.4,100,1.0,negative,5,share_negative_sd_across_perceivers,0.0014907119849998595,0.0004642555966399542,300,0.028346357962959753
independent,,0.6,0.4,100,1.0,negative,5,prop_perceivers_majority_negative,1.0,0.0,300,0.028346357962959753
independent,,0.6,0.4,100,1.0,negative,5,hit_rate_true_differences,0.9819333333333334,0.0007275335669535949,300,0.028346357962959753
independent,,0.6,0.4,100,1.0,positive,5,jaccard_mean_pairwise,0.5189814118629916,0.003516769134113129,300,0.028346357962959753
independent,,0.6,0.4,100,1.0,positive,5,share_negative_mean,0.1816,0.0018829517376653105,300,0.028346357962959753
independent,,0.6,0.4,100,1.0,positive,5,share_negative_sd_across_perceivers,0.14174849615093696,0.0012159759847526813,300,0.028346357962959753
independent,,0.6,0.4,100,1.0,positive,5,prop_perceivers_majority_negative,0.014666666666666668,0.0015677443576252632,300,0.028346357962959753
independent,,0.6,0.4,100,1.0,positive,5,hit_rate_true_differences,0.8101333333333334,0.0019063780371070627,300,0.028346357962959753
independent,,0.6,0.4,100,1.0,mixed,5,jaccard_mean_pairwise,0.6791381230854923,0.0064430464092954135,300,0.028346357962959753
independent,,0.6,0.4,100,1.0,mixed,5,share_negative_mean,0.6289666666666667,0.011070051429299819,300,0.028346357962959753
independent,,0.6,0.4,100,1.0,mixed,5,share_negative_sd_across_perceivers,0.11377115457412114,0.0016952444616169847,300,0.028346357962959753
independent,,0.6,0.4,100,1.0,mixed,5,prop_perceivers_majority_negative,0.7190000000000001,0.019456580594443967,300,0.028346357962959753
independent,,0.6,0.4,100,1.0,mixed,5,hit_rate_true_differences,0.8793000000000001,0.0027990143989181553,300,0.028346357962959753
independent,,0.6,0.4,100,2.0,negative,5,jaccard_mean_pairwise,1.0,0.0,300,0.028346357962959753
independent,,0.6,0.4,100,2.0,negative,5,share_negative_mean,1.0,0.0,300,0.028346357962959753
independent,,0.6,0.4,100,2.0,negative,5,share_negative_sd_across_perceivers,0.0,0.0,300,0.028346357962959753
independent,,0.6,0.4,100,2.0,negative,5,prop_perceivers_majority_negative,1.0,0.0,300,0.028346357962959753
independent,,0.6,0.4,100,2.0,negative,5,hit_rate_true_differences,1.0,0.0,300,0.028346357962959753
independent,,0.6,0.4,100,2.0,positive,5,jaccard_mean_pairwise,0.9775263157894737,0.0015201692876998286,300,0.028346357962959753
independent,,0.6,0.4,100,2.0,positive,5,share_negative_mean,0.0068000000000000005,0.0004641915569684116,300,0.028346357962959753
independent,,0.6,0.4,100,2.0,positive,5,share_negative_sd_across_perceivers,0.02564944764055403,0.0014983029896082326,300,0.028346357962959753
independent,,0.6,0.4,100,2.0,positive,5,prop_perceivers_majority_negative,0.0,0.0,300,0.028346357962959753
independent,,0.6,0.4,100,2.0,positive,5,hit_rate_true_differences,0.9932000000000001,0.00046419155696841066,300,0.028346357962959753
independent,,0.6,0.4,100,2.0,mixed,5,jaccard_mean_pairwise,0.9871311612364244,0.0012324907781802795,300,0.028346357962959753
independent,,0.6,0.4,100,2.0,mixed,5,share_negative_mean,0.49856666666666666,0.012963667463293247,300,0.028346357962959753
independent,,0.6,0.4,100,2.0,mixed,5,share_negative_sd_across_perceivers,0.015224263637522965,0.001347123482690796,300,0.028346357962959753
independent,,0.6,0.4,100,2.0,mixed,5,prop_perceivers_majority_negative,0.45883333333333326,0.028336269439318294,300,0.028346357962959753
independent,,0.6,0.4,100,2.0,mixed,5,hit_rate_true_differences,0.9961000000000001,0.00037682295669344806,300,0.028346357962959753
independent,,0.7,0.3,10,0.0,none,0,jaccard_mean_pairwise,0.05642000835421881,0.0003321102071737428,300,0.028346357962959753
independent,,0.7,0.3,10,0.0,none,0,share_negative_mean,0.9870333333333334,0.0007350112556238297,300,0.028346357962959753
independent,,0.7,0.3,10,0.0,none,0,share_negative_sd_across_perceivers,0.04207996924531816,0.0019928985985009132,300,0.028346357962959753
independent,,0.7,0.3,10,0.0,none,0,prop_perceivers_majority_negative,0.9995,0.0002877080459987895,300,0.028346357962959753
independent,,0.7,0.3,10,0.25,negative,5,jaccard_mean_pairwise,0.05940162907268162,0.00036940459554141196,300,0.028346357962959753
independent,,0.7,0.3,10,0.25,negative,5,share_negative_mean,0.9906666666666666,0.000603470700130516,300,0.028346357962959753
independent,,0.7,0.3,10,0.25,negative,5,share_negative_sd_across_perceivers,0.03194391705306534,0.0017680496620216882,300,0.028346357962959753
independent,,0.7,0.3,10,0.25,negative,5,prop_perceivers_majority_negative,1.0,0.0,300,0.028346357962959753
independent,,0.7,0.3,10,0.25,negative,5,hit_rate_true_differences,0.1618666666666667,0.0019243052190320675,300,0.028346357962959753
independent,,0.7,0.3,10,0.25,positive,5,jaccard_mean_pairwise,0.056074004455583325,0.0003356029388114625,300,0.028346357962959753
independent,,0.7,0.3,10,0.25,positive,5,share_negative_mean,0.9856333333333334,0.0007538800908491141,300,0.028346357962959753
independent,,0.7,0.3,10,0.25,positive,5,share_negative_sd_across_perceivers,0.04605231249649786,0.0019032134090603535,300,0.028346357962959753
independent,,0.7,0.3,10,0.25,positive,5,prop_perceivers_majority_negative,0.9993333333333334,0.0003316568767707487,300,0.028346357962959753
independent,,0.7,0.3,10,0.25,positive,5,hit_rate_true_differences,0.002266666666666667,0.00028446720458922485,300,0.028346357962959753
independent,,0.7,0.3,10,0.25,mixed,5,jaccard_mean_pairwise,0.057619465329991564,0.00034647159075724087,300,0.028346357962959753
independent,,0.7,0.3,10,0.25,mixed,5,share_negative_mean,0.9875,0.0006861018772406732,300,0.028346357962959753
independent,,0.7,0.3,10,0.25,mixed,5,share_negative_sd_across_perceivers,0.042672939349378054,0.0018947261891263194,300,0.028346357962959753
independent,,0.7,0.3,10,0.25,mixed,5,prop_perceivers_majority_negative,0.9996666666666666,0.00023530777934850568,300,0.028346357962959753
independent,,0.7,0.3,10,0.25,mixed,5,hit_rate_true_differences,0.08253333333333333,0.002383225161455995,300,0.028346357962959753
independent,,0.7,0.3,10,0.5,negative,5,jaccard_mean_pairwise,0.07108583959899739,0.0005771498207573009,300,0.028346357962959753
independent,,0.7,0.3,10,0.5,negative,5,share_negative_mean,0.9937,0.0004326810973402232,300,0.028346357962959753
independent,,0.7,0.3,10,0.5,negative,5,share_negative_sd_across_perceivers,0.024557038689783615,0.0015374656775590698,300,0.028346357962959753
independent,,0.7,0.3,10,0.5,negative,5,prop_perceivers_majority_negative,1.0,0.0,300,0.028346357962959753
independent,,0.7,0.3,10,0.5,negative,5,hit_rate_true_differences,0.24003333333333335,0.0022672592510196263,300,0.028346357962959753
independent,,0.7,0.3,10,0.5,positive,5,jaccard_mean_pairwise,0.05578801169590636,0.0003327739688306195,300,0.028346357962959753
independent,,0.7,0.3,10,0.5,positive,5,share_negative_mean,0.9851666666666667,0.0007152711257641488,300,0.028346357962959753
independent,,0.7,0.3,10,0.5,positive,5,share_negative_sd_across_perceivers,0.04726459220702304,0.0018556314860857055,300,0.028346357962959753
independent,,0.7,0.3,10,0.5,positive,5,prop_perceivers_majority_negative,0.9995,0.0002877080459987895,300,0.028346357962959753
independent,,0.7,0.3,10,0.5,positive,5,hit_rate_true_differences,0.003766666666666667,0.0003412167007396025,300,0.028346357962959753
independent,,0.7,0.3,10,0.5,mixed,5,jaccard_mean_pairwise,0.06403759398496232,0.0005341754071734653,300,0.028346357962959753
independent,,0.7,0.3,10,0.5,mixed,5,share_negative_mean,0.9892333333333333,0.0006095090652580438,300,0.028346357962959753
independent,,0.7,0.3,10,0.5,mixed,5,share_negative_sd_across_perceivers,0.03791557750879982,0.0018132831478973957,300,0.028346357962959753
independent,,0.7,0.3,10,0.5,mixed,5,prop_perceivers_majority_negative,0.9996666666666666,0.00023530777934850574,300,0.028346357962959753
independent,,0.7,0.3,10,0.5,mixed,5,hit_rate_true_differences,0.1275666666666667,0.003420255205500661,300,0.028346357962959753
independent,,0.7,0.3,10,1.0,negative,5,jaccard_mean_pairwise,0.14131084656084641,0.001411427941850926,300,0.028346357962959753
independent,,0.7,0.3,10,1.0,negative,5,share_negative_mean,0.9982666666666667,0.00023841418357194977,300,0.028346357962959753
independent,,0.7,0.3,10,1.0,negative,5,share_negative_sd_across_perceivers,0.007379915415667506,0.0009838095663342078,300,0.028346357962959753
independent,,0.7,0.3,10,1.0,negative,5,prop_perceivers_majority_negative,1.0,0.0,300,0.028346357962959753
independent,,0.7,0.3,10,1.0,negative,5,hit_rate_true_differences,0.4405,0.0026052536750304665,300,0.028346357962959753
independent,,0.7,0.3,10,1.0,positive,5,jaccard_mean_pairwise,0.05559795321637419,0.0003404669560470482,300,0.028346357962959753
independent,,0.7,0.3,10,1.0,positive,5,share_negative_mean,0.9800666666666666,0.00085516769116205,300,0.028346357962959753
independent,,0.7,0.3,10,1.0,positive,5,share_negative_sd_across_perceivers,0.05842866183300406,0.0018581892018737821,300,0.028346357962959753
independent,,0.7,0.3,10,1.0,positive,5,prop_perceivers_majority_negative,0.9996666666666666,0.00023530777934850568,300,0.028346357962959753
independent,,0.7,0.3,10,1.0,positive,5,hit_rate_true_differences,0.0085,0.0005488916571437857,300,0.028346357962959753
independent,,0.7,0.3,10,1.0,mixed,5,jaccard_mean_pairwise,0.10885853522695614,0.0015037419704025659,300,0.028346357962959753
independent,,0.7,0.3,10,1.0,mixed,5,share_negative_mean,0.9924666666666667,0.0005932983843501827,300,0.028346357962959753
independent,,0.7,0.3,10,1.0,mixed,5,share_negative_sd_across_perceivers,0.026872940347762372,0.0018048480123364335,300,0.028346357962959753
independent,,0.7,0.3,10,1.0,mixed,5,prop_perceivers_majority_negative,0.9996666666666666,0.00023530777934850574,300,0.028346357962959753
independent,,0.7,0.3,10,1.0,mixed,5,hit_rate_true_differences,0.25060000000000004,0.005732510116938537,300,0.028346357962959753
independent,,0.7,0.3,10,2.0,negative,5,jaccard_mean_pairwise,0.43263046505151825,0.003095069826847653,300,0.028346357962959753
independent,,0.7,0.3,10,2.0,negative,5,share_negative_mean,0.9999333333333333,4.7061555869701135e-05,300,0.028346357962959753
independent,,0.7,0.3,10,2.0,negative,5,share_negative_sd_across_perceivers,0.0002981423969999719,0.00021046567610311171,300,0.028346357962959753
independent,,0.7,0.3,10,2.0,negative,5,prop_perceivers_majority_negative,1.0,0.0,300,0.028346357962959753
independent,,0.7,0.3,10,2.0,negative,5,hit_rate_true_differences,0.7564333333333334,0.002055212441358696,300,0.028346357962959753
independent,,0.7,0.3,10,2.0,positive,5,jaccard_mean_pairwise,0.05500891116680582,0.0003348537675049108,300,0.028346357962959753
independent,,0.7,0.3,10,2.0,positive,5,share_negative_mean,0.9739666666666669,0.0009881102910260136,300,0.028346357962959753
independent,,0.7,0.3,10,2.0,positive,5,share_negative_sd_across_perceivers,0.06855385216198764,0.0018878528367613338,300,0.028346357962959753
independent,,0.7,0.3,10,2.0,positive,5,prop_perceivers_majority_negative,0.9988333333333335,0.0004962699964005357,300,0.028346357962959753
independent,,0.7,0.3,10,2.0,positive,5,hit_rate_true_differences,0.017100000000000004,0.0007955912520614746,300,0.028346357962959753
independent,,0.7,0.3,10,2.0,mixed,5,jaccard_mean_pairwise,0.2649440267335006,0.005702389280804144,300,0.028346357962959753
independent,,0.7,0.3,10,2.0,mixed,5,share_negative_mean,0.9950333333333335,0.0005008317125648737,300,0.028346357962959753
independent,,0.7,0.3,10,2.0,mixed,5,share_negative_sd_across_perceivers,0.017771352549809508,0.0016143863551955438,300,0.028346357962959753
independent,,0.7,0.3,10,2.0,mixed,5,prop_perceivers_majority_negative,1.0,0.0,300,0.028346357962959753
independent,,0.7,0.3,10,2.0,mixed,5,hit_rate_true_differences,0.42323333333333335,0.01011095836229621,300,0.028346357962959753
independent,,0.7,0.3,30,0.0,none,0,jaccard_mean_pairwise,0.05557115009746582,0.0003227774662190393,300,0.028346357962959753
independent,,0.7,0.3,30,0.0,none,0,share_negative_mean,0.9815666666666668,0.0008176131525280885,300,0.028346357962959753
independent,,0.7,0.3,30,0.0,none,0,share_negative_sd_across_perceivers,0.05469889797823631,0.0018106995836814229,300,0.028346357962959753
independent,,0.7,0.3,30,0.0,none,0,prop_perceivers_majority_negative,0.9993333333333334,0.0003316568767707487,300,0.028346357962959753
independent,,0.7,0.3,30,0.25,negative,5,jaccard_mean_pairwise,0.06671630465051509,0.0004770537792628432,300,0.028346357962959753
independent,,0.7,0.3,30,0.25,negative,5,share_negative_mean,0.9886000000000001,0.0006139587717975135,300,0.028346357962959753
independent,,0.7,0.3,30,0.25,negative,5,share_negative_sd_across_perceivers,0.03910389644129916,0.0017581331468383304,300,0.028346357962959753
independent,,0.7,0.3,30,0.25,negative,5,prop_perceivers_majority_negative,0.9998333333333332,0.0001666666666666668,300,0.028346357962959753
independent,,0.7,0.3,30,0.25,negative,5,hit_rate_true_differences,0.21946666666666667,0.002101426671158174,300,0.028346357962959753
independent,,0.7,0.3,30,0.25,positive,5,jaccard_mean_pairwise,0.0558631300473405,0.0003436302699576422,300,0.028346357962959753
independent,,0.7,0.3,30,0.25,positive,5,share_negative_mean,0.9776333333333334,0.0009022433744017199,300,0.028346357962959753
independent,,0.7,0.3,30,0.25,positive,5,share_negative_sd_across_perceivers,0.061817030568376126,0.0017528330929862453,300,0.028346357962959753
independent,,0.7,0.3,30,0.25,positive,5,prop_perceivers_majority_negative,0.9995,0.0002877080459987895,300,0.028346357962959753
independent,,0.7,0.3,30,0.25,positive,5,hit_rate_true_differences,0.006933333333333334,0.00048360715727906124,300,0.028346357962959753
independent,,0.7,0.3,30,0.25,mixed,5,jaccard_mean_pairwise,0.06191102756892221,0.0004484093922018998,300,0.028346357962959753
independent,,0.7,0.3,30,0.25,mixed,5,share_negative_mean,0.9851666666666667,0.0007472854379866028,300,0.028346357962959753
independent,,0.7,0.3,30,0.25,mixed,5,share_negative_sd_across_perceivers,0.046224086613947224,0.0018027801544866693,300,0.028346357962959753
independent,,0.7,0.3,30,0.25,mixed,5,prop_perceivers_majority_negative,0.9996666666666666,0.00023530777934850568,300,0.028346357962959753
independent,,0.7,0.3,30,0.25,mixed,5,hit_rate_true_differences,0.12113333333333334,0.0030718172054806634,300,0.028346357962959753
independent,,0.7,0.3,30,0.5,negative,5,jaccard_mean_pairwise,0.11705186577554982,0.0010982955113867305,300,0.028346357962959753
independent,,0.7,0.3,30,0.5,negative,5,share_negative_mean,0.9958999999999999,0.00035425428452566846,300,0.028346357962959753
independent,,0.7,0.3,30,0.5,negative,5,share_negative_sd_across_perceivers,0.016738574620275882,0.0013610137961019278,300,0.028346357962959753
independent,,0.7,0.3,30,0.5,negative,5,prop_perceivers_majority_negative,1.0,0.0,300,0.028346357962959753
independent,,0.7,0.3,30,0.5,negative,5,hit_rate_true_differences,0.39210000000000006,0.0023386076716060207,300,0.028346357962959753
independent,,0.7,0.3,30,0.5,positive,5,jaccard_mean_pairwise,0.05453202450570865,0.00032887524538697263,300,0.028346357962959753
independent,,0.7,0.3,30,0.5,positive,5,share_negative_mean,0.9683666666666666,0.0011159114070130062,300,0.028346357962959753
independent,,0.7,0.3,30,0.5,positive,5,share_negative_sd_across_perceivers,0.0767718976111012,0.0017678821577865303,300,0.028346357962959753
independent,,0.7,0.3,30,0.5,positive,5,prop_perceivers_majority_negative,0.9988333333333335,0.00043651179736428863,300,0.028346357962959753
independent,,0.7,0.3,30,0.5,positive,5,hit_rate_true_differences,0.016433333333333335,0.0008060782655530124,300,0.028346357962959753
independent,,0.7,0.3,30,0.5,mixed,5,jaccard_mean_pairwise,0.0908680729601781,0.0011645717888071152,300,0.028346357962959753
independent,,0.7,0.3,30,0.5,mixed,5,share_negative_mean,0.9845,0.000828862028988672,300,0.028346357962959753
independent,,0.7,0.3,30,0.5,mixed,5,share_negative_sd_across_perceivers,0.04715381396760821,0.0019696922668818386,300,0.028346357962959753
independent,,0.7,0.3,30,0.5,mixed,5,prop_perceivers_majority_negative,0.9995,0.00028770804599878954,300,0.028346357962959753
independent,,0.7,0.3,30,0.5,mixed,5,hit_rate_true_differences,0.21690000000000004,0.005012600621875422,300,0.028346357962959753
independent,,0.7,0.3,30,1.0,negative,5,jaccard_mean_pairwise,0.38863457254246775,0.0029893478940488296,300,0.028346357962959753
independent,,0.7,0.3,30,1.0,negative,5,share_negative_mean,0.9997333333333334,9.317074546885738e-05,300,0.028346357962959753
independent,,0.7,0.3,30,1.0,negative,5,share_negative_sd_across_perceivers,0.0011925695879998876,0.0004166722407653908,300,0.028346357962959753
independent,,0.7,0.3,30,1.0,negative,5,prop_perceivers_majority_negative,1.0,0.0,300,0.028346357962959753
independent,,0.7,0.3,30,1.0,negative,5,hit_rate_true_differences,0.7256666666666667,0.0021549938546463966,300,0.028346357962959753
independent,,0.7,0.3,30,1.0,positive,5,jaccard_mean_pairwise,0.05203383458646609,0.00029271413792786576,300,0.028346357962959753
independent,,0.7,0.3,30,1.0,positive,5,share_negative_mean,0.927,0.001551422550000823,300,0.028346357962959753
independent,,0.7,0.3,30,1.0,positive,5,share_negative_sd_across_perceivers,0.11977099824497661,0.0016678647602282575,300,0.028346357962959753
independent,,0.7,0.3,30,1.0,positive,5,prop_perceivers_majority_negative,0.9931666666666669,0.001074129066536857,300,0.028346357962959753
independent,,0.7,0.3,30,1.0,positive,5,hit_rate_true_differences,0.06303333333333334,0.0014319949157976463,300,0.028346357962959753
independent,,0.7,0.3,30,1.0,mixed,5,jaccard_mean_pairwise,0.23409126984127,0.004969746670851112,300,0.028346357962959753
independent,,0.7,0.3,30,1.0,mixed,5,share_negative_mean,0.9823666666666668,0.0012591677927449294,300,0.028346357962959753
independent,,0.7,0.3,30,1.0,mixed,5,share_negative_sd_across_perceivers,0.045006016765024526,0.0022651257303792018,300,0.028346357962959753
independent,,0.7,0.3,30,1.0,mixed,5,prop_perceivers_majority_negative,0.9996666666666666,0.00023530777934850568,300,0.028346357962959753
independent,,0.7,0.3,30,1.0,mixed,5,hit_rate_true_differences,0.4071,0.008967659595324426,300,0.028346357962959753
independent,,0.7,0.3,30,2.0,negative,5,jaccard_mean_pairwise,0.9484559314954049,0.002261865519404078,300,0.028346357962959753
independent,,0.7,0.3,30,2.0,negative,5,share_negative_mean,1.0,0.0,300,0.028346357962959753
independent,,0.7,0.3,30,2.0,negative,5,share_negative_sd_across_perceivers,0.0,0.0,300,0.028346357962959753
independent,,0.7,0.3,30,2.0,negative,5,prop_perceivers_majority_negative,1.0,0.0,300,0.028346357962959753
independent,,0.7,0.3,30,2.0,negative,5,hit_rate_true_differences,0.9842333333333333,0.000706110190859103,300,0.028346357962959753
independent,,0.7,0.3,30,2.0,positive,5,jaccard_mean_pairwise,0.05820746310219987,0.0004635826291094331,300,0.028346357962959753
independent,,0.7,0.3,30,2.0,positive,5,share_negative_mean,0.8134333333333335,0.0024971860789486304,300,0.028346357962959753
independent,,0.7,0.3,30,2.0,positive,5,share_negative_sd_across_perceivers,0.18051613363788704,0.0016409818076352353,300,0.028346357962959753
independent,,0.7,0.3,30,2.0,positive,5,prop_perceivers_majority_negative,0.9420000000000001,0.0031513299912083797,300,0.028346357962959753
independent,,0.7,0.3,30,2.0,positive,5,hit_rate_true_differences,0.18306666666666668,0.002440778305485603,300,0.028346357962959753
independent,,0.7,0.3,30,2.0,mixed,5,jaccard_mean_pairwise,0.3824676970203292,0.01069864531805906,300,0.028346357962959753
independent,,0.7,0.3,30,2.0,mixed,5,share_negative_mean,0.9558,0.002768085357071864,300,0.028346357962959753
independent,,0.7,0.3,30,2.0,mixed,5,share_negative_sd_across_perceivers,0.07538833965213414,0.0032114009843245603,300,0.028346357962959753
independent,,0.7,0.3,30,2.0,mixed,5,prop_perceivers_majority_negative,0.9953333333333334,0.0012646760160184831,300,0.028346357962959753
independent,,0.7,0.3,30,2.0,mixed,5,hit_rate_true_differences,0.5389666666666667,0.010088117709211244,300,0.028346357962959753
independent,,0.7,0.3,100,0.0,none,0,jaccard_mean_pairwise,0.054894110275689155,0.00032002563100127774,300,0.028346357962959753
independent,,0.7,0.3,100,0.0,none,0,share_negative_mean,0.9782000000000001,0.0008221298169373472,300,0.028346357962959753
independent,,0.7,0.3,100,0.0,none,0,share_negative_sd_across_perceivers,0.06178901114815686,0.0017356334251482054,300,0.028346357962959753
independent,,0.7,0.3,100,0.0,none,0,prop_perceivers_majority_negative,0.9996666666666666,0.00023530777934850574,300,0.028346357962959753
independent,,0.7,0.3,100,0.25,negative,5,jaccard_mean_pairwise,0.10465601503759385,0.0009237053808326277,300,0.028346357962959753
independent,,0.7,0.3,100,0.25,negative,5,share_negative_mean,0.9935666666666666,0.000458824860588618,300,0.028346357962959753
independent,,0.7,0.3,100,0.25,negative,5,share_negative_sd_across_perceivers,0.02486147418908936,0.0016304887312175466,300,0.028346357962959753
independent,,0.7,0.3,100,0.25,negative,5,prop_perceivers_majority_negative,1.0,0.0,300,0.028346357962959753
independent,,0.7,0.3,100,0.25,negative,5,hit_rate_true_differences,0.3601666666666667,0.002252439942162922,300,0.028346357962959753
independent,,0.7,0.3,100,0.25,positive,5,jaccard_mean_pairwise,0.05385261765524916,0.0003370452266696112,300,0.028346357962959753
independent,,0.7,0.3,100,0.25,positive,5,share_negative_mean,0.9602333333333335,0.0012217084491585736,300,0.028346357962959753
independent,,0.7,0.3,100,0.25,positive,5,share_negative_sd_across_perceivers,0.08606507235617468,0.0017952748397381613,300,0.028346357962959753
independent,,0.7,0.3,100,0.25,positive,5,prop_perceivers_majority_negative,0.9981666666666666,0.000543448531331047,300,0.028346357962959753
independent,,0.7,0.3,100,0.25,positive,5,hit_rate_true_differences,0.0227,0.0008752320921685002,300,0.028346357962959753
independent,,0.7,0.3,100,0.25,mixed,5,jaccard_mean_pairwise,0.08077304372041202,0.0009967463552574762,300,0.028346357962959753
independent,,0.7,0.3,100,0.25,mixed,5,share_negative_mean,0.9791000000000001,0.0009328454689262957,300,0.028346357962959753
independent,,0.7,0.3,100,0.25,mixed,5,share_negative_sd_across_perceivers,0.05797590131752464,0.0018092986006063233,300,0.028346357962959753
independent,,0.7,0.3,100,0.25,mixed,5,prop_perceivers_majority_negative,0.9995,0.0002877080459987895,300,0.028346357962959753
independent,,0.7,0.3,100,0.25,mixed,5,hit_rate_true_differences,0.19263333333333335,0.004455177072789262,300,0.028346357962959753
independent,,0.7,0.3,100,0.5,negative,5,jaccard_mean_pairwise,0.32553780284043476,0.0027184326043166755,300,0.028346357962959753
independent,,0.7,0.3,100,0.5,negative,5,share_negative_mean,0.9992333333333333,0.00016094989306856072,300,0.028346357962959753
independent,,0.7,0.3,100,0.5,negative,5,share_negative_sd_across_perceivers,0.003335690838916736,0.0006879389643303617,300,0.028346357962959753
independent,,0.7,0.3,100,0.5,negative,5,prop_perceivers_majority_negative,1.0,0.0,300,0.028346357962959753
independent,,0.7,0.3,100,0.5,negative,5,hit_rate_true_differences,0.6747333333333334,0.0023818307664639662,300,0.028346357962959753
independent,,0.7,0.3,100,0.5,positive,5,jaccard_mean_pairwise,0.05146010860484537,0.0003123234130174175,300,0.028346357962959753
independent,,0.7,0.3,100,0.5,positive,5,share_negative_mean,0.8898333333333333,0.0018290717673962757,300,0.028346357962959753
independent,,0.7,0.3,100,0.5,positive,5,share_negative_sd_across_perceivers,0.1399696291785861,0.0015217075393201397,300,0.028346357962959753
independent,,0.7,0.3,100,0.5,positive,5,prop_perceivers_majority_negative,0.9868333333333336,0.0014380234897392995,300,0.028346357962959753
independent,,0.7,0.3,100,0.5,positive,5,hit_rate_true_differences,0.0991,0.001756202577050494,300,0.028346357962959753
independent,,0.7,0.3,100,0.5,mixed,5,jaccard_mean_pairwise,0.20906676413255368,0.004416840972898756,300,0.028346357962959753
independent,,0.7,0.3,100,0.5,mixed,5,share_negative_mean,0.9688333333333332,0.0017145572107214334,300,0.028346357962959753
independent,,0.7,0.3,100,0.5,mixed,5,share_negative_sd_across_perceivers,0.06546055190902543,0.002406866658356902,300,0.028346357962959753
independent,,0.7,0.3,100,0.5,mixed,5,prop_perceivers_majority_negative,0.9995,0.0002877080459987895,300,0.028346357962959753
independent,,0.7,0.3,100,0.5,mixed,5,hit_rate_true_differences,0.40663333333333335,0.008196377144238681,300,0.028346357962959753
independent,,0.7,0.3,100,1.0,negative,5,jaccard_mean_pairwise,0.9383128654970759,0.0024825478348928023,300,0.028346357962959753
independent,,0.7,0.3,100,1.0,negative,5,share_negative_mean,1.0,0.0,300,0.028346357962959753
independent,,0.7,0.3,100,1.0,negative,5,share_negative_sd_across_perceivers,0.0,0.0,300,0.028346357962959753
independent,,0.7,0.3,100,1.0,negative,5,prop_perceivers_majority_negative,1.0,0.0,300,0.028346357962959753
independent,,0.7,0.3,100,1.0,negative,5,hit_rate_true_differences,0.981,0.0007851747847367478,300,0.028346357962959753
independent,,0.7,0.3,100,1.0,positive,5,jaccard_mean_pairwise,0.10611097187412964,0.0011443948288005277,300,0.028346357962959753
independent,,0.7,0.3,100,1.0,positive,5,share_negative_mean,0.6278000000000001,0.0026471161818604717,300,0.028346357962959753
independent,,0.7,0.3,100,1.0,positive,5,share_negative_sd_across_perceivers,0.20077637108001306,0.0016318498408212714,300,0.028346357962959753
independent,,0.7,0.3,100,1.0,positive,5,prop_perceivers_majority_negative,0.7391666666666666,0.005732120830539502,300,0.028346357962959753
independent,,0.7,0.3,100,1.0,positive,5,hit_rate_true_differences,0.3704,0.0026403776629297837,300,0.028346357962959753
independent,,0.7,0.3,100,1.0,mixed,5,jaccard_mean_pairwise,0.3939809941520474,0.010231800139371128,300,0.028346357962959753
independent,,0.7,0.3,100,1.0,mixed,5,share_negative_mean,0.8813999999999999,0.005255365151562179,300,0.028346357962959753
independent,,0.7,0.3,100,1.0,mixed,5,share_negative_sd_across_perceivers,0.11954763868674709,0.002910149310347205,300,0.028346357962959753
independent,,0.7,0.3,100,1.0,mixed,5,prop_perceivers_majority_negative,0.9778333333333334,0.0032885932831891946,300,0.028346357962959753
independent,,0.7,0.3,100,1.0,mixed,5,hit_rate_true_differences,0.6096666666666667,0.007816289957715512,300,0.028346357962959753
independent,,0.7,0.3,100,2.0,negative,5,jaccard_mean_pairwise,1.0,0.0,300,0.028346357962959753
independent,,0.7,0.3,100,2.0,negative,5,share_negative_mean,1.0,0.0,300,0.028346357962959753
independent,,0.7,0.3,100,2.0,negative,5,share_negative_sd_across_perceivers,0.0,0.0,300,0.028346357962959753
independent,,0.7,0.3,100,2.0,negative,5,prop_perceivers_majority_negative,1.0,0.0,300,0.028346357962959753
independent,,0.7,0.3,100,2.0,negative,5,hit_rate_true_differences,1.0,0.0,300,0.028346357962959753
independent,,0.7,0.3,100,2.0,positive,5,jaccard_mean_pairwise,0.4042453355611256,0.0033736466844601068,300,0.028346357962959753
independent,,0.7,0.3,100,2.0,positive,5,share_negative_mean,0.2652666666666667,0.0023450383273192063,300,0.028346357962959753
independent,,0.7,0.3,100,2.0,positive,5,share_negative_sd_across_perceivers,0.174916764820723,0.001610327720470417,300,0.028346357962959753
independent,,0.7,0.3,100,2.0,positive,5,prop_perceivers_majority_negative,0.09266666666666667,0.003977173815291706,300,0.028346357962959753
independent,,0.7,0.3,100,2.0,positive,5,hit_rate_true_differences,0.7347333333333333,0.0023450383273192067,300,0.028346357962959753
independent,,0.7,0.3,100,2.0,mixed,5,jaccard_mean_pairwise,0.5684780005569489,0.006856569337663427,300,0.028346357962959753
independent,,0.7,0.3,100,2.0,mixed,5,share_negative_mean,0.6967666666666668,0.009551692179173963,300,0.028346357962959753
independent,,0.7,0.3,100,2.0,mixed,5,share_negative_sd_across_perceivers,0.13518841645871632,0.0021130026253825085,300,0.028346357962959753
independent,,0.7,0.3,100,2.0,mixed,5,prop_perceivers_majority_negative,0.8153333333333334,0.014660584529916454,300,0.028346357962959753
independent,,0.7,0.3,100,2.0,mixed,5,hit_rate_true_differences,0.8125333333333334,0.0032674787969612907,300,0.028346357962959753
independent,,0.8,0.2,10,0.0,none,0,jaccard_mean_pairwise,0.058295600111389505,0.00034418929606741376,300,0.028346357962959753
independent,,0.8,0.2,10,0.0,none,0,share_negative_mean,0.9999333333333333,4.706155586970113e-05,300,0.028346357962959753
independent,,0.8,0.2,10,0.0,none,0,share_negative_sd_across_perceivers,0.0002981423969999719,0.00021046567610311171,300,0.028346357962959753
independent,,0.8,0.2,10,0.0,none,0,prop_perceivers_majority_negative,1.0,0.0,300,0.028346357962959753
independent,,0.8,0.2,10,0.25,negative,5,jaccard_mean_pairwise,0.05932539682539674,0.00036130979156426946,300,0.028346357962959753
independent,,0.8,0.2,10,0.25,negative,5,share_negative_mean,0.9999666666666667,3.333333333333335e-05,300,0.028346357962959753
independent,,0.8,0.2,10,0.25,negative,5,share_negative_sd_across_perceivers,0.00014907119849998595,0.0001490711984999859,300,0.028346357962959753
independent,,0.8,0.2,10,0.25,negative,5,prop_perceivers_majority_negative,1.0,0.0,300,0.028346357962959753
independent,,0.8,0.2,10,0.25,negative,5,hit_rate_true_differences,0.15416666666666667,0.0018766049739271098,300,0.028346357962959753
independent,,0.8,0.2,10,0.25,positive,5,jaccard_mean_pairwise,0.058032372598162,0.00034184809178767095,300,0.028346357962959753
independent,,0.8,0.2,10,0.25,positive,5,share_negative_mean,0.9999333333333333,4.7061555869701135e-05,300,0.028346357962959753
independent,,0.8,0.2,10,0.25,positive,5,share_negative_sd_across_perceivers,0.0002981423969999719,0.0002104656761031117,300,0.028346357962959753
independent,,0.8,0.2,10,0.25,positive,5,prop_perceivers_majority_negative,1.0,0.0,300,0.028346357962959753
independent,,0.8,0.2,10,0.25,positive,5,hit_rate_true_differences,3.3333333333333335e-05,3.333333333333333e-05,300,0.028346357962959753
independent,,0.8,0.2,10,0.25,mixed,5,jaccard_mean_pairwise,0.05889988861041484,0.00033383832011959905,300,0.028346357962959753
independent,,0.8,0.2,10,0.25,mixed,5,share_negative_mean,0.9999333333333333,4.7061555869701135e-05,300,0.028346357962959753
independent,,0.8,0.2,10,0.25,mixed,5,share_negative_sd_across_perceivers,0.0002981423969999719,0.0002104656761031117,300,0.028346357962959753
independent,,0.8,0.2,10,0.25,mixed,5,prop_perceivers_majority_negative,1.0,0.0,300,0.028346357962959753
independent,,0.8,0.2,10,0.25,mixed,5,hit_rate_true_differences,0.08176666666666668,0.002588379112270238,300,0.028346357962959753
independent,,0.8,0.2,10,0.5,negative,5,jaccard_mean_pairwise,0.06746505151768299,0.0005046767130080727,300,0.028346357962959753
independent,,0.8,0.2,10,0.5,negative,5,share_negative_mean,0.9999333333333333,4.706155586970113e-05,300,0.028346357962959753
independent,,0.8,0.2,10,0.5,negative,5,share_negative_sd_across_perceivers,0.0002981423969999719,0.00021046567610311171,300,0.028346357962959753
independent,,0.8,0.2,10,0.5,negative,5,prop_perceivers_majority_negative,1.0,0.0,300,0.028346357962959753
independent,,0.8,0.2,10,0.5,negative,5,hit_rate_true_differences,0.22190000000000001,0.002215826824749584,300,0.028346357962959753
independent,,0.8,0.2,10,0.5,positive,5,jaccard_mean_pairwise,0.05791353383458638,0.00031476207908112333,300,0.028346357962959753
independent,,0.8,0.2,10,0.5,positive,5,share_negative_mean,0.9999666666666667,3.333333333333335e-05,300,0.028346357962959753
independent,,0.8,0.2,10,0.5,positive,5,share_negative_sd_across_perceivers,0.00014907119849998595,0.00014907119849998592,300,0.028346357962959753
independent,,0.8,0.2,10,0.5,positive,5,prop_perceivers_majority_negative,1.0,0.0,300,0.028346357962959753
independent,,0.8,0.2,10,0.5,positive,5,hit_rate_true_differences,0.0,0.0,300,0.028346357962959753
independent,,0.8,0.2,10,0.5,mixed,5,jaccard_mean_pairwise,0.06391771094402664,0.0004851824248918849,300,0.028346357962959753
independent,,0.8,0.2,10,0.5,mixed,5,share_negative_mean,0.9999666666666667,3.333333333333335e-05,300,0.028346357962959753
independent,,0.8,0.2,10,0.5,mixed,5,share_negative_sd_across_perceivers,0.00014907119849998595,0.00014907119849998592,300,0.028346357962959753
independent,,0.8,0.2,10,0.5,mixed,5,prop_perceivers_majority_negative,1.0,0.0,300,0.028346357962959753
independent,,0.8,0.2,10,0.5,mixed,5,hit_rate_true_differences,0.12023333333333333,0.003355362547083529,300,0.028346357962959753
independent,,0.8,0.2,10,1.0,negative,5,jaccard_mean_pairwise,0.12410122528543567,0.0011939313369438477,300,0.028346357962959753
independent,,0.8,0.2,10,1.0,negative,5,share_negative_mean,1.0,0.0,300,0.028346357962959753
independent,,0.8,0.2,10,1.0,negative,5,share_negative_sd_across_perceivers,0.0,0.0,300,0.028346357962959753
independent,,0.8,0.2,10,1.0,negative,5,prop_perceivers_majority_negative,1.0,0.0,300,0.028346357962959753
independent,,0.8,0.2,10,1.0,negative,5,hit_rate_true_differences,0.40663333333333335,0.0025865177984721946,300,0.028346357962959753
independent,,0.8,0.2,10,1.0,positive,5,jaccard_mean_pairwise,0.05801726538568636,0.0003428343997387702,300,0.028346357962959753
independent,,0.8,0.2,10,1.0,positive,5,share_negative_mean,0.9998666666666668,6.633137535414974e-05,300,0.028346357962959753
independent,,0.8,0.2,10,1.0,positive,5,share_negative_sd_across_perceivers,0.0005962847939999438,0.0002966429286658657,300,0.028346357962959753
independent,,0.8,0.2,10,1.0,positive,5,prop_perceivers_majority_negative,1.0,0.0,300,0.028346357962959753
independent,,0.8,0.2,10,1.0,positive,5,hit_rate_true_differences,3.3333333333333335e-05,3.333333333333333e-05,300,0.028346357962959753
independent,,0.8,0.2,10,1.0,mixed,5,jaccard_mean_pairwise,0.09968226120857686,0.0013242171562514364,300,0.028346357962959753
independent,,0.8,0.2,10,1.0,mixed,5,share_negative_mean,1.0,0.0,300,0.028346357962959753
independent,,0.8,0.2,10,1.0,mixed,5,share_negative_sd_across_perceivers,0.0,0.0,300,0.028346357962959753
independent,,0.8,0.2,10,1.0,mixed,5,prop_perceivers_majority_negative,1.0,0.0,300,0.028346357962959753
independent,,0.8,0.2,10,1.0,mixed,5,hit_rate_true_differences,0.2272666666666667,0.005496485820330614,300,0.028346357962959753
independent,,0.8,0.2,10,2.0,negative,5,jaccard_mean_pairwise,0.4145620300751885,0.002844463559422537,300,0.028346357962959753
independent,,0.8,0.2,10,2.0,negative,5,share_negative_mean,1.0,0.0,300,0.028346357962959753
independent,,0.8,0.2,10,2.0,negative,5,share_negative_sd_across_perceivers,0.0,0.0,300,0.028346357962959753
independent,,0.8,0.2,10,2.0,negative,5,prop_perceivers_majority_negative,1.0,0.0,300,0.028346357962959753
independent,,0.8,0.2,10,2.0,negative,5,hit_rate_true_differences,0.7447333333333334,0.001987358786459226,300,0.028346357962959753
independent,,0.8,0.2,10,2.0,positive,5,jaccard_mean_pairwise,0.05784823169033687,0.00033041724770183594,300,0.028346357962959753
independent,,0.8,0.2,10,2.0,positive,5,share_negative_mean,0.9998333333333335,7.403535467669022e-05,300,0.028346357962959753
independent,,0.8,0.2,10,2.0,positive,5,share_negative_sd_across_perceivers,0.0007453559924999297,0.0003310961715907722,300,0.028346357962959753
independent,,0.8,0.2,10,2.0,positive,5,prop_perceivers_majority_negative,1.0,0.0,300,0.028346357962959753
independent,,0.8,0.2,10,2.0,positive,5,hit_rate_true_differences,3.3333333333333335e-05,3.333333333333333e-05,300,0.028346357962959753
independent,,0.8,0.2,10,2.0,mixed,5,jaccard_mean_pairwise,0.26546470342523,0.005505877302765476,300,0.028346357962959753
independent,,0.8,0.2,10,2.0,mixed,5,share_negative_mean,1.0,0.0,300,0.028346357962959753
independent,,0.8,0.2,10,2.0,mixed,5,share_negative_sd_across_perceivers,0.0,0.0,300,0.028346357962959753
independent,,0.8,0.2,10,2.0,mixed,5,prop_perceivers_majority_negative,1.0,0.0,300,0.028346357962959753
independent,,0.8,0.2,10,2.0,mixed,5,hit_rate_true_differences,0.4241666666666667,0.009804039657627054,300,0.028346357962959753
independent,,0.8,0.2,30,0.0,none,0,jaccard_mean_pairwise,0.058001601225285346,0.000314565359174253,300,0.028346357962959753
independent,,0.8,0.2,30,0.0,none,0,share_negative_mean,0.9998333333333335,7.403535467669022e-05,300,0.028346357962959753
independent,,0.8,0.2,30,0.0,none,0,share_negative_sd_across_perceivers,0.0007453559924999297,0.0003310961715907722,300,0.028346357962959753
independent,,0.8,0.2,30,0.0,none,0,prop_perceivers_majority_negative,1.0,0.0,300,0.028346357962959753
independent,,0.8,0.2,30,0.25,negative,5,jaccard_mean_pairwise,0.0659922723475354,0.00047550971408082604,300,0.028346357962959753
independent,,0.8,0.2,30,0.25,negative,5,share_negative_mean,0.9999333333333333,4.7061555869701135e-05,300,0.028346357962959753
independent,,0.8,0.2,30,0.25,negative,5,share_negative_sd_across_perceivers,0.0002981423969999719,0.00021046567610311171,300,0.028346357962959753
independent,,0.8,0.2,30,0.25,negative,5,prop_perceivers_majority_negative,1.0,0.0,300,0.028346357962959753
independent,,0.8,0.2,30,0.25,negative,5,hit_rate_true_differences,0.2059666666666667,0.0021038258579148296,300,0.028346357962959753
independent,,0.8,0.2,30,0.25,positive,5,jaccard_mean_pairwise,0.057789264828738425,0.00032344067658403596,300,0.028346357962959753
independent,,0.8,0.2,30,0.25,positive,5,share_negative_mean,0.9999000000000001,5.754160919975792e-05,300,0.028346357962959753
independent,,0.8,0.2,30,0.25,positive,5,share_negative_sd_across_perceivers,0.00044721359549995785,0.0002573338994107717,300,0.028346357962959753
independent,,0.8,0.2,30,0.25,positive,5,prop_perceivers_majority_negative,1.0,0.0,300,0.028346357962959753
independent,,0.8,0.2,30,0.25,positive,5,hit_rate_true_differences,3.3333333333333335e-05,3.333333333333333e-05,300,0.028346357962959753
independent,,0.8,0.2,30,0.25,mixed,5,jaccard_mean_pairwise,0.062045460874408154,0.0004114066955202795,300,0.028346357962959753
independent,,0.8,0.2,30,0.25,mixed,5,share_negative_mean,0.9997666666666667,8.730235947285772e-05,300,0.028346357962959753
independent,,0.8,0.2,30,0.25,mixed,5,share_negative_sd_across_perceivers,0.0010434983894999016,0.00039042802075486474,300,0.028346357962959753
independent,,0.8,0.2,30,0.25,mixed,5,prop_perceivers_majority_negative,1.0,0.0,300,0.028346357962959753
independent,,0.8,0.2,30,0.25,mixed,5,hit_rate_true_differences,0.10473333333333334,0.0031659395985132776,300,0.028346357962959753
independent,,0.8,0.2,30,0.5,negative,5,jaccard_mean_pairwise,0.10204573934837079,0.0009703426175174534,300,0.028346357962959753
independent,,0.8,0.2,30,0.5,negative,5,share_negative_mean,1.0,0.0,300,0.028346357962959753
independent,,0.8,0.2,30,0.5,negative,5,share_negative_sd_across_perceivers,0.0,0.0,300,0.028346357962959753
independent,,0.8,0.2,30,0.5,negative,5,prop_perceivers_majority_negative,1.0,0.0,300,0.028346357962959753
independent,,0.8,0.2,30,0.5,negative,5,hit_rate_true_differences,0.3532333333333334,0.0024196420003555893,300,0.028346357962959753
independent,,0.8,0.2,30,0.5,positive,5,jaccard_mean_pairwise,0.057163881927039736,0.00032080355776580613,300,0.028346357962959753
independent,,0.8,0.2,30,0.5,positive,5,share_negative_mean,0.9997666666666669,8.73023594728577e-05,300,0.028346357962959753
independent,,0.8,0.2,30,0.5,positive,5,share_negative_sd_across_perceivers,0.0010434983894999016,0.00039042802075486474,300,0.028346357962959753
independent,,0.8,0.2,30,0.5,positive,5,prop_perceivers_majority_negative,1.0,0.0,300,0.028346357962959753
independent,,0.8,0.2,30,0.5,positive,5,hit_rate_true_differences,9.999999999999999e-05,5.7541609199757856e-05,300,0.028346357962959753
independent,,0.8,0.2,30,0.5,mixed,5,jaccard_mean_pairwise,0.08533416875522128,0.0010313312426335729,300,0.028346357962959753
independent,,0.8,0.2,30,0.5,mixed,5,share_negative_mean,0.9999666666666667,3.3333333333333355e-05,300,0.028346357962959753
independent,,0.8,0.2,30,0.5,mixed,5,share_negative_sd_across_perceivers,0.00014907119849998595,0.00014907119849998595,300,0.028346357962959753
independent,,0.8,0.2,30,0.5,mixed,5,prop_perceivers_majority_negative,1.0,0.0,300,0.028346357962959753
independent,,0.8,0.2,30,0.5,mixed,5,hit_rate_true_differences,0.20140000000000002,0.005055557556527061,300,0.028346357962959753
independent,,0.8,0.2,30,1.0,negative,5,jaccard_mean_pairwise,0.33549498746867207,0.0026585888592181093,300,0.028346357962959753
independent,,0.8,0.2,30,1.0,negative,5,share_negative_mean,1.0,0.0,300,0.028346357962959753
independent,,0.8,0.2,30,1.0,negative,5,share_negative_sd_across_perceivers,0.0,0.0,300,0.028346357962959753
independent,,0.8,0.2,30,1.0,negative,5,prop_perceivers_majority_negative,1.0,0.0,300,0.028346357962959753
independent,,0.8,0.2,30,1.0,negative,5,hit_rate_true_differences,0.6841333333333334,0.002194740512228348,300,0.028346357962959753
independent,,0.8,0.2,30,1.0,positive,5,jaccard_mean_pairwise,0.05783932052353097,0.0003147113149581959,300,0.028346357962959753
independent,,0.8,0.2,30,1.0,positive,5,share_negative_mean,0.9996333333333333,0.00010868970626620939,300,0.028346357962959753
independent,,0.8,0.2,30,1.0,positive,5,share_negative_sd_across_perceivers,0.0016397831834998454,0.00048607514333145763,300,0.028346357962959753
independent,,0.8,0.2,30,1.0,positive,5,prop_perceivers_majority_negative,1.0,0.0,300,0.028346357962959753
independent,,0.8,0.2,30,1.0,positive,5,hit_rate_true_differences,0.0003333333333333334,0.00010381070730216605,300,0.028346357962959753
independent,,0.8,0.2,30,1.0,mixed,5,jaccard_mean_pairwise,0.2199792536897801,0.004089439761604005,300,0.028346357962959753
independent,,0.8,0.2,30,1.0,mixed,5,share_negative_mean,1.0,0.0,300,0.028346357962959753
independent,,0.8,0.2,30,1.0,mixed,5,share_negative_sd_across_perceivers,0.0,0.0,300,0.028346357962959753
independent,,0.8,0.2,30,1.0,mixed,5,prop_perceivers_majority_negative,1.0,0.0,300,0.028346357962959753
independent,,0.8,0.2,30,1.0,mixed,5,hit_rate_true_differences,0.38910000000000006,0.008604305914340709,300,0.028346357962959753
independent,,0.8,0.2,30,2.0,negative,5,jaccard_mean_pairwise,0.9419684628237257,0.002470841780160397,300,0.028346357962959753
independent,,0.8,0.2,30,2.0,negative,5,share_negative_mean,1.0,0.0,300,0.028346357962959753
independent,,0.8,0.2,30,2.0,negative,5,share_negative_sd_across_perceivers,0.0,0.0,300,0.028346357962959753
independent,,0.8,0.2,30,2.0,negative,5,prop_perceivers_majority_negative,1.0,0.0,300,0.028346357962959753
independent,,0.8,0.2,30,2.0,negative,5,hit_rate_true_differences,0.9821666666666667,0.0007794151157793344,300,0.028346357962959753
independent,,0.8,0.2,30,2.0,positive,5,jaccard_mean_pairwise,0.058266847674742335,0.0003349723955458356,300,0.028346357962959753
independent,,0.8,0.2,30,2.0,positive,5,share_negative_mean,0.9987,0.00020013930488559515,300,0.028346357962959753
independent,,0.8,0.2,30,2.0,positive,5,share_negative_sd_across_perceivers,0.005720830014916511,0.0008704943230158908,300,0.028346357962959753
independent,,0.8,0.2,30,2.0,positive,5,prop_perceivers_majority_negative,1.0,0.0,300,0.028346357962959753
independent,,0.8,0.2,30,2.0,positive,5,hit_rate_true_differences,0.0012333333333333332,0.0001901611904022253,300,0.028346357962959753
independent,,0.8,0.2,30,2.0,mixed,5,jaccard_mean_pairwise,0.3862701893622951,0.011538935829120352,300,0.028346357962959753
independent,,0.8,0.2,30,2.0,mixed,5,share_negative_mean,0.9998666666666668,6.633137535414974e-05,300,0.028346357962959753
independent,,0.8,0.2,30,2.0,mixed,5,share_negative_sd_across_perceivers,0.0005962847939999438,0.0002966429286658657,300,0.028346357962959753
independent,,0.8,0.2,30,2.0,mixed,5,prop_perceivers_majority_negative,1.0,0.0,300,0.028346357962959753
independent,,0.8,0.2,30,2.0,mixed,5,hit_rate_true_differences,0.4951666666666667,0.01286612815920131,300,0.028346357962959753
independent,,0.8,0.2,100,0.0,none,0,jaccard_mean_pairwise,0.058277847396268366,0.00034747367000623257,300,0.028346357962959753
independent,,0.8,0.2,100,0.0,none,0,share_negative_mean,0.9997333333333334,9.317074546885738e-05,300,0.028346357962959753
independent,,0.8,0.2,100,0.0,none,0,share_negative_sd_across_perceivers,0.0011925695879998876,0.0004166722407653908,300,0.028346357962959753
independent,,0.8,0.2,100,0.0,none,0,prop_perceivers_majority_negative,1.0,0.0,300,0.028346357962959753
independent,,0.8,0.2,100,0.25,negative,5,jaccard_mean_pairwise,0.09169583681425773,0.000835411491190927,300,0.028346357962959753
independent,,0.8,0.2,100,0.25,negative,5,share_negative_mean,0.9999333333333333,4.7061555869701135e-05,300,0.028346357962959753
independent,,0.8,0.2,100,0.25,negative,5,share_negative_sd_across_perceivers,0.0002981423969999719,0.0002104656761031117,300,0.028346357962959753
independent,,0.8,0.2,100,0.25,negative,5,prop_perceivers_majority_negative,1.0,0.0,300,0.028346357962959753
independent,,0.8,0.2,100,0.25,negative,5,hit_rate_true_differences,0.32100000000000006,0.002309642431315963,300,0.028346357962959753
independent,,0.8,0.2,100,0.25,positive,5,jaccard_mean_pairwise,0.05810568086883869,0.0003188868358307582,300,0.028346357962959753
independent,,0.8,0.2,100,0.25,positive,5,share_negative_mean,0.9995999999999999,0.00012276996280897017,300,0.028346357962959753
independent,,0.8,0.2,100,0.25,positive,5,share_negative_sd_across_perceivers,0.0016959076554168907,0.0005055615204545593,300,0.028346357962959753
independent,,0.8,0.2,100,0.25,positive,5,prop_perceivers_majority_negative,1.0,0.0,300,0.028346357962959753
independent,,0.8,0.2,100,0.25,positive,5,hit_rate_true_differences,0.0002666666666666667,9.31707454688573e-05,300,0.028346357962959753
independent,,0.8,0.2,100,0.25,mixed,5,jaccard_mean_pairwise,0.07849380395433016,0.000778667330179987,300,0.028346357962959753
independent,,0.8,0.2,100,0.25,mixed,5,share_negative_mean,0.9998666666666668,6.633137535414974e-05,300,0.028346357962959753
independent,,0.8,0.2,100,0.25,mixed,5,share_negative_sd_across_perceivers,0.0005962847939999438,0.0002966429286658657,300,0.028346357962959753
independent,,0.8,0.2,100,0.25,mixed,5,prop_perceivers_majority_negative,1.0,0.0,300,0.028346357962959753
independent,,0.8,0.2,100,0.25,mixed,5,hit_rate_true_differences,0.17773333333333335,0.004402364149836612,300,0.028346357962959753
independent,,0.8,0.2,100,0.5,negative,5,jaccard_mean_pairwise,0.26561563631300494,0.002182398639167216,300,0.028346357962959753
independent,,0.8,0.2,100,0.5,negative,5,share_negative_mean,0.9999666666666667,3.333333333333335e-05,300,0.028346357962959753
independent,,0.8,0.2,100,0.5,negative,5,share_negative_sd_across_perceivers,0.00014907119849998595,0.0001490711984999859,300,0.028346357962959753
independent,,0.8,0.2,100,0.5,negative,5,prop_perceivers_majority_negative,1.0,0.0,300,0.028346357962959753
independent,,0.8,0.2,100,0.5,negative,5,hit_rate_true_differences,0.6168333333333333,0.0022459964794728717,300,0.028346357962959753
independent,,0.8,0.2,100,0.5,positive,5,jaccard_mean_pairwise,0.05853926482873843,0.00034918664127323875,300,0.028346357962959753
independent,,0.8,0.2,100,0.5,positive,5,share_negative_mean,0.9986333333333335,0.00023466731275881414,300,0.028346357962959753
independent,,0.8,0.2,100,0.5,positive,5,share_negative_sd_across_perceivers,0.00574013223216766,0.000963510161819155,300,0.028346357962959753
independent,,0.8,0.2,100,0.5,positive,5,prop_perceivers_majority_negative,1.0,0.0,300,0.028346357962959753
independent,,0.8,0.2,100,0.5,positive,5,hit_rate_true_differences,0.0012,0.00022067091374694815,300,0.028346357962959753
independent,,0.8,0.2,100,0.5,mixed,5,jaccard_mean_pairwise,0.1805035505430242,0.0033891092576929954,300,0.028346357962959753
independent,,0.8,0.2,100,0.5,mixed,5,share_negative_mean,0.9996333333333333,0.00010868970626620939,300,0.028346357962959753
independent,,0.8,0.2,100,0.5,mixed,5,share_negative_sd_across_perceivers,0.0016397831834998454,0.0004860751433314576,300,0.028346357962959753
independent,,0.8,0.2,100,0.5,mixed,5,prop_perceivers_majority_negative,1.0,0.0,300,0.028346357962959753
independent,,0.8,0.2,100,0.5,mixed,5,hit_rate_true_differences,0.34590000000000004,0.008406782445227327,300,0.028346357962959753
independent,,0.8,0.2,100,1.0,negative,5,jaccard_mean_pairwise,0.8922174185463658,0.0029839766610202023,300,0.028346357962959753
independent,,0.8,0.2,100,1.0,negative,5,share_negative_mean,1.0,0.0,300,0.028346357962959753
independent,,0.8,0.2,100,1.0,negative,5,share_negative_sd_across_perceivers,0.0,0.0,300,0.028346357962959753
independent,,0.8,0.2,100,1.0,negative,5,prop_perceivers_majority_negative,1.0,0.0,300,0.028346357962959753
independent,,0.8,0.2,100,1.0,negative,5,hit_rate_true_differences,0.9661666666666665,0.0009751177881952019,300,0.028346357962959753
independent,,0.8,0.2,100,1.0,positive,5,jaccard_mean_pairwise,0.05736473127262593,0.00035104033854442356,300,0.028346357962959753
independent,,0.8,0.2,100,1.0,positive,5,share_negative_mean,0.9908333333333333,0.0006182983324779397,300,0.028346357962959753
independent,,0.8,0.2,100,1.0,positive,5,share_negative_sd_across_perceivers,0.03150580894052044,0.0017852967283708255,300,0.028346357962959753
independent,,0.8,0.2,100,1.0,positive,5,prop_perceivers_majority_negative,0.9998333333333332,0.0001666666666666668,300,0.028346357962959753
independent,,0.8,0.2,100,1.0,positive,5,hit_rate_true_differences,0.009133333333333334,0.0006172426428228326,300,0.028346357962959753
independent,,0.8,0.2,100,1.0,mixed,5,jaccard_mean_pairwise,0.38386494012809846,0.010977270969793786,300,0.028346357962959753
independent,,0.8,0.2,100,1.0,mixed,5,share_negative_mean,0.9989666666666667,0.0002209654166322288,300,0.028346357962959753
independent,,0.8,0.2,100,1.0,mixed,5,share_negative_sd_across_perceivers,0.004111358531641844,0.0008141401897525833,300,0.028346357962959753
independent,,0.8,0.2,100,1.0,mixed,5,prop_perceivers_majority_negative,1.0,0.0,300,0.028346357962959753
independent,,0.8,0.2,100,1.0,mixed,5,hit_rate_true_differences,0.4989666666666668,0.012615831070853954,300,0.028346357962959753
independent,,0.8,0.2,100,2.0,negative,5,jaccard_mean_pairwise,1.0,0.0,300,0.028346357962959753
independent,,0.8,0.2,100,2.0,negative,5,share_negative_mean,1.0,0.0,300,0.028346357962959753
independent,,0.8,0.2,100,2.0,negative,5,share_negative_sd_across_perceivers,0.0,0.0,300,0.028346357962959753
independent,,0.8,0.2,100,2.0,negative,5,prop_perceivers_majority_negative,1.0,0.0,300,0.028346357962959753
independent,,0.8,0.2,100,2.0,negative,5,hit_rate_true_differences,1.0,0.0,300,0.028346357962959753
independent,,0.8,0.2,100,2.0,positive,5,jaccard_mean_pairwise,0.053445558340295116,0.00034402692617860526,300,0.028346357962959753
independent,,0.8,0.2,100,2.0,positive,5,share_negative_mean,0.9445666666666664,0.0015690842136152454,300,0.028346357962959753
independent,,0.8,0.2,100,2.0,positive,5,share_negative_sd_across_perceivers,0.11337587709758504,0.0022091659359883254,300,0.028346357962959753
independent,,0.8,0.2,100,2.0,positive,5,prop_perceivers_majority_negative,0.99,0.001376664898598178,300,0.028346357962959753
independent,,0.8,0.2,100,2.0,positive,5,hit_rate_true_differences,0.05543333333333333,0.0015690842136152454,300,0.028346357962959753
independent,,0.8,0.2,100,2.0,mixed,5,jaccard_mean_pairwise,0.38261925647452016,0.01144783126376238,300,0.028346357962959753
independent,,0.8,0.2,100,2.0,mixed,5,share_negative_mean,0.9906333333333335,0.000869267600499601,300,0.028346357962959753
independent,,0.8,0.2,100,2.0,mixed,5,share_negative_sd_across_perceivers,0.027967451874362902,0.0021254974564659667,300,0.028346357962959753
independent,,0.8,0.2,100,2.0,mixed,5,prop_perceivers_majority_negative,0.9996666666666666,0.00023530777934850568,300,0.028346357962959753
independent,,0.8,0.2,100,2.0,mixed,5,hit_rate_true_differences,0.49870000000000003,0.012560485987800045,300,0.028346357962959753
independent,,0.9,0.1,10,0.0,none,0,jaccard_mean_pairwise,0.05761354775828451,0.00031600882950826096,300,0.028346357962959753
independent,,0.9,0.1,10,0.0,none,0,share_negative_mean,1.0,0.0,300,0.028346357962959753
independent,,0.9,0.1,10,0.0,none,0,share_negative_sd_across_perceivers,0.0,0.0,300,0.028346357962959753
independent,,0.9,0.1,10,0.0,none,0,prop_perceivers_majority_negative,1.0,0.0,300,0.028346357962959753
independent,,0.9,0.1,10,0.25,negative,5,jaccard_mean_pairwise,0.058896129211918606,0.00037620381532568373,300,0.028346357962959753
independent,,0.9,0.1,10,0.25,negative,5,share_negative_mean,1.0,0.0,300,0.028346357962959753
independent,,0.9,0.1,10,0.25,negative,5,share_negative_sd_across_perceivers,0.0,0.0,300,0.028346357962959753
independent,,0.9,0.1,10,0.25,negative,5,prop_perceivers_majority_negative,1.0,0.0,300,0.028346357962959753
independent,,0.9,0.1,10,0.25,negative,5,hit_rate_true_differences,0.14233333333333334,0.0019249192215939441,300,0.028346357962959753
independent,,0.9,0.1,10,0.25,positive,5,jaccard_mean_pairwise,0.058439919242550736,0.00032136995894905233,300,0.028346357962959753
independent,,0.9,0.1,10,0.25,positive,5,share_negative_mean,1.0,0.0,300,0.028346357962959753
independent,,0.9,0.1,10,0.25,positive,5,share_negative_sd_across_perceivers,0.0,0.0,300,0.028346357962959753
independent,,0.9,0.1,10,0.25,positive,5,prop_perceivers_majority_negative,1.0,0.0,300,0.028346357962959753
independent,,0.9,0.1,10,0.25,positive,5,hit_rate_true_differences,0.0,0.0,300,0.028346357962959753
independent,,0.9,0.1,10,0.25,mixed,5,jaccard_mean_pairwise,0.059217209690893814,0.0003277830336527211,300,0.028346357962959753
independent,,0.9,0.1,10,0.25,mixed,5,share_negative_mean,1.0,0.0,300,0.028346357962959753
independent,,0.9,0.1,10,0.25,mixed,5,share_negative_sd_across_perceivers,0.0,0.0,300,0.028346357962959753
independent,,0.9,0.1,10,0.25,mixed,5,prop_perceivers_majority_negative,1.0,0.0,300,0.028346357962959753
independent,,0.9,0.1,10,0.25,mixed,5,hit_rate_true_differences,0.07383333333333333,0.002151175216558945,300,0.028346357962959753
independent,,0.9,0.1,10,0.5,negative,5,jaccard_mean_pairwise,0.0640598022834864,0.0004350717048346414,300,0.028346357962959753
independent,,0.9,0.1,10,0.5,negative,5,share_negative_mean,1.0,0.0,300,0.028346357962959753
independent,,0.9,0.1,10,0.5,negative,5,share_negative_sd_across_perceivers,0.0,0.0,300,0.028346357962959753
independent,,0.9,0.1,10,0.5,negative,5,prop_perceivers_majority_negative,1.0,0.0,300,0.028346357962959753
independent,,0.9,0.1,10,0.5,negative,5,hit_rate_true_differences,0.1937,0.0021037552027689103,300,0.028346357962959753
independent,,0.9,0.1,10,0.5,positive,5,jaccard_mean_pairwise,0.05730137844611521,0.00029519930186896055,300,0.028346357962959753
independent,,0.9,0.1,10,0.5,positive,5,share_negative_mean,1.0,0.0,300,0.028346357962959753
independent,,0.9,0.1,10,0.5,positive,5,share_negative_sd_across_perceivers,0.0,0.0,300,0.028346357962959753
independent,,0.9,0.1,10,0.5,positive,5,prop_perceivers_majority_negative,1.0,0.0,300,0.028346357962959753
independent,,0.9,0.1,10,0.5,positive,5,hit_rate_true_differences,0.0,0.0,300,0.028346357962959753
independent,,0.9,0.1,10,0.5,mixed,5,jaccard_mean_pairwise,0.061409495962127456,0.00041268477111809946,300,0.028346357962959753
independent,,0.9,0.1,10,0.5,mixed,5,share_negative_mean,1.0,0.0,300,0.028346357962959753
independent,,0.9,0.1,10,0.5,mixed,5,share_negative_sd_across_perceivers,0.0,0.0,300,0.028346357962959753
independent,,0.9,0.1,10,0.5,mixed,5,prop_perceivers_majority_negative,1.0,0.0,300,0.028346357962959753
independent,,0.9,0.1,10,0.5,mixed,5,hit_rate_true_differences,0.10063333333333335,0.002853892228991988,300,0.028346357962959753
independent,,0.9,0.1,10,1.0,negative,5,jaccard_mean_pairwise,0.09562524366471722,0.0008954868867565844,300,0.028346357962959753
independent,,0.9,0.1,10,1.0,negative,5,share_negative_mean,1.0,0.0,300,0.028346357962959753
independent,,0.9,0.1,10,1.0,negative,5,share_negative_sd_across_perceivers,0.0,0.0,300,0.028346357962959753
independent,,0.9,0.1,10,1.0,negative,5,prop_perceivers_majority_negative,1.0,0.0,300,0.028346357962959753
independent,,0.9,0.1,10,1.0,negative,5,hit_rate_true_differences,0.3339666666666667,0.0023571321753688415,300,0.028346357962959753
independent,,0.9,0.1,10,1.0,positive,5,jaccard_mean_pairwise,0.05864466722361451,0.00033263196582117294,300,0.028346357962959753
independent,,0.9,0.1,10,1.0,positive,5,share_negative_mean,1.0,0.0,300,0.028346357962959753
independent,,0.9,0.1,10,1.0,positive,5,share_negative_sd_across_perceivers,0.0,0.0,300,0.028346357962959753
independent,,0.9,0.1,10,1.0,positive,5,prop_perceivers_majority_negative,1.0,0.0,300,0.028346357962959753
independent,,0.9,0.1,10,1.0,positive,5,hit_rate_true_differences,0.0,0.0,300,0.028346357962959753
independent,,0.9,0.1,10,1.0,mixed,5,jaccard_mean_pairwise,0.07880304928989129,0.000867189497652812,300,0.028346357962959753
independent,,0.9,0.1,10,1.0,mixed,5,share_negative_mean,1.0,0.0,300,0.028346357962959753
independent,,0.9,0.1,10,1.0,mixed,5,share_negative_sd_across_perceivers,0.0,0.0,300,0.028346357962959753
independent,,0.9,0.1,10,1.0,mixed,5,prop_perceivers_majority_negative,1.0,0.0,300,0.028346357962959753
independent,,0.9,0.1,10,1.0,mixed,5,hit_rate_true_differences,0.17200000000000004,0.004526153406589056,300,0.028346357962959753
independent,,0.9,0.1,10,2.0,negative,5,jaccard_mean_pairwise,0.30991597048176034,0.0025585882062029563,300,0.028346357962959753
independent,,0.9,0.1,10,2.0,negative,5,share_negative_mean,1.0,0.0,300,0.028346357962959753
independent,,0.9,0.1,10,2.0,negative,5,share_negative_sd_across_perceivers,0.0,0.0,300,0.028346357962959753
independent,,0.9,0.1,10,2.0,negative,5,prop_perceivers_majority_negative,1.0,0.0,300,0.028346357962959753
independent,,0.9,0.1,10,2.0,negative,5,hit_rate_true_differences,0.6602333333333333,0.002321638953881793,300,0.028346357962959753
independent,,0.9,0.1,10,2.0,positive,5,jaccard_mean_pairwise,0.0585967000835421,0.00036085009843495996,300,0.028346357962959753
independent,,0.9,0.1,10,2.0,positive,5,share_negative_mean,1.0,0.0,300,0.028346357962959753
independent,,0.9,0.1,10,2.0,positive,5,share_negative_sd_across_perceivers,0.0,0.0,300,0.028346357962959753
independent,,0.9,0.1,10,2.0,positive,5,prop_perceivers_majority_negative,1.0,0.0,300,0.028346357962959753
independent,,0.9,0.1,10,2.0,positive,5,hit_rate_true_differences,0.0,0.0,300,0.028346357962959753
independent,,0.9,0.1,10,2.0,mixed,5,jaccard_mean_pairwise,0.20750201893622955,0.003960949372941908,300,0.028346357962959753
independent,,0.9,0.1,10,2.0,mixed,5,share_negative_mean,1.0,0.0,300,0.028346357962959753
independent,,0.9,0.1,10,2.0,mixed,5,share_negative_sd_across_perceivers,0.0,0.0,300,0.028346357962959753
independent,,0.9,0.1,10,2.0,mixed,5,prop_perceivers_majority_negative,1.0,0.0,300,0.028346357962959753
independent,,0.9,0.1,10,2.0,mixed,5,hit_rate_true_differences,0.3684666666666667,0.009050517620203183,300,0.028346357962959753
independent,,0.9,0.1,30,0.0,none,0,jaccard_mean_pairwise,0.05829915065441373,0.0003340599105563555,300,0.028346357962959753
independent,,0.9,0.1,30,0.0,none,0,share_negative_mean,1.0,0.0,300,0.028346357962959753
independent,,0.9,0.1,30,0.0,none,0,share_negative_sd_across_perceivers,0.0,0.0,300,0.028346357962959753
independent,,0.9,0.1,30,0.0,none,0,prop_perceivers_majority_negative,1.0,0.0,300,0.028346357962959753
independent,,0.9,0.1,30,0.25,negative,5,jaccard_mean_pairwise,0.06271860206070722,0.00042873605583819093,300,0.028346357962959753
independent,,0.9,0.1,30,0.25,negative,5,share_negative_mean,1.0,0.0,300,0.028346357962959753
independent,,0.9,0.1,30,0.25,negative,5,share_negative_sd_across_perceivers,0.0,0.0,300,0.028346357962959753
independent,,0.9,0.1,30,0.25,negative,5,prop_perceivers_majority_negative,1.0,0.0,300,0.028346357962959753
independent,,0.9,0.1,30,0.25,negative,5,hit_rate_true_differences,0.1799,0.0022250649784456775,300,0.028346357962959753
independent,,0.9,0.1,30,0.25,positive,5,jaccard_mean_pairwise,0.05778592314118621,0.000299132107013384,300,0.028346357962959753
independent,,0.9,0.1,30,0.25,positive,5,share_negative_mean,1.0,0.0,300,0.028346357962959753
independent,,0.9,0.1,30,0.25,positive,5,share_negative_sd_across_perceivers,0.0,0.0,300,0.028346357962959753
independent,,0.9,0.1,30,0.25,positive,5,prop_perceivers_majority_negative,1.0,0.0,300,0.028346357962959753
independent,,0.9,0.1,30,0.25,positive,5,hit_rate_true_differences,0.0,0.0,300,0.028346357962959753
independent,,0.9,0.1,30,0.25,mixed,5,jaccard_mean_pairwise,0.059862364243943096,0.00039885101193529046,300,0.028346357962959753
independent,,0.9,0.1,30,0.25,mixed,5,share_negative_mean,1.0,0.0,300,0.028346357962959753
independent,,0.9,0.1,30,0.25,mixed,5,share_negative_sd_across_perceivers,0.0,0.0,300,0.028346357962959753
independent,,0.9,0.1,30,0.25,mixed,5,prop_perceivers_majority_negative,1.0,0.0,300,0.028346357962959753
independent,,0.9,0.1,30,0.25,mixed,5,hit_rate_true_differences,0.09670000000000002,0.002795985735279073,300,0.028346357962959753
independent,,0.9,0.1,30,0.5,negative,5,jaccard_mean_pairwise,0.08172305764411017,0.0006746991358621544,300,0.028346357962959753
independent,,0.9,0.1,30,0.5,negative,5,share_negative_mean,1.0,0.0,300,0.028346357962959753
independent,,0.9,0.1,30,0.5,negative,5,share_negative_sd_across_perceivers,0.0,0.0,300,0.028346357962959753
independent,,0.9,0.1,30,0.5,negative,5,prop_perceivers_majority_negative,1.0,0.0,300,0.028346357962959753
independent,,0.9,0.1,30,0.5,negative,5,hit_rate_true_differences,0.2883666666666667,0.0022069608806008353,300,0.028346357962959753
independent,,0.9,0.1,30,0.5,positive,5,jaccard_mean_pairwise,0.058090712893344394,0.0003244314018358349,300,0.028346357962959753
independent,,0.9,0.1,30,0.5,positive,5,share_negative_mean,1.0,0.0,300,0.028346357962959753
independent,,0.9,0.1,30,0.5,positive,5,share_negative_sd_across_perceivers,0.0,0.0,300,0.028346357962959753
independent,,0.9,0.1,30,0.5,positive,5,prop_perceivers_majority_negative,1.0,0.0,300,0.028346357962959753
independent,,0.9,0.1,30,0.5,positive,5,hit_rate_true_differences,0.0,0.0,300,0.028346357962959753
independent,,0.9,0.1,30,0.5,mixed,5,jaccard_mean_pairwise,0.07212496519075455,0.0006844454947397246,300,0.028346357962959753
independent,,0.9,0.1,30,0.5,mixed,5,share_negative_mean,1.0,0.0,300,0.028346357962959753
independent,,0.9,0.1,30,0.5,mixed,5,share_negative_sd_across_perceivers,0.0,0.0,300,0.028346357962959753
independent,,0.9,0.1,30,0.5,mixed,5,prop_perceivers_majority_negative,1.0,0.0,300,0.028346357962959753
independent,,0.9,0.1,30,0.5,mixed,5,hit_rate_true_differences,0.15556666666666666,0.004354169527077627,300,0.028346357962959753
independent,,0.9,0.1,30,1.0,negative,5,jaccard_mean_pairwise,0.2189417293233084,0.0019274420190623874,300,0.028346357962959753
independent,,0.9,0.1,30,1.0,negative,5,share_negative_mean,1.0,0.0,300,0.028346357962959753
independent,,0.9,0.1,30,1.0,negative,5,share_negative_sd_across_perceivers,0.0,0.0,300,0.028346357962959753
independent,,0.9,0.1,30,1.0,negative,5,prop_perceivers_majority_negative,1.0,0.0,300,0.028346357962959753
independent,,0.9,0.1,30,1.0,negative,5,hit_rate_true_differences,0.5628333333333333,0.0024148640107185836,300,0.028346357962959753
independent,,0.9,0.1,30,1.0,positive,5,jaccard_mean_pairwise,0.05848781676413247,0.00034638604372760933,300,0.028346357962959753
independent,,0.9,0.1,30,1.0,positive,5,share_negative_mean,1.0,0.0,300,0.028346357962959753
independent,,0.9,0.1,30,1.0,positive,5,share_negative_sd_across_perceivers,0.0,0.0,300,0.028346357962959753
independent,,0.9,0.1,30,1.0,positive,5,prop_perceivers_majority_negative,1.0,0.0,300,0.028346357962959753
independent,,0.9,0.1,30,1.0,positive,5,hit_rate_true_differences,0.0,0.0,300,0.028346357962959753
independent,,0.9,0.1,30,1.0,mixed,5,jaccard_mean_pairwise,0.15608904204956825,0.0025396526195061012,300,0.028346357962959753
independent,,0.9,0.1,30,1.0,mixed,5,share_negative_mean,1.0,0.0,300,0.028346357962959753
independent,,0.9,0.1,30,1.0,mixed,5,share_negative_sd_across_perceivers,0.0,0.0,300,0.028346357962959753
independent,,0.9,0.1,30,1.0,mixed,5,prop_perceivers_majority_negative,1.0,0.0,300,0.028346357962959753
independent,,0.9,0.1,30,1.0,mixed,5,hit_rate_true_differences,0.32223333333333337,0.007109592548512988,300,0.028346357962959753
independent,,0.9,0.1,30,2.0,negative,5,jaccard_mean_pairwise,0.8430941241993872,0.003640050149356773,300,0.028346357962959753
independent,,0.9,0.1,30,2.0,negative,5,share_negative_mean,1.0,0.0,300,0.028346357962959753
independent,,0.9,0.1,30,2.0,negative,5,share_negative_sd_across_perceivers,0.0,0.0,300,0.028346357962959753
independent,,0.9,0.1,30,2.0,negative,5,prop_perceivers_majority_negative,1.0,0.0,300,0.028346357962959753
independent,,0.9,0.1,30,2.0,negative,5,hit_rate_true_differences,0.9496666666666668,0.00124378798314204,300,0.028346357962959753
independent,,0.9,0.1,30,2.0,positive,5,jaccard_mean_pairwise,0.0578684210526315,0.0003371772266326969,300,0.028346357962959753
independent,,0.9,0.1,30,2.0,positive,5,share_negative_mean,1.0,0.0,300,0.028346357962959753
independent,,0.9,0.1,30,2.0,positive,5,share_negative_sd_across_perceivers,0.0,0.0,300,0.028346357962959753
independent,,0.9,0.1,30,2.0,positive,5,prop_perceivers_majority_negative,1.0,0.0,300,0.028346357962959753
independent,,0.9,0.1,30,2.0,positive,5,hit_rate_true_differences,0.0,0.0,300,0.028346357962959753
independent,,0.9,0.1,30,2.0,mixed,5,jaccard_mean_pairwise,0.38308347257031516,0.010437979377588235,300,0.028346357962959753
independent,,0.9,0.1,30,2.0,mixed,5,share_negative_mean,1.0,0.0,300,0.028346357962959753
independent,,0.9,0.1,30,2.0,mixed,5,share_negative_sd_across_perceivers,0.0,0.0,300,0.028346357962959753
independent,,0.9,0.1,30,2.0,mixed,5,prop_perceivers_majority_negative,1.0,0.0,300,0.028346357962959753
independent,,0.9,0.1,30,2.0,mixed,5,hit_rate_true_differences,0.5011333333333333,0.012317978932420752,300,0.028346357962959753
independent,,0.9,0.1,100,0.0,none,0,jaccard_mean_pairwise,0.0582324561403508,0.0003331309452870546,300,0.028346357962959753
independent,,0.9,0.1,100,0.0,none,0,share_negative_mean,1.0,0.0,300,0.028346357962959753
independent,,0.9,0.1,100,0.0,none,0,share_negative_sd_across_perceivers,0.0,0.0,300,0.028346357962959753
independent,,0.9,0.1,100,0.0,none,0,prop_perceivers_majority_negative,1.0,0.0,300,0.028346357962959753
independent,,0.9,0.1,100,0.25,negative,5,jaccard_mean_pairwise,0.07593093845725413,0.0006508972055431143,300,0.028346357962959753
independent,,0.9,0.1,100,0.25,negative,5,share_negative_mean,1.0,0.0,300,0.028346357962959753
independent,,0.9,0.1,100,0.25,negative,5,share_negative_sd_across_perceivers,0.0,0.0,300,0.028346357962959753
independent,,0.9,0.1,100,0.25,negative,5,prop_perceivers_majority_negative,1.0,0.0,300,0.028346357962959753
independent,,0.9,0.1,100,0.25,negative,5,hit_rate_true_differences,0.2614000000000001,0.0022837021323299745,300,0.028346357962959753
independent,,0.9,0.1,100,0.25,positive,5,jaccard_mean_pairwise,0.058397800055694706,0.00030188150940942853,300,0.028346357962959753
independent,,0.9,0.1,100,0.25,positive,5,share_negative_mean,1.0,0.0,300,0.028346357962959753
independent,,0.9,0.1,100,0.25,positive,5,share_negative_sd_across_perceivers,0.0,0.0,300,0.028346357962959753
independent,,0.9,0.1,100,0.25,positive,5,prop_perceivers_majority_negative,1.0,0.0,300,0.028346357962959753
independent,,0.9,0.1,100,0.25,positive,5,hit_rate_true_differences,0.0,0.0,300,0.028346357962959753
independent,,0.9,0.1,100,0.25,mixed,5,jaccard_mean_pairwise,0.06794743803954321,0.0005688217805339162,300,0.028346357962959753
independent,,0.9,0.1,100,0.25,mixed,5,share_negative_mean,1.0,0.0,300,0.028346357962959753
independent,,0.9,0.1,100,0.25,mixed,5,share_negative_sd_across_perceivers,0.0,0.0,300,0.028346357962959753
independent,,0.9,0.1,100,0.25,mixed,5,prop_perceivers_majority_negative,1.0,0.0,300,0.028346357962959753
independent,,0.9,0.1,100,0.25,mixed,5,hit_rate_true_differences,0.14173333333333338,0.003819358463273294,300,0.028346357962959753
independent,,0.9,0.1,100,0.5,negative,5,jaccard_mean_pairwise,0.1673360484544694,0.0015983131283530325,300,0.028346357962959753
independent,,0.9,0.1,100,0.5,negative,5,share_negative_mean,1.0,0.0,300,0.028346357962959753
independent,,0.9,0.1,100,0.5,negative,5,share_negative_sd_across_perceivers,0.0,0.0,300,0.028346357962959753
independent,,0.9,0.1,100,0.5,negative,5,prop_perceivers_majority_negative,1.0,0.0,300,0.028346357962959753
independent,,0.9,0.1,100,0.5,negative,5,hit_rate_true_differences,0.48906666666666665,0.0024863925475292043,300,0.028346357962959753
independent,,0.9,0.1,100,0.5,positive,5,jaccard_mean_pairwise,0.05765260373155101,0.00033174104618556116,300,0.028346357962959753
independent,,0.9,0.1,100,0.5,positive,5,share_negative_mean,1.0,0.0,300,0.028346357962959753
independent,,0.9,0.1,100,0.5,positive,5,share_negative_sd_across_perceivers,0.0,0.0,300,0.028346357962959753
independent,,0.9,0.1,100,0.5,positive,5,prop_perceivers_majority_negative,1.0,0.0,300,0.028346357962959753
independent,,0.9,0.1,100,0.5,positive,5,hit_rate_true_differences,0.0,0.0,300,0.028346357962959753
independent,,0.9,0.1,100,0.5,mixed,5,jaccard_mean_pairwise,0.12221233639654677,0.0017971399489000923,300,0.028346357962959753
independent,,0.9,0.1,100,0.5,mixed,5,share_negative_mean,1.0,0.0,300,0.028346357962959753
independent,,0.9,0.1,100,0.5,mixed,5,share_negative_sd_across_perceivers,0.0,0.0,300,0.028346357962959753
independent,,0.9,0.1,100,0.5,mixed,5,prop_perceivers_majority_negative,1.0,0.0,300,0.028346357962959753
independent,,0.9,0.1,100,0.5,mixed,5,hit_rate_true_differences,0.2696,0.006220360713210498,300,0.028346357962959753
independent,,0.9,0.1,100,1.0,negative,5,jaccard_mean_pairwise,0.6741703564466731,0.0042540501857996505,300,0.028346357962959753
independent,,0.9,0.1,100,1.0,negative,5,share_negative_mean,1.0,0.0,300,0.028346357962959753
independent,,0.9,0.1,100,1.0,negative,5,share_negative_sd_across_perceivers,0.0,0.0,300,0.028346357962959753
independent,,0.9,0.1,100,1.0,negative,5,prop_perceivers_majority_negative,1.0,0.0,300,0.028346357962959753
independent,,0.9,0.1,100,1.0,negative,5,hit_rate_true_differences,0.8851666666666669,0.0017946149680882406,300,0.028346357962959753
independent,,0.9,0.1,100,1.0,positive,5,jaccard_mean_pairwise,0.057959412419938655,0.00035616888811610184,300,0.028346357962959753
independent,,0.9,0.1,100,1.0,positive,5,share_negative_mean,1.0,0.0,300,0.028346357962959753
independent,,0.9,0.1,100,1.0,positive,5,share_negative_sd_across_perceivers,0.0,0.0,300,0.028346357962959753
independent,,0.9,0.1,100,1.0,positive,5,prop_perceivers_majority_negative,1.0,0.0,300,0.028346357962959753
independent,,0.9,0.1,100,1.0,positive,5,hit_rate_true_differences,0.0,0.0,300,0.028346357962959753
independent,,0.9,0.1,100,1.0,mixed,5,jaccard_mean_pairwise,0.3379553049289895,0.008379776777223152,300,0.028346357962959753
independent,,0.9,0.1,100,1.0,mixed,5,share_negative_mean,1.0,0.0,300,0.028346357962959753
independent,,0.9,0.1,100,1.0,mixed,5,share_negative_sd_across_perceivers,0.0,0.0,300,0.028346357962959753
independent,,0.9,0.1,100,1.0,mixed,5,prop_perceivers_majority_negative,1.0,0.0,300,0.028346357962959753
independent,,0.9,0.1,100,1.0,mixed,5,hit_rate_true_differences,0.4698,0.011553466423507193,300,0.028346357962959753
independent,,0.9,0.1,100,2.0,negative,5,jaccard_mean_pairwise,1.0,0.0,300,0.028346357962959753
independent,,0.9,0.1,100,2.0,negative,5,share_negative_mean,1.0,0.0,300,0.028346357962959753
independent,,0.9,0.1,100,2.0,negative,5,share_negative_sd_across_perceivers,0.0,0.0,300,0.028346357962959753
independent,,0.9,0.1,100,2.0,negative,5,prop_perceivers_majority_negative,1.0,0.0,300,0.028346357962959753
independent,,0.9,0.1,100,2.0,negative,5,hit_rate_true_differences,1.0,0.0,300,0.028346357962959753
independent,,0.9,0.1,100,2.0,positive,5,jaccard_mean_pairwise,0.057934976329713096,0.0003269240622894569,300,0.028346357962959753
independent,,0.9,0.1,100,2.0,positive,5,share_negative_mean,1.0,0.0,300,0.028346357962959753
independent,,0.9,0.1,100,2.0,positive,5,share_negative_sd_across_perceivers,0.0,0.0,300,0.028346357962959753
independent,,0.9,0.1,100,2.0,positive,5,prop_perceivers_majority_negative,1.0,0.0,300,0.028346357962959753
independent,,0.9,0.1,100,2.0,positive,5,hit_rate_true_differences,0.0,0.0,300,0.028346357962959753
independent,,0.9,0.1,100,2.0,mixed,5,jaccard_mean_pairwise,0.39923524087997836,0.011373777305425154,300,0.028346357962959753
independent,,0.9,0.1,100,2.0,mixed,5,share_negative_mean,1.0,0.0,300,0.028346357962959753
independent,,0.9,0.1,100,2.0,mixed,5,share_negative_sd_across_perceivers,0.0,0.0,300,0.028346357962959753
independent,,0.9,0.1,100,2.0,mixed,5,prop_perceivers_majority_negative,1.0,0.0,300,0.028346357962959753
independent,,0.9,0.1,100,2.0,mixed,5,hit_rate_true_differences,0.5106666666666666,0.012602253636942885,300,0.028346357962959753
shared,100.0,0.5,0.5,10,0.0,none,0,jaccard_mean_pairwise,0.041602339181286495,0.0004282041273290021,300,0.028346357962959753
shared,100.0,0.5,0.5,10,0.0,none,0,share_negative_mean,0.5026,0.003423591834307584,300,0.028346357962959753
shared,100.0,0.5,0.5,10,0.0,none,0,share_negative_sd_across_perceivers,0.2117340878782617,0.0018815248492667347,300,0.028346357962959753
shared,100.0,0.5,0.5,10,0.0,none,0,prop_perceivers_majority_negative,0.5075,0.0074627465720810944,300,0.028346357962959753
shared,100.0,0.5,0.5,10,0.0,none,0,jaccard_with_society_top5,0.08535714285714287,0.0012806244066266002,300,0.028346357962959753
shared,100.0,0.5,0.5,10,0.0,none,0,society_share_negative_top5,0.49,0.012568652055521054,300,0.028346357962959753
shared,100.0,0.5,0.5,10,0.25,negative,5,jaccard_mean_pairwise,0.04253738512949034,0.0004592408301809323,300,0.028346357962959753
shared,100.0,0.5,0.5,10,0.25,negative,5,share_negative_mean,0.5201333333333334,0.003496127283567631,300,0.028346357962959753
shared,100.0,0.5,0.5,10,0.25,negative,5,share_negative_sd_across_perceivers,0.21039445116907157,0.001956637988380576,300,0.028346357962959753
shared,100.0,0.5,0.5,10,0.25,negative,5,prop_perceivers_majority_negative,0.5393333333333333,0.007887776600239168,300,0.028346357962959753
shared,100.0,0.5,0.5,10,0.25,negative,5,hit_rate_true_differences,0.0892,0.00201833292137196,300,0.028346357962959753
shared,100.0,0.5,0.5,10,0.25,negative,5,jaccard_with_society_top5,0.08799007936507937,0.0013568997155502926,300,0.028346357962959753
shared,100.0,0.5,0.5,10,0.25,negative,5,society_share_negative_top5,0.624,0.01241569115454468,300,0.028346357962959753
shared,100.0,0.5,0.5,10,0.25,positive,5,jaccard_mean_pairwise,0.042585004177109385,0.00044270783410814847,300,0.028346357962959753
shared,100.0,0.5,0.5,10,0.25,positive,5,share_negative_mean,0.4775333333333333,0.003202867073096026,300,0.028346357962959753
shared,100.0,0.5,0.5,10,0.25,positive,5,share_negative_sd_across_perceivers,0.21239027634222643,0.001800192303459263,300,0.028346357962959753
shared,100.0,0.5,0.5,10,0.25,positive,5,prop_perceivers_majority_negative,0.458,0.006908221395841164,300,0.028346357962959753
shared,100.0,0.5,0.5,10,0.25,positive,5,hit_rate_true_differences,0.08663333333333334,0.0019189243162253606,300,0.028346357962959753
shared,100.0,0.5,0.5,10,0.25,positive,5,jaccard_with_society_top5,0.08802380952380953,0.0013132378373840081,300,0.028346357962959753
shared,100.0,0.5,0.5,10,0.25,positive,5,society_share_negative_top5,0.39266666666666666,0.011956753485811924,300,0.028346357962959753
shared,100.0,0.5,0.5,10,0.25,mixed,5,jaccard_mean_pairwise,0.04265963519910883,0.0004044642709435786,300,0.028346357962959753
shared,100.0,0.5,0.5,10,0.25,mixed,5,share_negative_mean,0.5014666666666666,0.0035492311832035677,300,0.028346357962959753
shared,100.0,0.5,0.5,10,0.25,mixed,5,share_negative_sd_across_perceivers,0.21588781396135512,0.0017273144095810485,300,0.028346357962959753
shared,100.0,0.5,0.5,10,0.25,mixed,5,prop_perceivers_majority_negative,0.5115000000000001,0.007878554921285667,300,0.028346357962959753
shared,100.0,0.5,0.5,10,0.25,mixed,5,hit_rate_true_differences,0.0903,0.002006325004154747,300,0.028346357962959753
shared,100.0,0.5,0.5,10,0.25,mixed,5,jaccard_with_society_top5,0.08755158730158731,0.001332875267276687,300,0.028346357962959753
shared,100.0,0.5,0.5,10,0.25,mixed,5,society_share_negative_top5,0.5206666666666666,0.013551119888833759,300,0.028346357962959753
shared,100.0,0.5,0.5,10,0.5,negative,5,jaccard_mean_pairwise,0.049243455861876846,0.0005647073008649057,300,0.028346357962959753
shared,100.0,0.5,0.5,10,0.5,negative,5,share_negative_mean,0.5552333333333334,0.003506457916477785,300,0.028346357962959753
shared,100.0,0.5,0.5,10,0.5,negative,5,share_negative_sd_across_perceivers,0.2105757137814657,0.0018396450264192815,300,0.028346357962959753
shared,100.0,0.5,0.5,10,0.5,negative,5,prop_perceivers_majority_negative,0.6079999999999999,0.007459141772792771,300,0.028346357962959753
shared,100.0,0.5,0.5,10,0.5,negative,5,hit_rate_true_differences,0.1514,0.002684884814288645,300,0.028346357962959753
shared,100.0,0.5,0.5,10,0.5,negative,5,jaccard_with_society_top5,0.10621957671957671,0.001678726392746278,300,0.028346357962959753
shared,100.0,0.5,0.5,10,0.5,negative,5,society_share_negative_top5,0.7919999999999999,0.010028276632527951,300,0.028346357962959753
shared,100.0,0.5,0.5,10,0.5,positive,5,jaccard_mean_pairwise,0.047910331384015535,0.0005472569622844536,300,0.028346357962959753
shared,100.0,0.5,0.5,10,0.5,positive,5,share_negative_mean,0.4479,0.0034147966440772628,300,0.028346357962959753
shared,100.0,0.5,0.5,10,0.5,positive,5,share_negative_sd_across_perceivers,0.21209225489232322,0.0019119547908613447,300,0.028346357962959753
shared,100.0,0.5,0.5,10,0.5,positive,5,prop_perceivers_majority_negative,0.3973333333333333,0.007366702230073007,300,0.028346357962959753
shared,100.0,0.5,0.5,10,0.5,positive,5,hit_rate_true_differences,0.14990000000000003,0.0027180740279478563,300,0.028346357962959753
shared,100.0,0.5,0.5,10,0.5,positive,5,jaccard_with_society_top5,0.10503240740740741,0.0015178015026417922,300,0.028346357962959753
shared,100.0,0.5,0.5,10,0.5,positive,5,society_share_negative_top5,0.19466666666666665,0.009247896905554855,300,0.028346357962959753
shared,100.0,0.5,0.5,10,0.5,mixed,5,jaccard_mean_pairwise,0.048235380116959006,0.0005253019547456136,300,0.028346357962959753
shared,100.0,0.5,0.5,10,0.5,mixed,5,share_negative_mean,0.4902666666666667,0.0036999784064371344,300,0.028346357962959753
shared,100.0,0.5,0.5,10,0.5,mixed,5,share_negative_sd_across_perceivers,0.21359724321893622,0.0019036895266272046,300,0.028346357962959753
shared,100.0,0.5,0.5,10,0.5,mixed,5,prop_perceivers_majority_negative,0.47650000000000003,0.008052797487839618,300,0.028346357962959753
shared,100.0,0.5,0.5,10,0.5,mixed,5,hit_rate_true_differences,0.14900000000000002,0.0025023957305788337,300,0.028346357962959753
shared,100.0,0.5,0.5,10,0.5,mixed,5,jaccard_with_society_top5,0.10515079365079366,0.0014777899499156012,300,0.028346357962959753
shared,100.0,0.5,0.5,10,0.5,mixed,5,society_share_negative_top5,0.49600000000000005,0.012579823168375743,300,0.028346357962959753
shared,100.0,0.5,0.5,10,1.0,negative,5,jaccard_mean_pairwise,0.08307170704539113,0.0012506932296262937,300,0.028346357962959753
shared,100.0,0.5,0.5,10,1.0,negative,5,share_negative_mean,0.6326,0.003311700146379767,300,0.028346357962959753
shared,100.0,0.5,0.5,10,1.0,negative,5,share_negative_sd_across_perceivers,0.20170901189958945,0.0018311658343084505,300,0.028346357962959753
shared,100.0,0.5,0.5,10,1.0,negative,5,prop_perceivers_majority_negative,0.7435,0.006589428545926642,300,0.028346357962959753
shared,100.0,0.5,0.5,10,1.0,negative,5,hit_rate_true_differences,0.3009666666666667,0.0033114437343996026,300,0.028346357962959753
shared,100.0,0.5,0.5,10,1.0,negative,5,jaccard_with_society_top5,0.1932116402116402,0.0024247931265099784,300,0.028346357962959753
shared,100.0,0.5,0.5,10,1.0,negative,5,society_share_negative_top5,0.9833333333333335,0.003196756066653213,300,0.028346357962959753
shared,100.0,0.5,0.5,10,1.0,positive,5,jaccard_mean_pairwise,0.08271714007240312,0.0011669891288222966,300,0.028346357962959753
shared,100.0,0.5,0.5,10,1.0,positive,5,share_negative_mean,0.37223333333333336,0.0032942023099925355,300,0.028346357962959753
shared,100.0,0.5,0.5,10,1.0,positive,5,share_negative_sd_across_perceivers,0.20446119222960848,0.001934963051482293,300,0.028346357962959753
shared,100.0,0.5,0.5,10,1.0,positive,5,prop_perceivers_majority_negative,0.26116666666666666,0.006640213682968435,300,0.028346357962959753
shared,100.0,0.5,0.5,10,1.0,positive,5,hit_rate_true_differences,0.29890000000000005,0.003115640051738252,300,0.028346357962959753
shared,100.0,0.5,0.5,10,1.0,positive,5,jaccard_with_society_top5,0.19126785714285713,0.002257329040429385,300,0.028346357962959753
shared,100.0,0.5,0.5,10,1.0,positive,5,society_share_negative_top5,0.018000000000000002,0.003442148093931667,300,0.028346357962959753
shared,100.0,0.5,0.5,10,1.0,mixed,5,jaccard_mean_pairwise,0.08368859649122795,0.0013622392736886775,300,0.028346357962959753
shared,100.0,0.5,0.5,10,1.0,mixed,5,share_negative_mean,0.4947666666666667,0.004764093293867351,300,0.028346357962959753
shared,100.0,0.5,0.5,10,1.0,mixed,5,share_negative_sd_across_perceivers,0.2060438567165974,0.0018526668715486956,300,0.028346357962959753
shared,100.0,0.5,0.5,10,1.0,mixed,5,prop_perceivers_majority_negative,0.48883333333333323,0.009508601789411255,300,0.028346357962959753
shared,100.0,0.5,0.5,10,1.0,mixed,5,hit_rate_true_differences,0.3010333333333333,0.003480763615566917,300,0.028346357962959753
shared,100.0,0.5,0.5,10,1.0,mixed,5,jaccard_with_society_top5,0.1932956349206349,0.0025123337028783977,300,0.028346357962959753
shared,100.0,0.5,0.5,10,1.0,mixed,5,society_share_negative_top5,0.5046666666666667,0.012755074914842342,300,0.028346357962959753
shared,100.0,0.5,0.5,10,2.0,negative,5,jaccard_mean_pairwise,0.2427101086048456,0.0031249095817455002,300,0.028346357962959753
shared,100.0,0.5,0.5,10,2.0,negative,5,share_negative_mean,0.7797000000000001,0.0028832213651325397,300,0.028346357962959753
shared,100.0,0.5,0.5,10,2.0,negative,5,share_negative_sd_across_perceivers,0.16695180760775272,0.0015355199933529812,300,0.028346357962959753
shared,100.0,0.5,0.5,10,2.0,negative,5,prop_perceivers_majority_negative,0.9428333333333334,0.003188768728710585,300,0.028346357962959753
shared,100.0,0.5,0.5,10,2.0,negative,5,hit_rate_true_differences,0.5796,0.0034189973560749165,300,0.028346357962959753
shared,100.0,0.5,0.5,10,2.0,negative,5,jaccard_with_society_top5,0.431683201058201,0.003519728874400251,300,0.028346357962959753
shared,100.0,0.5,0.5,10,2.0,negative,5,society_share_negative_top5,1.0,0.0,300,0.028346357962959753
shared,100.0,0.5,0.5,10,2.0,positive,5,jaccard_mean_pairwise,0.23967321080478995,0.0026858292636699707,300,0.028346357962959753
shared,100.0,0.5,0.5,10,2.0,positive,5,share_negative_mean,0.21723333333333333,0.002669042280743299,300,0.028346357962959753
shared,100.0,0.5,0.5,10,2.0,positive,5,share_negative_sd_across_perceivers,0.16962512653730213,0.0014601643351421752,300,0.028346357962959753
shared,100.0,0.5,0.5,10,2.0,positive,5,prop_perceivers_majority_negative,0.05616666666666667,0.0029509019588705157,300,0.028346357962959753
shared,100.0,0.5,0.5,10,2.0,positive,5,hit_rate_true_differences,0.5789333333333334,0.0031690720196338486,300,0.028346357962959753
shared,100.0,0.5,0.5,10,2.0,positive,5,jaccard_with_society_top5,0.4305892857142857,0.0032079312706192018,300,0.028346357962959753
shared,100.0,0.5,0.5,10,2.0,positive,5,society_share_negative_top5,0.0,0.0,300,0.028346357962959753
shared,100.0,0.5,0.5,10,2.0,mixed,5,jaccard_mean_pairwise,0.23545927318295753,0.002802498874071289,300,0.028346357962959753
shared,100.0,0.5,0.5,10,2.0,mixed,5,share_negative_mean,0.5063666666666667,0.0075815445597554225,300,0.028346357962959753
shared,100.0,0.5,0.5,10,2.0,mixed,5,share_negative_sd_across_perceivers,0.17664833065743793,0.0016015734563703803,300,0.028346357962959753
shared,100.0,0.5,0.5,10,2.0,mixed,5,prop_perceivers_majority_negative,0.5115,0.014979668495244635,300,0.028346357962959753
shared,100.0,0.5,0.5,10,2.0,mixed,5,hit_rate_true_differences,0.5736,0.0032586596748132783,300,0.028346357962959753
shared,100.0,0.5,0.5,10,2.0,mixed,5,jaccard_with_society_top5,0.4260357142857143,0.0032922042734009976,300,0.028346357962959753
shared,100.0,0.5,0.5,10,2.0,mixed,5,society_share_negative_top5,0.5133333333333333,0.012270941041919113,300,0.028346357962959753
shared,100.0,0.5,0.5,30,0.0,none,0,jaccard_mean_pairwise,0.08187176274018368,0.0011573309506879026,300,0.028346357962959753
shared,100.0,0.5,0.5,30,0.0,none,0,share_negative_mean,0.5061000000000001,0.004505090642211025,300,0.028346357962959753
shared,100.0,0.5,0.5,30,0.0,none,0,share_negative_sd_across_perceivers,0.20537844810681757,0.00172956767206217,300,0.028346357962959753
shared,100.0,0.5,0.5,30,0.0,none,0,prop_perceivers_majority_negative,0.5135000000000001,0.009415957540805734,300,0.028346357962959753
shared,100.0,0.5,0.5,30,0.0,none,0,jaccard_with_society_top5,0.16466137566137568,0.0023993363856851047,300,0.028346357962959753
shared,100.0,0.5,0.5,30,0.0,none,0,society_share_negative_top5,0.5086666666666667,0.01253644260396039,300,0.028346357962959753
shared,100.0,0.5,0.5,30,0.25,negative,5,jaccard_mean_pairwise,0.0891299081035922,0.0013981816638686038,300,0.028346357962959753
shared,100.0,0.5,0.5,30,0.25,negative,5,share_negative_mean,0.5539,0.004681061966810922,300,0.028346357962959753
shared,100.0,0.5,0.5,30,0.25,negative,5,share_negative_sd_across_perceivers,0.20499761959695795,0.0018321682038445778,300,0.028346357962959753
shared,100.0,0.5,0.5,30,0.25,negative,5,prop_perceivers_majority_negative,0.6005,0.009389042808542657,300,0.028346357962959753
shared,100.0,0.5,0.5,30,0.25,negative,5,hit_rate_true_differences,0.14826666666666669,0.003951910854944161,300,0.028346357962959753
shared,100.0,0.5,0.5,30,0.25,negative,5,jaccard_with_society_top5,0.17618650793650792,0.0026486268967094787,300,0.028346357962959753
shared,100.0,0.5,0.5,30,0.25,negative,5,society_share_negative_top5,0.6166666666666667,0.011812671364115573,300,0.028346357962959753
shared,100.0,0.5,0.5,30,0.25,positive,5,jaccard_mean_pairwise,0.08737238930659971,0.001317061068822594,300,0.028346357962959753
shared,100.0,0.5,0.5,30,0.25,positive,5,share_negative_mean,0.45306666666666673,0.004925960925973883,300,0.028346357962959753
shared,100.0,0.5,0.5,30,0.25,positive,5,share_negative_sd_across_perceivers,0.20372228046836735,0.0017941707903537296,300,0.028346357962959753
shared,100.0,0.5,0.5,30,0.25,positive,5,prop_perceivers_majority_negative,0.41100000000000003,0.010054866207372453,300,0.028346357962959753
shared,100.0,0.5,0.5,30,0.25,positive,5,hit_rate_true_differences,0.14060000000000003,0.0033357159823383053,300,0.028346357962959753
shared,100.0,0.5,0.5,30,0.25,positive,5,jaccard_with_society_top5,0.17534656084656086,0.00257313947346427,300,0.028346357962959753
shared,100.0,0.5,0.5,30,0.25,positive,5,society_share_negative_top5,0.374,0.012669013453904223,300,0.028346357962959753
shared,100.0,0.5,0.5,30,0.25,mixed,5,jaccard_mean_pairwise,0.08811507936507924,0.0013216751001794327,300,0.028346357962959753
shared,100.0,0.5,0.5,30,0.25,mixed,5,share_negative_mean,0.5001666666666668,0.004617222939976294,300,0.028346357962959753
shared,100.0,0.5,0.5,30,0.25,mixed,5,share_negative_sd_across_perceivers,0.204900900350286,0.001780516757686711,300,0.028346357962959753
shared,100.0,0.5,0.5,30,0.25,mixed,5,prop_perceivers_majority_negative,0.5020000000000001,0.009606992993714054,300,0.028346357962959753
shared,100.0,0.5,0.5,30,0.25,mixed,5,hit_rate_true_differences,0.13373333333333334,0.003522848919742951,300,0.028346357962959753
shared,100.0,0.5,0.5,30,0.25,mixed,5,jaccard_with_society_top5,0.1750899470899471,0.0024663782850711247,300,0.028346357962959753
shared,100.0,0.5,0.5,30,0.25,mixed,5,society_share_negative_top5,0.4893333333333334,0.011607606522074727,300,0.028346357962959753
shared,100.0,0.5,0.5,30,0.5,negative,5,jaccard_mean_pairwise,0.11790845168476735,0.0019445584458691566,300,0.028346357962959753
shared,100.0,0.5,0.5,30,0.5,negative,5,share_negative_mean,0.6226000000000002,0.004407569246950825,300,0.028346357962959753
shared,100.0,0.5,0.5,30,0.5,negative,5,share_negative_sd_across_perceivers,0.19692206071721088,0.0016655282299393283,300,0.028346357962959753
shared,100.0,0.5,0.5,30,0.5,negative,5,prop_perceivers_majority_negative,0.73,0.008212615034683853,300,0.028346357962959753
shared,100.0,0.5,0.5,30,0.5,negative,5,hit_rate_true_differences,0.28073333333333345,0.004790643364146172,300,0.028346357962959753
shared,100.0,0.5,0.5,30,0.5,negative,5,jaccard_with_society_top5,0.22359259259259262,0.002993029770337752,300,0.028346357962959753
shared,100.0,0.5,0.5,30,0.5,negative,5,society_share_negative_top5,0.7906666666666666,0.009979838464178105,300,0.028346357962959753
shared,100.0,0.5,0.5,30,0.5,positive,5,jaccard_mean_pairwise,0.12198830409356712,0.0020671462802053947,300,0.028346357962959753
shared,100.0,0.5,0.5,30,0.5,positive,5,share_negative_mean,0.37383333333333335,0.004327057886334642,300,0.028346357962959753
shared,100.0,0.5,0.5,30,0.5,positive,5,share_negative_sd_across_perceivers,0.19517702444683593,0.0017477147516925442,300,0.028346357962959753
shared,100.0,0.5,0.5,30,0.5,positive,5,prop_perceivers_majority_negative,0.2658333333333333,0.00810486707530947,300,0.028346357962959753
shared,100.0,0.5,0.5,30,0.5,positive,5,hit_rate_true_differences,0.2878,0.004758314907410238,300,0.028346357962959753
shared,100.0,0.5,0.5,30,0.5,positive,5,jaccard_with_society_top5,0.2299312169312169,0.003128951872292707,300,0.028346357962959753
shared,100.0,0.5,0.5,30,0.5,positive,5,society_share_negative_top5,0.188,0.009178521775558002,300,0.028346357962959753
shared,100.0,0.5,0.5,30,0.5,mixed,5,jaccard_mean_pairwise,0.11884649122807002,0.0019422919433231454,300,0.028346357962959753
shared,100.0,0.5,0.5,30,0.5,mixed,5,share_negative_mean,0.49583333333333335,0.005714395039300331,300,0.028346357962959753
shared,100.0,0.5,0.5,30,0.5,mixed,5,share_negative_sd_across_perceivers,0.1995939242046689,0.001705769002254359,300,0.028346357962959753
shared,100.0,0.5,0.5,30,0.5,mixed,5,prop_perceivers_majority_negative,0.49383333333333335,0.01139201722631151,300,0.028346357962959753
shared,100.0,0.5,0.5,30,0.5,mixed,5,hit_rate_true_differences,0.2801333333333334,0.004477112197680619,300,0.028346357962959753
shared,100.0,0.5,0.5,30,0.5,mixed,5,jaccard_with_society_top5,0.2246679894179894,0.0029478630712003353,300,0.028346357962959753
shared,100.0,0.5,0.5,30,0.5,mixed,5,society_share_negative_top5,0.49466666666666675,0.013167079428496225,300,0.028346357962959753
shared,100.0,0.5,0.5,30,1.0,negative,5,jaccard_mean_pairwise,0.31920857699805105,0.004184362719336438,300,0.028346357962959753
shared,100.0,0.5,0.5,30,1.0,negative,5,share_negative_mean,0.8050666666666668,0.003181430700271772,300,0.028346357962959753
shared,100.0,0.5,0.5,30,1.0,negative,5,share_negative_sd_across_perceivers,0.15478599042403782,0.0015927197988172667,300,0.028346357962959753
shared,100.0,0.5,0.5,30,1.0,negative,5,prop_perceivers_majority_negative,0.963,0.002890224943315907,300,0.028346357962959753
shared,100.0,0.5,0.5,30,1.0,negative,5,hit_rate_true_differences,0.6248,0.004391752684156518,300,0.028346357962959753
shared,100.0,0.5,0.5,30,1.0,negative,5,jaccard_with_society_top5,0.48324074074074075,0.004682878056260713,300,0.028346357962959753
shared,100.0,0.5,0.5,30,1.0,negative,5,society_share_negative_top5,0.9833333333333333,0.003196756066653214,300,0.028346357962959753
shared,100.0,0.5,0.5,30,1.0,positive,5,jaccard_mean_pairwise,0.3088527568922309,0.004468849193467894,300,0.028346357962959753
shared,100.0,0.5,0.5,30,1.0,positive,5,share_negative_mean,0.20423333333333335,0.0037599717536515027,300,0.028346357962959753
shared,100.0,0.5,0.5,30,1.0,positive,5,share_negative_sd_across_perceivers,0.1576612740309105,0.0015781504106958477,300,0.028346357962959753
shared,100.0,0.5,0.5,30,1.0,positive,5,prop_perceivers_majority_negative,0.04533333333333333,0.0035232413035150597,300,0.028346357962959753
shared,100.0,0.5,0.5,30,1.0,positive,5,hit_rate_true_differences,0.6117666666666667,0.00478776272064454,300,0.028346357962959753
shared,100.0,0.5,0.5,30,1.0,positive,5,jaccard_with_society_top5,0.4698816137566137,0.004954473765633973,300,0.028346357962959753
shared,100.0,0.5,0.5,30,1.0,positive,5,society_share_negative_top5,0.022,0.0036189763699912684,300,0.028346357962959753
shared,100.0,0.5,0.5,30,1.0,mixed,5,jaccard_mean_pairwise,0.31383625730994186,0.004201571562216823,300,0.028346357962959753
shared,100.0,0.5,0.5,30,1.0,mixed,5,share_negative_mean,0.4912,0.008731577516742361,300,0.028346357962959753
shared,100.0,0.5,0.5,30,1.0,mixed,5,share_negative_sd_across_perceivers,0.16549937020869823,0.001772875356548996,300,0.028346357962959753
shared,100.0,0.5,0.5,30,1.0,mixed,5,prop_perceivers_majority_negative,0.47866666666666674,0.017083461809887502,300,0.028346357962959753
shared,100.0,0.5,0.5,30,1.0,mixed,5,hit_rate_true_differences,0.6163000000000001,0.004374590918922051,300,0.028346357962959753
shared,100.0,0.5,0.5,30,1.0,mixed,5,jaccard_with_society_top5,0.4735218253968253,0.004530720508682598,300,0.028346357962959753
shared,100.0,0.5,0.5,30,1.0,mixed,5,society_share_negative_top5,0.48533333333333334,0.013610060326953268,300,0.028346357962959753
shared,100.0,0.5,0.5,30,2.0,negative,5,jaccard_mean_pairwise,0.8397649679754943,0.004847936775397725,300,0.028346357962959753
shared,100.0,0.5,0.5,30,2.0,negative,5,share_negative_mean,0.9704333333333334,0.0013564481895086355,300,0.028346357962959753
shared,100.0,0.5,0.5,30,2.0,negative,5,share_negative_sd_across_perceivers,0.06318540619338746,0.0018538619584871634,300,0.028346357962959753
shared,100.0,0.5,0.5,30,2.0,negative,5,prop_perceivers_majority_negative,1.0,0.0,300,0.028346357962959753
shared,100.0,0.5,0.5,30,2.0,negative,5,hit_rate_true_differences,0.9462666666666667,0.001800590348709203,300,0.028346357962959753
shared,100.0,0.5,0.5,30,2.0,negative,5,jaccard_with_society_top5,0.9114384920634921,0.002926687175443584,300,0.028346357962959753
shared,100.0,0.5,0.5,30,2.0,negative,5,society_share_negative_top5,1.0,0.0,300,0.028346357962959753
shared,100.0,0.5,0.5,30,2.0,positive,5,jaccard_mean_pairwise,0.831420217209691,0.005116896146425712,300,0.028346357962959753
shared,100.0,0.5,0.5,30,2.0,positive,5,share_negative_mean,0.030866666666666667,0.0013942654758042656,300,0.028346357962959753
shared,100.0,0.5,0.5,30,2.0,positive,5,share_negative_sd_across_perceivers,0.06629807661730275,0.0016468078235662457,300,0.028346357962959753
shared,100.0,0.5,0.5,30,2.0,positive,5,prop_perceivers_majority_negative,0.0,0.0,300,0.028346357962959753
shared,100.0,0.5,0.5,30,2.0,positive,5,hit_rate_true_differences,0.9425,0.0020233448029810122,300,0.028346357962959753
shared,100.0,0.5,0.5,30,2.0,positive,5,jaccard_with_society_top5,0.9052936507936509,0.0032643654693476154,300,0.028346357962959753
shared,100.0,0.5,0.5,30,2.0,positive,5,society_share_negative_top5,0.0,0.0,300,0.028346357962959753
shared,100.0,0.5,0.5,30,2.0,mixed,5,jaccard_mean_pairwise,0.8269387357282095,0.004916350869342397,300,0.028346357962959753
shared,100.0,0.5,0.5,30,2.0,mixed,5,share_negative_mean,0.5058,0.012167682033348007,300,0.028346357962959753
shared,100.0,0.5,0.5,30,2.0,mixed,5,share_negative_sd_across_perceivers,0.06577444647964899,0.0018275433288217529,300,0.028346357962959753
shared,100.0,0.5,0.5,30,2.0,mixed,5,prop_perceivers_majority_negative,0.5203333333333332,0.0264619300524982,300,0.028346357962959753
shared,100.0,0.5,0.5,30,2.0,mixed,5,hit_rate_true_differences,0.9412,0.0018792061703140133,300,0.028346357962959753
shared,100.0,0.5,0.5,30,2.0,mixed,5,jaccard_with_society_top5,0.9029940476190477,0.003065758672509122,300,0.028346357962959753
shared,100.0,0.5,0.5,30,2.0,mixed,5,society_share_negative_top5,0.5053333333333334,0.012789116517595409,300,0.028346357962959753
shared,100.0,0.5,0.5,100,0.0,none,0,jaccard_mean_pairwise,0.9994152046783625,0.0005847953216374276,300,0.028346357962959753
shared,100.0,0.5,0.5,100,0.0,none,0,share_negative_mean,0.515,0.013406640727922144,300,0.028346357962959753
shared,100.0,0.5,0.5,100,0.0,none,0,share_negative_sd_across_perceivers,0.00034199278402846173,0.00034199278402838437,300,0.028346357962959753
shared,100.0,0.5,0.5,100,0.0,none,0,prop_perceivers_majority_negative,0.525,0.02883128565170115,300,0.028346357962959753
shared,100.0,0.5,0.5,100,0.0,none,0,jaccard_with_society_top5,0.9994444444444444,0.0005555555555555557,300,0.028346357962959753
shared,100.0,0.5,0.5,100,0.0,none,0,society_share_negative_top5,0.5146666666666668,0.013412030850499315,300,0.028346357962959753
shared,100.0,0.5,0.5,100,0.25,negative,5,jaccard_mean_pairwise,0.9969883040935671,0.0013544258900884765,300,0.028346357962959753
shared,100.0,0.5,0.5,100,0.25,negative,5,share_negative_mean,0.6134666666666667,0.012154062437806683,300,0.028346357962959753
shared,100.0,0.5,0.5,100,0.25,negative,5,share_negative_sd_across_perceivers,0.0006665188469758412,0.00047061625895018734,300,0.028346357962959753
shared,100.0,0.5,0.5,100,0.25,negative,5,prop_perceivers_majority_negative,0.6918333333333334,0.026651157348869258,300,0.028346357962959753
shared,100.0,0.5,0.5,100,0.25,negative,5,hit_rate_true_differences,0.2677,0.010147800174594518,300,0.028346357962959753
shared,100.0,0.5,0.5,100,0.25,negative,5,jaccard_with_society_top5,0.9967222222222222,0.0014674686444025996,300,0.028346357962959753
shared,100.0,0.5,0.5,100,0.25,negative,5,society_share_negative_top5,0.6126666666666667,0.012163814359996897,300,0.028346357962959753
shared,100.0,0.5,0.5,100,0.25,positive,5,jaccard_mean_pairwise,0.9988538011695907,0.0008092981157407268,300,0.028346357962959753
shared,100.0,0.5,0.5,100,0.25,positive,5,share_negative_mean,0.3612666666666666,0.012298008406919508,300,0.028346357962959753
shared,100.0,0.5,0.5,100,0.25,positive,5,share_negative_sd_across_perceivers,0.0006770759106617972,0.0004779887421036214,300,0.028346357962959753
shared,100.0,0.5,0.5,100,0.25,positive,5,prop_perceivers_majority_negative,0.2546666666666667,0.025142507248768292,300,0.028346357962959753
shared,100.0,0.5,0.5,100,0.25,positive,5,hit_rate_true_differences,0.29100000000000004,0.010955316155293297,300,0.028346357962959753
shared,100.0,0.5,0.5,100,0.25,positive,5,jaccard_with_society_top5,0.999,0.0007102965885119251,300,0.028346357962959753
shared,100.0,0.5,0.5,100,0.25,positive,5,society_share_negative_top5,0.3606666666666667,0.012302335326184587,300,0.028346357962959753
shared,100.0,0.5,0.5,100,0.25,mixed,5,jaccard_mean_pairwise,0.9977134502923976,0.0011384407815752523,300,0.028346357962959753
shared,100.0,0.5,0.5,100,0.25,mixed,5,share_negative_mean,0.5129999999999999,0.012483791051557695,300,0.028346357962959753
shared,100.0,0.5,0.5,100,0.25,mixed,5,share_negative_sd_across_perceivers,0.00034199278402846227,0.00034199278402838437,300,0.028346357962959753
shared,100.0,0.5,0.5,100,0.25,mixed,5,prop_perceivers_majority_negative,0.5283333333333333,0.02882097253429125,300,0.028346357962959753
shared,100.0,0.5,0.5,100,0.25,mixed,5,hit_rate_true_differences,0.26,0.010016708449412666,300,0.028346357962959753
shared,100.0,0.5,0.5,100,0.25,mixed,5,jaccard_with_society_top5,0.9979444444444444,0.0010327785678715257,300,0.028346357962959753
shared,100.0,0.5,0.5,100,0.25,mixed,5,society_share_negative_top5,0.5126666666666667,0.012489400931882581,300,0.028346357962959753
shared,100.0,0.5,0.5,100,0.5,negative,5,jaccard_mean_pairwise,0.9980760233918128,0.0011176162780342266,300,0.028346357962959753
shared,100.0,0.5,0.5,100,0.5,negative,5,share_negative_mean,0.7828666666666666,0.009478329838593471,300,0.028346357962959753
shared,100.0,0.5,0.5,100,0.5,negative,5,share_negative_sd_across_perceivers,0.0006364529625689896,0.000450371675587902,300,0.028346357962959753
shared,100.0,0.5,0.5,100,0.5,negative,5,prop_perceivers_majority_negative,0.9585,0.01141388434551721,300,0.028346357962959753
shared,100.0,0.5,0.5,100,0.5,negative,5,hit_rate_true_differences,0.5879,0.010325028309283899,300,0.028346357962959753
shared,100.0,0.5,0.5,100,0.5,negative,5,jaccard_with_society_top5,0.9979444444444444,0.0011966817258827207,300,0.028346357962959753
shared,100.0,0.5,0.5,100,0.5,negative,5,society_share_negative_top5,0.7819999999999999,0.009504326304695748,300,0.028346357962959753
shared,100.0,0.5,0.5,100,0.5,positive,5,jaccard_mean_pairwise,0.9988596491228069,0.0008050961977375246,300,0.028346357962959753
shared,100.0,0.5,0.5,100,0.5,positive,5,share_negative_mean,0.20800000000000002,0.00984880120485728,300,0.028346357962959753
shared,100.0,0.5,0.5,100,0.5,positive,5,share_negative_sd_across_perceivers,3.1229359638656625e-17,1.6473851511540217e-18,300,0.028346357962959753
shared,100.0,0.5,0.5,100,0.5,positive,5,prop_perceivers_majority_negative,0.056666666666666664,0.013370905812972551,300,0.028346357962959753
shared,100.0,0.5,0.5,100,0.5,positive,5,hit_rate_true_differences,0.5926666666666666,0.010655163808848053,300,0.028346357962959753
shared,100.0,0.5,0.5,100,0.5,positive,5,jaccard_with_society_top5,0.9990555555555557,0.0006678655762415714,300,0.028346357962959753
shared,100.0,0.5,0.5,100,0.5,positive,5,society_share_negative_top5,0.208,0.00984880120485728,300,0.028346357962959753
shared,100.0,0.5,0.5,100,0.5,mixed,5,jaccard_mean_pairwise,0.9949415204678363,0.0016643867284624,300,0.028346357962959753
shared,100.0,0.5,0.5,100,0.5,mixed,5,share_negative_mean,0.4960333333333333,0.01308584965399085,300,0.028346357962959753
shared,100.0,0.5,0.5,100,0.5,mixed,5,share_negative_sd_across_perceivers,0.0013524375609845327,0.0006728462359186494,300,0.028346357962959753
shared,100.0,0.5,0.5,100,0.5,mixed,5,prop_perceivers_majority_negative,0.4953333333333333,0.02886818284333685,300,0.028346357962959753
shared,100.0,0.5,0.5,100,0.5,mixed,5,hit_rate_true_differences,0.6035999999999999,0.01095369396008659,300,0.028346357962959753
shared,100.0,0.5,0.5,100,0.5,mixed,5,jaccard_with_society_top5,0.9947222222222221,0.0017640770608056305,300,0.028346357962959753
shared,100.0,0.5,0.5,100,0.5,mixed,5,society_share_negative_top5,0.49600000000000005,0.013134753105042925,300,0.028346357962959753
shared,100.0,0.5,0.5,100,1.0,negative,5,jaccard_mean_pairwise,0.9997017543859649,0.00029824561403508866,300,0.028346357962959753
shared,100.0,0.5,0.5,100,1.0,negative,5,share_negative_mean,0.9793333333333334,0.003520709026256776,300,0.028346357962959753
shared,100.0,0.5,0.5,100,1.0,negative,5,share_negative_sd_across_perceivers,1.1770336155603105e-17,2.0051578425052438e-18,300,0.028346357962959753
shared,100.0,0.5,0.5,100,1.0,negative,5,prop_perceivers_majority_negative,1.0,0.0,300,0.028346357962959753
shared,100.0,0.5,0.5,100,1.0,negative,5,hit_rate_true_differences,0.96,0.004721921646498852,300,0.028346357962959753
shared,100.0,0.5,0.5,100,1.0,negative,5,jaccard_with_society_top5,0.9998333333333332,0.00016666666666666677,300,0.028346357962959753
shared,100.0,0.5,0.5,100,1.0,negative,5,society_share_negative_top5,0.9793333333333332,0.0035207090262567788,300,0.028346357962959753
shared,100.0,0.5,0.5,100,1.0,positive,5,jaccard_mean_pairwise,1.0,0.0,300,0.028346357962959753
shared,100.0,0.5,0.5,100,1.0,positive,5,share_negative_mean,0.020000000000000004,0.0034698895917974417,300,0.028346357962959753
shared,100.0,0.5,0.5,100,1.0,positive,5,share_negative_sd_across_perceivers,2.8476619731297836e-18,4.940536320760201e-19,300,0.028346357962959753
shared,100.0,0.5,0.5,100,1.0,positive,5,prop_perceivers_majority_negative,0.0,0.0,300,0.028346357962959753
shared,100.0,0.5,0.5,100,1.0,positive,5,hit_rate_true_differences,0.9646666666666668,0.004608976103314223,300,0.028346357962959753
shared,100.0,0.5,0.5,100,1.0,positive,5,jaccard_with_society_top5,1.0,0.0,300,0.028346357962959753
shared,100.0,0.5,0.5,100,1.0,positive,5,society_share_negative_top5,0.02,0.003469889591797441,300,0.028346357962959753
shared,100.0,0.5,0.5,100,1.0,mixed,5,jaccard_mean_pairwise,0.9995087719298245,0.0004912280701754398,300,0.028346357962959753
shared,100.0,0.5,0.5,100,1.0,mixed,5,share_negative_mean,0.5093333333333334,0.01281628469856006,300,0.028346357962959753
shared,100.0,0.5,0.5,100,1.0,mixed,5,share_negative_sd_across_perceivers,7.764624980067212e-17,2.2127186496250286e-18,300,0.028346357962959753
shared,100.0,0.5,0.5,100,1.0,mixed,5,prop_perceivers_majority_negative,0.5166666666666667,0.028899677829858923,300,0.028346357962959753
shared,100.0,0.5,0.5,100,1.0,mixed,5,hit_rate_true_differences,0.9704666666666666,0.004199504492014105,300,0.028346357962959753
shared,100.0,0.5,0.5,100,1.0,mixed,5,jaccard_with_society_top5,0.9996666666666666,0.00033333333333333316,300,0.028346357962959753
shared,100.0,0.5,0.5,100,1.0,mixed,5,society_share_negative_top5,0.5093333333333334,0.012816284698560061,300,0.028346357962959753
shared,100.0,0.5,0.5,100,2.0,negative,5,jaccard_mean_pairwise,1.0,0.0,300,0.028346357962959753
shared,100.0,0.5,0.5,100,2.0,negative,5,share_negative_mean,1.0,0.0,300,0.028346357962959753
shared,100.0,0.5,0.5,100,2.0,negative,5,share_negative_sd_across_perceivers,0.0,0.0,300,0.028346357962959753
shared,100.0,0.5,0.5,100,2.0,negative,5,prop_perceivers_majority_negative,1.0,0.0,300,0.028346357962959753
shared,100.0,0.5,0.5,100,2.0,negative,5,hit_rate_true_differences,1.0,0.0,300,0.028346357962959753
shared,100.0,0.5,0.5,100,2.0,negative,5,jaccard_with_society_top5,1.0,0.0,300,0.028346357962959753
shared,100.0,0.5,0.5,100,2.0,negative,5,society_share_negative_top5,1.0,0.0,300,0.028346357962959753
shared,100.0,0.5,0.5,100,2.0,positive,5,jaccard_mean_pairwise,1.0,0.0,300,0.028346357962959753
shared,100.0,0.5,0.5,100,2.0,positive,5,share_negative_mean,0.0,0.0,300,0.028346357962959753
shared,100.0,0.5,0.5,100,2.0,positive,5,share_negative_sd_across_perceivers,0.0,0.0,300,0.028346357962959753
shared,100.0,0.5,0.5,100,2.0,positive,5,prop_perceivers_majority_negative,0.0,0.0,300,0.028346357962959753
shared,100.0,0.5,0.5,100,2.0,positive,5,hit_rate_true_differences,1.0,0.0,300,0.028346357962959753
shared,100.0,0.5,0.5,100,2.0,positive,5,jaccard_with_society_top5,1.0,0.0,300,0.028346357962959753
shared,100.0,0.5,0.5,100,2.0,positive,5,society_share_negative_top5,0.0,0.0,300,0.028346357962959753
shared,100.0,0.5,0.5,100,2.0,mixed,5,jaccard_mean_pairwise,1.0,0.0,300,0.028346357962959753
shared,100.0,0.5,0.5,100,2.0,mixed,5,share_negative_mean,0.508,0.012784466605967888,300,0.028346357962959753
shared,100.0,0.5,0.5,100,2.0,mixed,5,share_negative_sd_across_perceivers,7.62224188141072e-17,2.229102622841304e-18,300,0.028346357962959753
shared,100.0,0.5,0.5,100,2.0,mixed,5,prop_perceivers_majority_negative,0.51,0.028909962870561724,300,0.028346357962959753
shared,100.0,0.5,0.5,100,2.0,mixed,5,hit_rate_true_differences,1.0,0.0,300,0.028346357962959753
shared,100.0,0.5,0.5,100,2.0,mixed,5,jaccard_with_society_top5,1.0,0.0,300,0.028346357962959753
shared,100.0,0.5,0.5,100,2.0,mixed,5,society_share_negative_top5,0.508,0.01278446660596789,300,0.028346357962959753
shared,100.0,0.6,0.4,10,0.0,none,0,jaccard_mean_pairwise,0.05779135338345855,0.0005791939868812681,300,0.028346357962959753
shared,100.0,0.6,0.4,10,0.0,none,0,share_negative_mean,0.8364666666666668,0.0025971742355224907,300,0.028346357962959753
shared,100.0,0.6,0.4,10,0.0,none,0,share_negative_sd_across_perceivers,0.1652623038152491,0.0018132804211034414,300,0.028346357962959753
shared,100.0,0.6,0.4,10,0.0,none,0,prop_perceivers_majority_negative,0.9600000000000002,0.0026919095102908275,300,0.028346357962959753
shared,100.0,0.6,0.4,10,0.0,none,0,jaccard_with_society_top5,0.10306812169312168,0.001798442566619596,300,0.028346357962959753
shared,100.0,0.6,0.4,10,0.0,none,0,society_share_negative_top5,0.7973333333333333,0.011012239398676564,300,0.028346357962959753
shared,100.0,0.6,0.4,10,0.25,negative,5,jaccard_mean_pairwise,0.06335588972431068,0.0006718846030514935,300,0.028346357962959753
shared,100.0,0.6,0.4,10,0.25,negative,5,share_negative_mean,0.8537666666666667,0.0025284196611531835,300,0.028346357962959753
shared,100.0,0.6,0.4,10,0.25,negative,5,share_negative_sd_across_perceivers,0.15858024268082757,0.001832662094882054,300,0.028346357962959753
shared,100.0,0.6,0.4,10,0.25,negative,5,prop_perceivers_majority_negative,0.97,0.0023727362619995933,300,0.028346357962959753
shared,100.0,0.6,0.4,10,0.25,negative,5,hit_rate_true_differences,0.14550000000000002,0.002562539936333984,300,0.028346357962959753
shared,100.0,0.6,0.4,10,0.25,negative,5,jaccard_with_society_top5,0.12079695767195768,0.0018912750003185228,300,0.028346357962959753
shared,100.0,0.6,0.4,10,0.25,negative,5,society_share_negative_top5,0.8966666666666666,0.00836504556863211,300,0.028346357962959753
shared,100.0,0.6,0.4,10,0.25,positive,5,jaccard_mean_pairwise,0.05652380952380945,0.0005716362664962329,300,0.028346357962959753
shared,100.0,0.6,0.4,10,0.25,positive,5,share_negative_mean,0.8172,0.0027586854834200573,300,0.028346357962959753
shared,100.0,0.6,0.4,10,0.25,positive,5,share_negative_sd_across_perceivers,0.17320843568075397,0.0017940318943596625,300,0.028346357962959753
shared,100.0,0.6,0.4,10,0.25,positive,5,prop_perceivers_majority_negative,0.9498333333333333,0.003082824839808358,300,0.028346357962959753
shared,100.0,0.6,0.4,10,0.25,positive,5,hit_rate_true_differences,0.0344,0.0013110966245759154,300,0.028346357962959753
shared,100.0,0.6,0.4,10,0.25,positive,5,jaccard_with_society_top5,0.09872156084656086,0.0017256937356563817,300,0.028346357962959753
shared,100.0,0.6,0.4,10,0.25,positive,5,society_share_negative_top5,0.7306666666666666,0.011756478641195117,300,0.028346357962959753
shared,100.0,0.6,0.4,10,0.25,mixed,5,jaccard_mean_pairwise,0.059469646338067304,0.0006718689385562726,300,0.028346357962959753
shared,100.0,0.6,0.4,10,0.25,mixed,5,share_negative_mean,0.8371000000000001,0.002561565244033926,300,0.028346357962959753
shared,100.0,0.6,0.4,10,0.25,mixed,5,share_negative_sd_across_perceivers,0.1638654216981189,0.0017856607684293446,300,0.028346357962959753
shared,100.0,0.6,0.4,10,0.25,mixed,5,prop_perceivers_majority_negative,0.96,0.0025970569055743706,300,0.028346357962959753
shared,100.0,0.6,0.4,10,0.25,mixed,5,hit_rate_true_differences,0.08996666666666667,0.0026019880630667545,300,0.028346357962959753
shared,100.0,0.6,0.4,10,0.25,mixed,5,jaccard_with_society_top5,0.10960648148148147,0.001724849039737039,300,0.028346357962959753
shared,100.0,0.6,0.4,10,0.25,mixed,5,society_share_negative_top5,0.8146666666666665,0.01035354229133424,300,0.028346357962959753
shared,100.0,0.6,0.4,10,0.5,negative,5,jaccard_mean_pairwise,0.07455451127819537,0.000897061113837519,300,0.028346357962959753
shared,100.0,0.6,0.4,10,0.5,negative,5,share_negative_mean,0.8749000000000001,0.0022504725132485846,300,0.028346357962959753
shared,100.0,0.6,0.4,10,0.5,negative,5,share_negative_sd_across_perceivers,0.14773030734562811,0.001802260646610064,300,0.028346357962959753
shared,100.0,0.6,0.4,10,0.5,negative,5,prop_perceivers_majority_negative,0.9796666666666668,0.0018468891759905177,300,0.028346357962959753
shared,100.0,0.6,0.4,10,0.5,negative,5,hit_rate_true_differences,0.22100000000000003,0.003073423316224677,300,0.028346357962959753
shared,100.0,0.6,0.4,10,0.5,negative,5,jaccard_with_society_top5,0.1519510582010582,0.0020654117108372325,300,0.028346357962959753
shared,100.0,0.6,0.4,10,0.5,negative,5,society_share_negative_top5,0.9720000000000001,0.004535011821209083,300,0.028346357962959753
shared,100.0,0.6,0.4,10,0.5,positive,5,jaccard_mean_pairwise,0.055320105820105735,0.0005373594400601842,300,0.028346357962959753
shared,100.0,0.6,0.4,10,0.5,positive,5,share_negative_mean,0.8012666666666668,0.002898734330862625,300,0.028346357962959753
shared,100.0,0.6,0.4,10,0.5,positive,5,share_negative_sd_across_perceivers,0.1811966982178827,0.0019153310025549393,300,0.028346357962959753
shared,100.0,0.6,0.4,10,0.5,positive,5,prop_perceivers_majority_negative,0.9343333333333331,0.0035357178382522847,300,0.028346357962959753
shared,100.0,0.6,0.4,10,0.5,positive,5,hit_rate_true_differences,0.0572,0.001472331211828512,300,0.028346357962959753
shared,100.0,0.6,0.4,10,0.5,positive,5,jaccard_with_society_top5,0.08900066137566137,0.0014905335907404622,300,0.028346357962959753
shared,100.0,0.6,0.4,10,0.5,positive,5,society_share_negative_top5,0.5339999999999999,0.011951779742739239,300,0.028346357962959753
shared,100.0,0.6,0.4,10,0.5,mixed,5,jaccard_mean_pairwise,0.06496164021164012,0.0008696932033497594,300,0.028346357962959753
shared,100.0,0.6,0.4,10,0.5,mixed,5,share_negative_mean,0.8397,0.0028921008785377446,300,0.028346357962959753
shared,100.0,0.6,0.4,10,0.5,mixed,5,share_negative_sd_across_perceivers,0.1648632090179089,0.0017755101510689918,300,0.028346357962959753
shared,100.0,0.6,0.4,10,0.5,mixed,5,prop_perceivers_majority_negative,0.9608333333333333,0.0026862955114579676,300,0.028346357962959753
shared,100.0,0.6,0.4,10,0.5,mixed,5,hit_rate_true_differences,0.13576666666666667,0.0032838981965480777,300,0.028346357962959753
shared,100.0,0.6,0.4,10,0.5,mixed,5,jaccard_with_society_top5,0.12160052910052911,0.002098266535834393,300,0.028346357962959753
shared,100.0,0.6,0.4,10,0.5,mixed,5,society_share_negative_top5,0.7733333333333332,0.010739993225225482,300,0.028346357962959753
shared,100.0,0.6,0.4,10,1.0,negative,5,jaccard_mean_pairwise,0.14228829016986896,0.0018782856451564909,300,0.028346357962959753
shared,100.0,0.6,0.4,10,1.0,negative,5,share_negative_mean,0.9225666666666666,0.0018224527638738583,300,0.028346357962959753
shared,100.0,0.6,0.4,10,1.0,negative,5,share_negative_sd_across_perceivers,0.11819328212277126,0.0017465708849706415,300,0.028346357962959753
shared,100.0,0.6,0.4,10,1.0,negative,5,prop_perceivers_majority_negative,0.9948333333333333,0.0009413791601428436,300,0.028346357962959753
shared,100.0,0.6,0.4,10,1.0,negative,5,hit_rate_true_differences,0.41716666666666663,0.003551330346716909,300,0.028346357962959753
shared,100.0,0.6,0.4,10,1.0,negative,5,jaccard_with_society_top5,0.28379497354497357,0.0029676740462265656,300,0.028346357962959753
shared,100.0,0.6,0.4,10,1.0,negative,5,society_share_negative_top5,0.9993333333333334,0.0006666666666666663,300,0.028346357962959753
shared,100.0,0.6,0.4,10,1.0,positive,5,jaccard_mean_pairwise,0.059109370648844244,0.0006011311748797986,300,0.028346357962959753
shared,100.0,0.6,0.4,10,1.0,positive,5,share_negative_mean,0.7631999999999999,0.0031441191055417692,300,0.028346357962959753
shared,100.0,0.6,0.4,10,1.0,positive,5,share_negative_sd_across_perceivers,0.1871383241043372,0.0017537332645685536,300,0.028346357962959753
shared,100.0,0.6,0.4,10,1.0,positive,5,prop_perceivers_majority_negative,0.9063333333333332,0.004059159325931438,300,0.028346357962959753
shared,100.0,0.6,0.4,10,1.0,positive,5,hit_rate_true_differences,0.11956666666666668,0.0022279357060335583,300,0.028346357962959753
shared,100.0,0.6,0.4,10,1.0,positive,5,jaccard_with_society_top5,0.09351124338624338,0.0016142631901935865,300,0.028346357962959753
shared,100.0,0.6,0.4,10,1.0,positive,5,society_share_negative_top5,0.19599999999999998,0.007784156220898251,300,0.028346357962959753
shared,100.0,0.6,0.4,10,1.0,mixed,5,jaccard_mean_pairwise,0.10477464494569744,0.0019292007292474828,300,0.028346357962959753
shared,100.0,0.6,0.4,10,1.0,mixed,5,share_negative_mean,0.8523666666666668,0.003548076663756223,300,0.028346357962959753
shared,100.0,0.6,0.4,10,1.0,mixed,5,share_negative_sd_across_perceivers,0.1533338970188811,0.0019660441657675296,300,0.028346357962959753
shared,100.0,0.6,0.4,10,1.0,mixed,5,prop_perceivers_majority_negative,0.9673333333333335,0.0027429176392613558,300,0.028346357962959753
shared,100.0,0.6,0.4,10,1.0,mixed,5,hit_rate_true_differences,0.27720000000000006,0.005187292594341367,300,0.028346357962959753
shared,100.0,0.6,0.4,10,1.0,mixed,5,jaccard_with_society_top5,0.1904074074074074,0.0036381954827097067,300,0.028346357962959753
shared,100.0,0.6,0.4,10,1.0,mixed,5,society_share_negative_top5,0.6226666666666667,0.013457835664233482,300,0.028346357962959753
shared,100.0,0.6,0.4,10,2.0,negative,5,jaccard_mean_pairwise,0.39776824004455635,0.0035445241964321183,300,0.028346357962959753
shared,100.0,0.6,0.4,10,2.0,negative,5,share_negative_mean,0.9825,0.000807055012153533,300,0.028346357962959753
shared,100.0,0.6,0.4,10,2.0,negative,5,share_negative_sd_across_perceivers,0.050768426594083815,0.0016540266642938834,300,0.028346357962959753
shared,100.0,0.6,0.4,10,2.0,negative,5,prop_perceivers_majority_negative,0.9998333333333332,0.00016666666666666677,300,0.028346357962959753
shared,100.0,0.6,0.4,10,2.0,negative,5,hit_rate_true_differences,0.7219333333333333,0.0027176262403086496,300,0.028346357962959753
shared,100.0,0.6,0.4,10,2.0,negative,5,jaccard_with_society_top5,0.5904153439153439,0.003383876008251214,300,0.028346357962959753
shared,100.0,0.6,0.4,10,2.0,negative,5,society_share_negative_top5,1.0,0.0,300,0.028346357962959753
shared,100.0,0.6,0.4,10,2.0,positive,5,jaccard_mean_pairwise,0.08031662489557216,0.000866357703972542,300,0.028346357962959753
shared,100.0,0.6,0.4,10,2.0,positive,5,share_negative_mean,0.6613000000000001,0.0031421062459905036,300,0.028346357962959753
shared,100.0,0.6,0.4,10,2.0,positive,5,share_negative_sd_across_perceivers,0.20296551564298995,0.0017350288221304987,300,0.028346357962959753
shared,100.0,0.6,0.4,10,2.0,positive,5,prop_perceivers_majority_negative,0.7818333333333334,0.005853556281830381,300,0.028346357962959753
shared,100.0,0.6,0.4,10,2.0,positive,5,hit_rate_true_differences,0.2543,0.002971722921765389,300,0.028346357962959753
shared,100.0,0.6,0.4,10,2.0,positive,5,jaccard_with_society_top5,0.1601415343915344,0.002090155971011636,300,0.028346357962959753
shared,100.0,0.6,0.4,10,2.0,positive,5,society_share_negative_top5,0.008000000000000002,0.002266522390319451,300,0.028346357962959753
shared,100.0,0.6,0.4,10,2.0,mixed,5,jaccard_mean_pairwise,0.25123468393205256,0.004851033815700745,300,0.028346357962959753
shared,100.0,0.6,0.4,10,2.0,mixed,5,share_negative_mean,0.8607000000000001,0.0047681507929586715,300,0.028346357962959753
shared,100.0,0.6,0.4,10,2.0,mixed,5,share_negative_sd_across_perceivers,0.13664647355449047,0.0023427641382654635,300,0.028346357962959753
shared,100.0,0.6,0.4,10,2.0,mixed,5,prop_perceivers_majority_negative,0.9711666666666667,0.003352384243924747,300,0.028346357962959753
shared,100.0,0.6,0.4,10,2.0,mixed,5,hit_rate_true_differences,0.4905,0.0064464391318378635,300,0.028346357962959753
shared,100.0,0.6,0.4,10,2.0,mixed,5,jaccard_with_society_top5,0.34684722222222225,0.00582610611014474,300,0.028346357962959753
shared,100.0,0.6,0.4,10,2.0,mixed,5,society_share_negative_top5,0.5053333333333334,0.012542665943516268,300,0.028346357962959753
shared,100.0,0.6,0.4,30,0.0,none,0,jaccard_mean_pairwise,0.09890128098022823,0.0013541672510207156,300,0.028346357962959753
shared,100.0,0.6,0.4,30,0.0,none,0,share_negative_mean,0.8207000000000001,0.0037365186880777826,300,0.028346357962959753
shared,100.0,0.6,0.4,30,0.0,none,0,share_negative_sd_across_perceivers,0.166407384739269,0.002000545477181806,300,0.028346357962959753
shared,100.0,0.6,0.4,30,0.0,none,0,prop_perceivers_majority_negative,0.9486666666666668,0.003717245156973372,300,0.028346357962959753
shared,100.0,0.6,0.4,30,0.0,none,0,jaccard_with_society_top5,0.18350859788359786,0.0025082339669547436,300,0.028346357962959753
shared,100.0,0.6,0.4,30,0.0,none,0,society_share_negative_top5,0.8086666666666666,0.009824245181455856,300,0.028346357962959753
shared,100.0,0.6,0.4,30,0.25,negative,5,jaccard_mean_pairwise,0.11583514341409067,0.0017260009323201186,300,0.028346357962959753
shared,100.0,0.6,0.4,30,0.25,negative,5,share_negative_mean,0.8571,0.0032829701455524426,300,0.028346357962959753
shared,100.0,0.6,0.4,30,0.25,negative,5,share_negative_sd_across_perceivers,0.15003840755554085,0.001829805111563431,300,0.028346357962959753
shared,100.0,0.6,0.4,30,0.25,negative,5,prop_perceivers_majority_negative,0.9730000000000001,0.0025126214286480216,300,0.028346357962959753
shared,100.0,0.6,0.4,30,0.25,negative,5,hit_rate_true_differences,0.20200000000000004,0.004172159144693676,300,0.028346357962959753
shared,100.0,0.6,0.4,30,0.25,negative,5,jaccard_with_society_top5,0.2125575396825397,0.0029941846137022457,300,0.028346357962959753
shared,100.0,0.6,0.4,30,0.25,negative,5,society_share_negative_top5,0.8873333333333331,0.008335139157740114,300,0.028346357962959753
shared,100.0,0.6,0.4,30,0.25,positive,5,jaccard_mean_pairwise,0.09888575605680855,0.001449134715048935,300,0.028346357962959753
shared,100.0,0.6,0.4,30,0.25,positive,5,share_negative_mean,0.7952,0.0038263418380695456,300,0.028346357962959753
shared,100.0,0.6,0.4,30,0.25,positive,5,share_negative_sd_across_perceivers,0.17260030473684693,0.001855558117177307,300,0.028346357962959753
shared,100.0,0.6,0.4,30,0.25,positive,5,prop_perceivers_majority_negative,0.9343333333333333,0.004097973323315166,300,0.028346357962959753
shared,100.0,0.6,0.4,30,0.25,positive,5,hit_rate_true_differences,0.05626666666666667,0.0022453188431810003,300,0.028346357962959753
shared,100.0,0.6,0.4,30,0.25,positive,5,jaccard_with_society_top5,0.18294113756613753,0.002612108866561299,300,0.028346357962959753
shared,100.0,0.6,0.4,30,0.25,positive,5,society_share_negative_top5,0.7413333333333333,0.010688383689488313,300,0.028346357962959753
shared,100.0,0.6,0.4,30,0.25,mixed,5,jaccard_mean_pairwise,0.10825334168755205,0.001684163619147134,300,0.028346357962959753
shared,100.0,0.6,0.4,30,0.25,mixed,5,share_negative_mean,0.8294666666666667,0.003685693009696313,300,0.028346357962959753
shared,100.0,0.6,0.4,30,0.25,mixed,5,share_negative_sd_across_perceivers,0.15873810498389085,0.00186258868426736,300,0.028346357962959753
shared,100.0,0.6,0.4,30,0.25,mixed,5,prop_perceivers_majority_negative,0.9601666666666667,0.0031348219856088644,300,0.028346357962959753
shared,100.0,0.6,0.4,30,0.25,mixed,5,hit_rate_true_differences,0.13440000000000002,0.0037790008294089268,300,0.028346357962959753
shared,100.0,0.6,0.4,30,0.25,mixed,5,jaccard_with_society_top5,0.1955218253968254,0.002990503232635462,300,0.028346357962959753
shared,100.0,0.6,0.4,30,0.25,mixed,5,society_share_negative_top5,0.8113333333333332,0.010516996206897902,300,0.028346357962959753
shared,100.0,0.6,0.4,30,0.5,negative,5,jaccard_mean_pairwise,0.16912510442773598,0.0028282886793328087,300,0.028346357962959753
shared,100.0,0.6,0.4,30,0.5,negative,5,share_negative_mean,0.9042,0.0027688907260567004,300,0.028346357962959753
shared,100.0,0.6,0.4,30,0.5,negative,5,share_negative_sd_across_perceivers,0.12465450223901364,0.0019331602199999887,300,0.028346357962959753
shared,100.0,0.6,0.4,30,0.5,negative,5,prop_perceivers_majority_negative,0.9888333333333332,0.0014557450354797863,300,0.028346357962959753
shared,100.0,0.6,0.4,30,0.5,negative,5,hit_rate_true_differences,0.3763666666666667,0.005153323295552115,300,0.028346357962959753
shared,100.0,0.6,0.4,30,0.5,negative,5,jaccard_with_society_top5,0.28970767195767194,0.0038273905510925557,300,0.028346357962959753
shared,100.0,0.6,0.4,30,0.5,negative,5,society_share_negative_top5,0.9653333333333334,0.004577423472703592,300,0.028346357962959753
shared,100.0,0.6,0.4,30,0.5,positive,5,jaccard_mean_pairwise,0.10228627123363954,0.0014126820367606858,300,0.028346357962959753
shared,100.0,0.6,0.4,30,0.5,positive,5,share_negative_mean,0.7317333333333332,0.004127157611685169,300,0.028346357962959753
shared,100.0,0.6,0.4,30,0.5,positive,5,share_negative_sd_across_perceivers,0.18344305625420476,0.001861746950285468,300,0.028346357962959753
shared,100.0,0.6,0.4,30,0.5,positive,5,prop_perceivers_majority_negative,0.8806666666666668,0.005722948256985795,300,0.028346357962959753
shared,100.0,0.6,0.4,30,0.5,positive,5,hit_rate_true_differences,0.13723333333333335,0.0033238499434652736,300,0.028346357962959753
shared,100.0,0.6,0.4,30,0.5,positive,5,jaccard_with_society_top5,0.18506018518518516,0.0025321431370492736,300,0.028346357962959753
shared,100.0,0.6,0.4,30,0.5,positive,5,society_share_negative_top5,0.5279999999999999,0.011891745073447452,300,0.028346357962959753
shared,100.0,0.6,0.4,30,0.5,mixed,5,jaccard_mean_pairwise,0.1366826093010302,0.0023616034989136494,300,0.028346357962959753
shared,100.0,0.6,0.4,30,0.5,mixed,5,share_negative_mean,0.8228333333333333,0.00429654870006961,300,0.028346357962959753
shared,100.0,0.6,0.4,30,0.5,mixed,5,share_negative_sd_across_perceivers,0.15796710501047312,0.002105926386305807,300,0.028346357962959753
shared,100.0,0.6,0.4,30,0.5,mixed,5,prop_perceivers_majority_negative,0.9535,0.0040465862954593935,300,0.028346357962959753
shared,100.0,0.6,0.4,30,0.5,mixed,5,hit_rate_true_differences,0.2594000000000001,0.005583152711765867,300,0.028346357962959753
shared,100.0,0.6,0.4,30,0.5,mixed,5,jaccard_with_society_top5,0.24085449735449732,0.0035258921268087676,300,0.028346357962959753
shared,100.0,0.6,0.4,30,0.5,mixed,5,society_share_negative_top5,0.7793333333333333,0.01034082872688769,300,0.028346357962959753
shared,100.0,0.6,0.4,30,1.0,negative,5,jaccard_mean_pairwise,0.4314472291840719,0.004808515786401061,300,0.028346357962959753
shared,100.0,0.6,0.4,30,1.0,negative,5,share_negative_mean,0.9769,0.0011729817933904248,300,0.028346357962959753
shared,100.0,0.6,0.4,30,1.0,negative,5,share_negative_sd_across_perceivers,0.05625960114313004,0.0019024941385945072,300,0.028346357962959753
shared,100.0,0.6,0.4,30,1.0,negative,5,prop_perceivers_majority_negative,0.9998333333333332,0.0001666666666666668,300,0.028346357962959753
shared,100.0,0.6,0.4,30,1.0,negative,5,hit_rate_true_differences,0.7209,0.004129261759150816,300,0.028346357962959753
shared,100.0,0.6,0.4,30,1.0,negative,5,jaccard_with_society_top5,0.5907156084656083,0.004986320035023823,300,0.028346357962959753
shared,100.0,0.6,0.4,30,1.0,negative,5,society_share_negative_top5,0.9993333333333334,0.0006666666666666664,300,0.028346357962959753
shared,100.0,0.6,0.4,30,1.0,positive,5,jaccard_mean_pairwise,0.16135582010582,0.002305071913038116,300,0.028346357962959753
shared,100.0,0.6,0.4,30,1.0,positive,5,share_negative_mean,0.5647666666666666,0.004750970876154903,300,0.028346357962959753
shared,100.0,0.6,0.4,30,1.0,positive,5,share_negative_sd_across_perceivers,0.18880389942681844,0.0017248709799047872,300,0.028346357962959753
shared,100.0,0.6,0.4,30,1.0,positive,5,prop_perceivers_majority_negative,0.6376666666666667,0.009994071077771243,300,0.028346357962959753
shared,100.0,0.6,0.4,30,1.0,positive,5,hit_rate_true_differences,0.3615666666666667,0.004690134890566912,300,0.028346357962959753
shared,100.0,0.6,0.4,30,1.0,positive,5,jaccard_with_society_top5,0.27574338624338623,0.0032979829005245686,300,0.028346357962959753
shared,100.0,0.6,0.4,30,1.0,positive,5,society_share_negative_top5,0.184,0.008810655351028335,300,0.028346357962959753
shared,100.0,0.6,0.4,30,1.0,mixed,5,jaccard_mean_pairwise,0.29959189640768624,0.004832017556210557,300,0.028346357962959753
shared,100.0,0.6,0.4,30,1.0,mixed,5,share_negative_mean,0.7957333333333333,0.006384501393635708,300,0.028346357962959753
shared,100.0,0.6,0.4,30,1.0,mixed,5,share_negative_sd_across_perceivers,0.14373482972562257,0.0021398204637991924,300,0.028346357962959753
shared,100.0,0.6,0.4,30,1.0,mixed,5,prop_perceivers_majority_negative,0.9383333333333334,0.006232370155525201,300,0.028346357962959753
shared,100.0,0.6,0.4,30,1.0,mixed,5,hit_rate_true_differences,0.5424333333333333,0.005866713223186101,300,0.028346357962959753
shared,100.0,0.6,0.4,30,1.0,mixed,5,jaccard_with_society_top5,0.4216183862433862,0.005409201364799729,300,0.028346357962959753
shared,100.0,0.6,0.4,30,1.0,mixed,5,society_share_negative_top5,0.6006666666666667,0.01229508365671433,300,0.028346357962959753
shared,100.0,0.6,0.4,30,2.0,negative,5,jaccard_mean_pairwise,0.9310856307435252,0.003289930680970901,300,0.028346357962959753
shared,100.0,0.6,0.4,30,2.0,negative,5,share_negative_mean,0.9997333333333334,9.317074546885738e-05,300,0.028346357962959753
shared,100.0,0.6,0.4,30,2.0,negative,5,share_negative_sd_across_perceivers,0.0011925695879998876,0.0004166722407653908,300,0.028346357962959753
shared,100.0,0.6,0.4,30,2.0,negative,5,prop_perceivers_majority_negative,1.0,0.0,300,0.028346357962959753
shared,100.0,0.6,0.4,30,2.0,negative,5,hit_rate_true_differences,0.9781333333333335,0.0010990756563595064,300,0.028346357962959753
shared,100.0,0.6,0.4,30,2.0,negative,5,jaccard_with_society_top5,0.9636666666666666,0.001821273077103883,300,0.028346357962959753
shared,100.0,0.6,0.4,30,2.0,negative,5,society_share_negative_top5,1.0,0.0,300,0.028346357962959753
shared,100.0,0.6,0.4,30,2.0,positive,5,jaccard_mean_pairwise,0.4017934419381793,0.004294564012705251,300,0.028346357962959753
shared,100.0,0.6,0.4,30,2.0,positive,5,share_negative_mean,0.28640000000000004,0.0037483731142116147,300,0.028346357962959753
shared,100.0,0.6,0.4,30,2.0,positive,5,share_negative_sd_across_perceivers,0.15898115146985128,0.0015503561871966576,300,0.028346357962959753
shared,100.0,0.6,0.4,30,2.0,positive,5,prop_perceivers_majority_negative,0.10066666666666667,0.005247356043550783,300,0.028346357962959753
shared,100.0,0.6,0.4,30,2.0,positive,5,hit_rate_true_differences,0.6967333333333333,0.0037663040837316113,300,0.028346357962959753
shared,100.0,0.6,0.4,30,2.0,positive,5,jaccard_with_society_top5,0.5613670634920634,0.0045167542656990405,300,0.028346357962959753
shared,100.0,0.6,0.4,30,2.0,positive,5,society_share_negative_top5,0.006000000000000001,0.0019730627432062984,300,0.028346357962959753
shared,100.0,0.6,0.4,30,2.0,mixed,5,jaccard_mean_pairwise,0.5835023670286837,0.00731612520719318,300,0.028346357962959753
shared,100.0,0.6,0.4,30,2.0,mixed,5,share_negative_mean,0.6797333333333334,0.009926810574915986,300,0.028346357962959753
shared,100.0,0.6,0.4,30,2.0,mixed,5,share_negative_sd_across_perceivers,0.12402080740357282,0.0017533438747166148,300,0.028346357962959753
shared,100.0,0.6,0.4,30,2.0,mixed,5,prop_perceivers_majority_negative,0.803,0.016444664144283493,300,0.028346357962959753
shared,100.0,0.6,0.4,30,2.0,mixed,5,hit_rate_true_differences,0.8010999999999999,0.004616070276085165,300,0.028346357962959753
shared,100.0,0.6,0.4,30,2.0,mixed,5,jaccard_with_society_top5,0.6938425925925926,0.006364569297388676,300,0.028346357962959753
shared,100.0,0.6,0.4,30,2.0,mixed,5,society_share_negative_top5,0.4953333333333333,0.012436445642963975,300,0.028346357962959753
shared,100.0,0.6,0.4,100,0.0,none,0,jaccard_mean_pairwise,0.9943274853801168,0.001772072117300185,300,0.028346357962959753
shared,100.0,0.6,0.4,100,0.0,none,0,share_negative_mean,0.8002666666666666,0.010587206824575576,300,0.028346357962959753
shared,100.0,0.6,0.4,100,0.0,none,0,share_negative_sd_across_perceivers,0.00033508312663342794,0.00033508312663335616,300,0.028346357962959753
shared,100.0,0.6,0.4,100,0.0,none,0,prop_perceivers_majority_negative,0.94,0.013734218672418391,300,0.028346357962959753
shared,100.0,0.6,0.4,100,0.0,none,0,jaccard_with_society_top5,0.9947222222222221,0.0016832293593015482,300,0.028346357962959753
shared,100.0,0.6,0.4,100,0.0,none,0,society_share_negative_top5,0.8006666666666666,0.010579563536498884,300,0.028346357962959753
shared,100.0,0.6,0.4,100,0.25,negative,5,jaccard_mean_pairwise,0.9968070175438597,0.001298464437917425,300,0.028346357962959753
shared,100.0,0.6,0.4,100,0.25,negative,5,share_negative_mean,0.8982666666666668,0.00872565807727169,300,0.028346357962959753
shared,100.0,0.6,0.4,100,0.25,negative,5,share_negative_sd_across_perceivers,0.0003350831266333978,0.00033508312663335616,300,0.028346357962959753
shared,100.0,0.6,0.4,100,0.25,negative,5,prop_perceivers_majority_negative,0.9766666666666667,0.008730235947285765,300,0.028346357962959753
shared,100.0,0.6,0.4,100,0.25,negative,5,hit_rate_true_differences,0.35316666666666663,0.011120747864833863,300,0.028346357962959753
shared,100.0,0.6,0.4,100,0.25,negative,5,jaccard_with_society_top5,0.9967777777777779,0.0013662631242355701,300,0.028346357962959753
shared,100.0,0.6,0.4,100,0.25,negative,5,society_share_negative_top5,0.8979999999999999,0.008731597945140697,300,0.028346357962959753
shared,100.0,0.6,0.4,100,0.25,positive,5,jaccard_mean_pairwise,0.9983450292397661,0.0009525970245965671,300,0.028346357962959753
shared,100.0,0.6,0.4,100,0.25,positive,5,share_negative_mean,0.7237666666666667,0.011421509401011706,300,0.028346357962959753
shared,100.0,0.6,0.4,100,0.25,positive,5,share_negative_sd_across_perceivers,0.0003262403232864798,0.00032624032328639504,300,0.028346357962959753
shared,100.0,0.6,0.4,100,0.25,positive,5,prop_perceivers_majority_negative,0.87,0.01944892977943047,300,0.028346357962959753
shared,100.0,0.6,0.4,100,0.25,positive,5,hit_rate_true_differences,0.13533333333333336,0.00848992232722181,300,0.028346357962959753
shared,100.0,0.6,0.4,100,0.25,positive,5,jaccard_with_society_top5,0.9987222222222223,0.0007366564907855012,300,0.028346357962959753
shared,100.0,0.6,0.4,100,0.25,positive,5,society_share_negative_top5,0.724,0.01142431836772873,300,0.028346357962959753
shared,100.0,0.6,0.4,100,0.25,mixed,5,jaccard_mean_pairwise,0.9961754385964912,0.0014340814397374737,300,0.028346357962959753
shared,100.0,0.6,0.4,100,0.25,mixed,5,share_negative_mean,0.8148666666666666,0.01024977617107037,300,0.028346357962959753
shared,100.0,0.6,0.4,100,0.25,mixed,5,share_negative_sd_across_perceivers,0.0006485246906211773,0.00045806525824496465,300,0.028346357962959753
shared,100.0,0.6,0.4,100,0.25,mixed,5,prop_perceivers_majority_negative,0.9433333333333334,0.013370905812972548,300,0.028346357962959753
shared,100.0,0.6,0.4,100,0.25,mixed,5,hit_rate_true_differences,0.24176666666666666,0.01016626751414117,300,0.028346357962959753
shared,100.0,0.6,0.4,100,0.25,mixed,5,jaccard_with_society_top5,0.9962222222222222,0.001462384659449107,300,0.028346357962959753
shared,100.0,0.6,0.4,100,0.25,mixed,5,society_share_negative_top5,0.8153333333333334,0.010242035634715015,300,0.028346357962959753
shared,100.0,0.6,0.4,100,0.5,negative,5,jaccard_mean_pairwise,0.9967076023391812,0.0013353097945805882,300,0.028346357962959753
shared,100.0,0.6,0.4,100,0.5,negative,5,share_negative_mean,0.9713333333333333,0.004161546463833229,300,0.028346357962959753
shared,100.0,0.6,0.4,100,0.5,negative,5,share_negative_sd_across_perceivers,1.5946907049526787e-17,2.2857360423343486e-18,300,0.028346357962959753
shared,100.0,0.6,0.4,100,0.5,negative,5,prop_perceivers_majority_negative,1.0,0.0,300,0.028346357962959753
shared,100.0,0.6,0.4,100,0.5,negative,5,hit_rate_true_differences,0.6820666666666666,0.01026109463817294,300,0.028346357962959753
shared,100.0,0.6,0.4,100,0.5,negative,5,jaccard_with_society_top5,0.9966111111111111,0.001412851626025964,300,0.028346357962959753
shared,100.0,0.6,0.4,100,0.5,negative,5,society_share_negative_top5,0.9713333333333333,0.004161546463833232,300,0.028346357962959753
shared,100.0,0.6,0.4,100,0.5,positive,5,jaccard_mean_pairwise,0.9971754385964912,0.001255458993881745,300,0.028346357962959753
shared,100.0,0.6,0.4,100,0.5,positive,5,share_negative_mean,0.5335666666666666,0.011700881664875271,300,0.028346357962959753
shared,100.0,0.6,0.4,100,0.5,positive,5,share_negative_sd_across_perceivers,0.00032624032328647836,0.00032624032328639504,300,0.028346357962959753
shared,100.0,0.6,0.4,100,0.5,positive,5,prop_perceivers_majority_negative,0.58,0.028543225449544855,300,0.028346357962959753
shared,100.0,0.6,0.4,100,0.5,positive,5,hit_rate_true_differences,0.3897666666666667,0.01039546019743533,300,0.028346357962959753
shared,100.0,0.6,0.4,100,0.5,positive,5,jaccard_with_society_top5,0.997388888888889,0.0011800037510761485,300,0.028346357962959753
shared,100.0,0.6,0.4,100,0.5,positive,5,society_share_negative_top5,0.5333333333333333,0.011694106924093723,300,0.028346357962959753
shared,100.0,0.6,0.4,100,0.5,mixed,5,jaccard_mean_pairwise,0.998906432748538,0.0007722523962163967,300,0.028346357962959753
shared,100.0,0.6,0.4,100,0.5,mixed,5,share_negative_mean,0.7906666666666666,0.011040548890646845,300,0.028346357962959753
shared,100.0,0.6,0.4,100,0.5,mixed,5,share_negative_sd_across_perceivers,7.052709486784764e-17,3.096823653312555e-18,300,0.028346357962959753
shared,100.0,0.6,0.4,100,0.5,mixed,5,prop_perceivers_majority_negative,0.9366666666666666,0.014085527360052114,300,0.028346357962959753
shared,100.0,0.6,0.4,100,0.5,mixed,5,hit_rate_true_differences,0.5457333333333332,0.010150999679843644,300,0.028346357962959753
shared,100.0,0.6,0.4,100,0.5,mixed,5,jaccard_with_society_top5,0.9986111111111112,0.0009812383863260679,300,0.028346357962959753
shared,100.0,0.6,0.4,100,0.5,mixed,5,society_share_negative_top5,0.7906666666666666,0.011040548890646843,300,0.028346357962959753
shared,100.0,0.6,0.4,100,1.0,negative,5,jaccard_mean_pairwise,1.0,0.0,300,0.028346357962959753
shared,100.0,0.6,0.4,100,1.0,negative,5,share_negative_mean,1.0,0.0,300,0.028346357962959753
shared,100.0,0.6,0.4,100,1.0,negative,5,share_negative_sd_across_perceivers,0.0,0.0,300,0.028346357962959753
shared,100.0,0.6,0.4,100,1.0,negative,5,prop_perceivers_majority_negative,1.0,0.0,300,0.028346357962959753
shared,100.0,0.6,0.4,100,1.0,negative,5,hit_rate_true_differences,0.9820000000000001,0.00331006370620422,300,0.028346357962959753
shared,100.0,0.6,0.4,100,1.0,negative,5,jaccard_with_society_top5,1.0,0.0,300,0.028346357962959753
shared,100.0,0.6,0.4,100,1.0,negative,5,society_share_negative_top5,1.0,0.0,300,0.028346357962959753
shared,100.0,0.6,0.4,100,1.0,positive,5,jaccard_mean_pairwise,0.9983508771929824,0.000951639901765175,300,0.028346357962959753
shared,100.0,0.6,0.4,100,1.0,positive,5,share_negative_mean,0.17153333333333337,0.00851026966120515,300,0.028346357962959753
shared,100.0,0.6,0.4,100,1.0,positive,5,share_negative_sd_across_perceivers,0.00031344156398777664,0.0003134415639877514,300,0.028346357962959753
shared,100.0,0.6,0.4,100,1.0,positive,5,prop_perceivers_majority_negative,0.02666666666666667,0.00931707454688573,300,0.028346357962959753
shared,100.0,0.6,0.4,100,1.0,positive,5,hit_rate_true_differences,0.8231333333333333,0.008564174860675223,300,0.028346357962959753
shared,100.0,0.6,0.4,100,1.0,positive,5,jaccard_with_society_top5,0.9985555555555555,0.000854427678380616,300,0.028346357962959753
shared,100.0,0.6,0.4,100,1.0,positive,5,society_share_negative_top5,0.17133333333333334,0.008521378889541032,300,0.028346357962959753
shared,100.0,0.6,0.4,100,1.0,mixed,5,jaccard_mean_pairwise,0.9988596491228069,0.0008050961977375254,300,0.028346357962959753
shared,100.0,0.6,0.4,100,1.0,mixed,5,share_negative_mean,0.6242666666666665,0.01301304493713367,300,0.028346357962959753
shared,100.0,0.6,0.4,100,1.0,mixed,5,share_negative_sd_across_perceivers,0.0003350831266334386,0.00033508312663335616,300,0.028346357962959753
shared,100.0,0.6,0.4,100,1.0,mixed,5,prop_perceivers_majority_negative,0.7266666666666667,0.02577379228278591,300,0.028346357962959753
shared,100.0,0.6,0.4,100,1.0,mixed,5,hit_rate_true_differences,0.8750666666666667,0.007462950978637761,300,0.028346357962959753
shared,100.0,0.6,0.4,100,1.0,mixed,5,jaccard_with_society_top5,0.9987222222222223,0.0009028710325445082,300,0.028346357962959753
shared,100.0,0.6,0.4,100,1.0,mixed,5,society_share_negative_top5,0.6246666666666666,0.013024916806735114,300,0.028346357962959753
shared,100.0,0.6,0.4,100,2.0,negative,5,jaccard_mean_pairwise,1.0,0.0,300,0.028346357962959753
shared,100.0,0.6,0.4,100,2.0,negative,5,share_negative_mean,1.0,0.0,300,0.028346357962959753
shared,100.0,0.6,0.4,100,2.0,negative,5,share_negative_sd_across_perceivers,0.0,0.0,300,0.028346357962959753
shared,100.0,0.6,0.4,100,2.0,negative,5,prop_perceivers_majority_negative,1.0,0.0,300,0.028346357962959753
shared,100.0,0.6,0.4,100,2.0,negative,5,hit_rate_true_differences,1.0,0.0,300,0.028346357962959753
shared,100.0,0.6,0.4,100,2.0,negative,5,jaccard_with_society_top5,1.0,0.0,300,0.028346357962959753
shared,100.0,0.6,0.4,100,2.0,negative,5,society_share_negative_top5,1.0,0.0,300,0.028346357962959753
shared,100.0,0.6,0.4,100,2.0,positive,5,jaccard_mean_pairwise,0.999421052631579,0.0005789473684210526,300,0.028346357962959753
shared,100.0,0.6,0.4,100,2.0,positive,5,share_negative_mean,0.010000000000000004,0.0025208163459814414,300,0.028346357962959753
shared,100.0,0.6,0.4,100,2.0,positive,5,share_negative_sd_across_perceivers,1.4238309865648916e-18,3.5892164248476604e-19,300,0.028346357962959753
shared,100.0,0.6,0.4,100,2.0,positive,5,prop_perceivers_majority_negative,0.0,0.0,300,0.028346357962959753
shared,100.0,0.6,0.4,100,2.0,positive,5,hit_rate_true_differences,0.99,0.002520816345981439,300,0.028346357962959753
shared,100.0,0.6,0.4,100,2.0,positive,5,jaccard_with_society_top5,0.9995,0.0005,300,0.028346357962959753
shared,100.0,0.6,0.4,100,2.0,positive,5,society_share_negative_top5,0.01,0.0025208163459814414,300,0.028346357962959753
shared,100.0,0.6,0.4,100,2.0,mixed,5,jaccard_mean_pairwise,1.0,0.0,300,0.028346357962959753
shared,100.0,0.6,0.4,100,2.0,mixed,5,share_negative_mean,0.4706666666666666,0.012286920412751227,300,0.028346357962959753
shared,100.0,0.6,0.4,100,2.0,mixed,5,share_negative_sd_across_perceivers,7.271030238058048e-17,2.1768004995040376e-18,300,0.028346357962959753
shared,100.0,0.6,0.4,100,2.0,mixed,5,prop_perceivers_majority_negative,0.44,0.028706798281217784,300,0.028346357962959753
shared,100.0,0.6,0.4,100,2.0,mixed,5,hit_rate_true_differences,0.994,0.0019730627432062962,300,0.028346357962959753
shared,100.0,0.6,0.4,100,2.0,mixed,5,jaccard_with_society_top5,1.0,0.0,300,0.028346357962959753
shared,100.0,0.6,0.4,100,2.0,mixed,5,society_share_negative_top5,0.4706666666666666,0.012286920412751227,300,0.028346357962959753
shared,100.0,0.7,0.3,10,0.0,none,0,jaccard_mean_pairwise,0.07571470342522964,0.0006050405536266913,300,0.028346357962959753
shared,100.0,0.7,0.3,10,0.0,none,0,share_negative_mean,0.9867666666666666,0.0007912823980849925,300,0.028346357962959753
shared,100.0,0.7,0.3,10,0.0,none,0,share_negative_sd_across_perceivers,0.04170629145720676,0.001990315097496416,300,0.028346357962959753
shared,100.0,0.7,0.3,10,0.0,none,0,prop_perceivers_majority_negative,0.9998333333333332,0.00016666666666666677,300,0.028346357962959753
shared,100.0,0.7,0.3,10,0.0,none,0,jaccard_with_society_top5,0.1290132275132275,0.0017406701448815592,300,0.028346357962959753
shared,100.0,0.7,0.3,10,0.0,none,0,society_share_negative_top5,0.9820000000000001,0.003692168336277663,300,0.028346357962959753
shared,100.0,0.7,0.3,10,0.25,negative,5,jaccard_mean_pairwise,0.08032017543859636,0.000683023219064956,300,0.028346357962959753
shared,100.0,0.7,0.3,10,0.25,negative,5,share_negative_mean,0.9907000000000001,0.0006134228765036881,300,0.028346357962959753
shared,100.0,0.7,0.3,10,0.25,negative,5,share_negative_sd_across_perceivers,0.03237346453797783,0.0018625170437172429,300,0.028346357962959753
shared,100.0,0.7,0.3,10,0.25,negative,5,prop_perceivers_majority_negative,0.9996666666666666,0.00023530777934850568,300,0.028346357962959753
shared,100.0,0.7,0.3,10,0.25,negative,5,hit_rate_true_differences,0.16056666666666666,0.0026256679707891374,300,0.028346357962959753
shared,100.0,0.7,0.3,10,0.25,negative,5,jaccard_with_society_top5,0.13998809523809522,0.0017662022339991871,300,0.028346357962959753
shared,100.0,0.7,0.3,10,0.25,negative,5,society_share_negative_top5,0.9926666666666665,0.0021737941253241852,300,0.028346357962959753
shared,100.0,0.7,0.3,10,0.25,positive,5,jaccard_mean_pairwise,0.0773751044277359,0.0006739494541177013,300,0.028346357962959753
shared,100.0,0.7,0.3,10,0.25,positive,5,share_negative_mean,0.9858,0.0007694559313718357,300,0.028346357962959753
shared,100.0,0.7,0.3,10,0.25,positive,5,share_negative_sd_across_perceivers,0.04486406424895435,0.0019879248385705982,300,0.028346357962959753
shared,100.0,0.7,0.3,10,0.25,positive,5,prop_perceivers_majority_negative,0.999,0.0004048204523763685,300,0.028346357962959753
shared,100.0,0.7,0.3,10,0.25,positive,5,hit_rate_true_differences,0.002066666666666667,0.00026540952279456906,300,0.028346357962959753
shared,100.0,0.7,0.3,10,0.25,positive,5,jaccard_with_society_top5,0.13201984126984126,0.0017853321510750994,300,0.028346357962959753
shared,100.0,0.7,0.3,10,0.25,positive,5,society_share_negative_top5,0.9673333333333335,0.004952243128418966,300,0.028346357962959753
shared,100.0,0.7,0.3,10,0.25,mixed,5,jaccard_mean_pairwise,0.07891081871345018,0.0006653966230281897,300,0.028346357962959753
shared,100.0,0.7,0.3,10,0.25,mixed,5,share_negative_mean,0.9880333333333334,0.0006821474605492949,300,0.028346357962959753
shared,100.0,0.7,0.3,10,0.25,mixed,5,share_negative_sd_across_perceivers,0.039308745955670306,0.0018285498504277704,300,0.028346357962959753
shared,100.0,0.7,0.3,10,0.25,mixed,5,prop_perceivers_majority_negative,0.9998333333333332,0.0001666666666666668,300,0.028346357962959753
shared,100.0,0.7,0.3,10,0.25,mixed,5,hit_rate_true_differences,0.08686666666666668,0.0030173313322597165,300,0.028346357962959753
shared,100.0,0.7,0.3,10,0.25,mixed,5,jaccard_with_society_top5,0.13683002645502645,0.0019230057324713973,300,0.028346357962959753
shared,100.0,0.7,0.3,10,0.25,mixed,5,society_share_negative_top5,0.98,0.0038361072799838573,300,0.028346357962959753
shared,100.0,0.7,0.3,10,0.5,negative,5,jaccard_mean_pairwise,0.09256565023670274,0.0008827310769996356,300,0.028346357962959753
shared,100.0,0.7,0.3,10,0.5,negative,5,share_negative_mean,0.9940333333333334,0.00047005854454829413,300,0.028346357962959753
shared,100.0,0.7,0.3,10,0.5,negative,5,share_negative_sd_across_perceivers,0.022783137254660683,0.001619733481488205,300,0.028346357962959753
shared,100.0,0.7,0.3,10,0.5,negative,5,prop_perceivers_majority_negative,0.9998333333333332,0.00016666666666666682,300,0.028346357962959753
shared,100.0,0.7,0.3,10,0.5,negative,5,hit_rate_true_differences,0.24273333333333336,0.0030611724327372636,300,0.028346357962959753
shared,100.0,0.7,0.3,10,0.5,negative,5,jaccard_with_society_top5,0.17109656084656083,0.001967043920958052,300,0.028346357962959753
shared,100.0,0.7,0.3,10,0.5,negative,5,society_share_negative_top5,1.0,0.0,300,0.028346357962959753
shared,100.0,0.7,0.3,10,0.5,positive,5,jaccard_mean_pairwise,0.07675905040378714,0.0006236778160314129,300,0.028346357962959753
shared,100.0,0.7,0.3,10,0.5,positive,5,share_negative_mean,0.9838,0.000823755437725127,300,0.028346357962959753
shared,100.0,0.7,0.3,10,0.5,positive,5,share_negative_sd_across_perceivers,0.049588255562958136,0.001972605911525676,300,0.028346357962959753
shared,100.0,0.7,0.3,10,0.5,positive,5,prop_perceivers_majority_negative,0.9996666666666666,0.00023530777934850574,300,0.028346357962959753
shared,100.0,0.7,0.3,10,0.5,positive,5,hit_rate_true_differences,0.004333333333333333,0.00040573737416798304,300,0.028346357962959753
shared,100.0,0.7,0.3,10,0.5,positive,5,jaccard_with_society_top5,0.1252037037037037,0.0019300283709295317,300,0.028346357962959753
shared,100.0,0.7,0.3,10,0.5,positive,5,society_share_negative_top5,0.9066666666666666,0.007976181562321941,300,0.028346357962959753
shared,100.0,0.7,0.3,10,0.5,mixed,5,jaccard_mean_pairwise,0.08440504037872446,0.000815247786968063,300,0.028346357962959753
shared,100.0,0.7,0.3,10,0.5,mixed,5,share_negative_mean,0.9896,0.0007311511059961069,300,0.028346357962959753
shared,100.0,0.7,0.3,10,0.5,mixed,5,share_negative_sd_across_perceivers,0.034238798738869175,0.002082316524813396,300,0.028346357962959753
shared,100.0,0.7,0.3,10,0.5,mixed,5,prop_perceivers_majority_negative,0.9991666666666666,0.00037017677338345114,300,0.028346357962959753
shared,100.0,0.7,0.3,10,0.5,mixed,5,hit_rate_true_differences,0.1288666666666667,0.0038763132656727604,300,0.028346357962959753
shared,100.0,0.7,0.3,10,0.5,mixed,5,jaccard_with_society_top5,0.14929431216931216,0.0020660635686327706,300,0.028346357962959753
shared,100.0,0.7,0.3,10,0.5,mixed,5,society_share_negative_top5,0.9713333333333333,0.004370605506505572,300,0.028346357962959753
shared,100.0,0.7,0.3,10,1.0,negative,5,jaccard_mean_pairwise,0.15429142300194917,0.0017331736268637874,300,0.028346357962959753
shared,100.0,0.7,0.3,10,1.0,negative,5,share_negative_mean,0.9979333333333333,0.0002654095227945689,300,0.028346357962959753
shared,100.0,0.7,0.3,10,1.0,negative,5,share_negative_sd_across_perceivers,0.008853538957354972,0.0010943852995856048,300,0.028346357962959753
shared,100.0,0.7,0.3,10,1.0,negative,5,prop_perceivers_majority_negative,1.0,0.0,300,0.028346357962959753
shared,100.0,0.7,0.3,10,1.0,negative,5,hit_rate_true_differences,0.4288666666666667,0.003144272751115534,300,0.028346357962959753
shared,100.0,0.7,0.3,10,1.0,negative,5,jaccard_with_society_top5,0.2931283068783068,0.0026856283303503168,300,0.028346357962959753
shared,100.0,0.7,0.3,10,1.0,negative,5,society_share_negative_top5,1.0,0.0,300,0.028346357962959753
shared,100.0,0.7,0.3,10,1.0,positive,5,jaccard_mean_pairwise,0.07643253968253959,0.0006528277956684858,300,0.028346357962959753
shared,100.0,0.7,0.3,10,1.0,positive,5,share_negative_mean,0.9803666666666667,0.0009611150312565712,300,0.028346357962959753
shared,100.0,0.7,0.3,10,1.0,positive,5,share_negative_sd_across_perceivers,0.05584572308317648,0.0020968112010569607,300,0.028346357962959753
shared,100.0,0.7,0.3,10,1.0,positive,5,prop_perceivers_majority_negative,0.999,0.0004048204523763685,300,0.028346357962959753
shared,100.0,0.7,0.3,10,1.0,positive,5,hit_rate_true_differences,0.0088,0.0006296997213993624,300,0.028346357962959753
shared,100.0,0.7,0.3,10,1.0,positive,5,jaccard_with_society_top5,0.09522156084656085,0.0022260015484320047,300,0.028346357962959753
shared,100.0,0.7,0.3,10,1.0,positive,5,society_share_negative_top5,0.6413333333333333,0.011779972170296572,300,0.028346357962959753
shared,100.0,0.7,0.3,10,1.0,mixed,5,jaccard_mean_pairwise,0.12626086048454455,0.0018196014500064972,300,0.028346357962959753
shared,100.0,0.7,0.3,10,1.0,mixed,5,share_negative_mean,0.9940333333333334,0.0005021655075299425,300,0.028346357962959753
shared,100.0,0.7,0.3,10,1.0,mixed,5,share_negative_sd_across_perceivers,0.02212100899126577,0.0016685316348912735,300,0.028346357962959753
shared,100.0,0.7,0.3,10,1.0,mixed,5,prop_perceivers_majority_negative,1.0,0.0,300,0.028346357962959753
shared,100.0,0.7,0.3,10,1.0,mixed,5,hit_rate_true_differences,0.2431,0.005665732430038047,300,0.028346357962959753
shared,100.0,0.7,0.3,10,1.0,mixed,5,jaccard_with_society_top5,0.21128703703703705,0.003505794887497008,300,0.028346357962959753
shared,100.0,0.7,0.3,10,1.0,mixed,5,society_share_negative_top5,0.8893333333333332,0.008182605654854777,300,0.028346357962959753
shared,100.0,0.7,0.3,10,2.0,negative,5,jaccard_mean_pairwise,0.4386271929824568,0.004057390456988168,300,0.028346357962959753
shared,100.0,0.7,0.3,10,2.0,negative,5,share_negative_mean,1.0,0.0,300,0.028346357962959753
shared,100.0,0.7,0.3,10,2.0,negative,5,share_negative_sd_across_perceivers,0.0,0.0,300,0.028346357962959753
shared,100.0,0.7,0.3,10,2.0,negative,5,prop_perceivers_majority_negative,1.0,0.0,300,0.028346357962959753
shared,100.0,0.7,0.3,10,2.0,negative,5,hit_rate_true_differences,0.7517666666666668,0.00289497251267205,300,0.028346357962959753
shared,100.0,0.7,0.3,10,2.0,negative,5,jaccard_with_society_top5,0.6281924603174602,0.003720649574667531,300,0.028346357962959753
shared,100.0,0.7,0.3,10,2.0,negative,5,society_share_negative_top5,1.0,0.0,300,0.028346357962959753
shared,100.0,0.7,0.3,10,2.0,positive,5,jaccard_mean_pairwise,0.07446136173767742,0.0006541956283928396,300,0.028346357962959753
shared,100.0,0.7,0.3,10,2.0,positive,5,share_negative_mean,0.9726333333333333,0.0011382655480257542,300,0.028346357962959753
shared,100.0,0.7,0.3,10,2.0,positive,5,share_negative_sd_across_perceivers,0.06883235882873097,0.0020289528972326012,300,0.028346357962959753
shared,100.0,0.7,0.3,10,2.0,positive,5,prop_perceivers_majority_negative,0.9990000000000001,0.0004048204523763685,300,0.028346357962959753
shared,100.0,0.7,0.3,10,2.0,positive,5,hit_rate_true_differences,0.017633333333333334,0.0008898014175174861,300,0.028346357962959753
shared,100.0,0.7,0.3,10,2.0,positive,5,jaccard_with_society_top5,0.05139285714285715,0.0018108359808990811,300,0.028346357962959753
shared,100.0,0.7,0.3,10,2.0,positive,5,society_share_negative_top5,0.2726666666666667,0.009800613514949793,300,0.028346357962959753
shared,100.0,0.7,0.3,10,2.0,mixed,5,jaccard_mean_pairwise,0.2906773879142303,0.005641006451959447,300,0.028346357962959753
shared,100.0,0.7,0.3,10,2.0,mixed,5,share_negative_mean,0.9953333333333334,0.0005179785194027024,300,0.028346357962959753
shared,100.0,0.7,0.3,10,2.0,mixed,5,share_negative_sd_across_perceivers,0.016239227848191453,0.0015856021037418155,300,0.028346357962959753
shared,100.0,0.7,0.3,10,2.0,mixed,5,prop_perceivers_majority_negative,0.9998333333333332,0.0001666666666666668,300,0.028346357962959753
shared,100.0,0.7,0.3,10,2.0,mixed,5,hit_rate_true_differences,0.44166666666666665,0.00994060772300358,300,0.028346357962959753
shared,100.0,0.7,0.3,10,2.0,mixed,5,jaccard_with_society_top5,0.3404708994708995,0.008218617120562304,300,0.028346357962959753
shared,100.0,0.7,0.3,10,2.0,mixed,5,society_share_negative_top5,0.7133333333333334,0.012451317314300115,300,0.028346357962959753
shared,100.0,0.7,0.3,30,0.0,none,0,jaccard_mean_pairwise,0.12708402951823988,0.0015255909095505326,300,0.028346357962959753
shared,100.0,0.7,0.3,30,0.0,none,0,share_negative_mean,0.9824333333333334,0.000982135108821935,300,0.028346357962959753
shared,100.0,0.7,0.3,30,0.0,none,0,share_negative_sd_across_perceivers,0.04956615230147594,0.00206310983098503,300,0.028346357962959753
shared,100.0,0.7,0.3,30,0.0,none,0,prop_perceivers_majority_negative,0.9993333333333334,0.00033165687677074867,300,0.028346357962959753
shared,100.0,0.7,0.3,30,0.0,none,0,jaccard_with_society_top5,0.21796626984126982,0.002734914762151053,300,0.028346357962959753
shared,100.0,0.7,0.3,30,0.0,none,0,society_share_negative_top5,0.9786666666666668,0.0038120074719475,300,0.028346357962959753
shared,100.0,0.7,0.3,30,0.25,negative,5,jaccard_mean_pairwise,0.14228404344193804,0.0017839346858345305,300,0.028346357962959753
shared,100.0,0.7,0.3,30,0.25,negative,5,share_negative_mean,0.9888666666666666,0.0008233944660210543,300,0.028346357962959753
shared,100.0,0.7,0.3,30,0.25,negative,5,share_negative_sd_across_perceivers,0.03421215909001533,0.001975070614429284,300,0.028346357962959753
shared,100.0,0.7,0.3,30,0.25,negative,5,prop_perceivers_majority_negative,0.9998333333333332,0.0001666666666666668,300,0.028346357962959753
shared,100.0,0.7,0.3,30,0.25,negative,5,hit_rate_true_differences,0.21843333333333334,0.004514517233229564,300,0.028346357962959753
shared,100.0,0.7,0.3,30,0.25,negative,5,jaccard_with_society_top5,0.24332936507936503,0.002964523021012794,300,0.028346357962959753
shared,100.0,0.7,0.3,30,0.25,negative,5,society_share_negative_top5,0.994,0.001973062743206298,300,0.028346357962959753
shared,100.0,0.7,0.3,30,0.25,positive,5,jaccard_mean_pairwise,0.12572500696184893,0.0016166123483095979,300,0.028346357962959753
shared,100.0,0.7,0.3,30,0.25,positive,5,share_negative_mean,0.9781333333333333,0.0012156296645087848,300,0.028346357962959753
shared,100.0,0.7,0.3,30,0.25,positive,5,share_negative_sd_across_perceivers,0.05617073369275971,0.0022639888251070575,300,0.028346357962959753
shared,100.0,0.7,0.3,30,0.25,positive,5,prop_perceivers_majority_negative,0.9991666666666666,0.0003701767733834512,300,0.028346357962959753
shared,100.0,0.7,0.3,30,0.25,positive,5,hit_rate_true_differences,0.0063999999999999994,0.0005832290080305075,300,0.028346357962959753
shared,100.0,0.7,0.3,30,0.25,positive,5,jaccard_with_society_top5,0.21572420634920633,0.002831402925280301,300,0.028346357962959753
shared,100.0,0.7,0.3,30,0.25,positive,5,society_share_negative_top5,0.9553333333333333,0.005745888614632005,300,0.028346357962959753
shared,100.0,0.7,0.3,30,0.25,mixed,5,jaccard_mean_pairwise,0.13197514619883025,0.0015847297173657402,300,0.028346357962959753
shared,100.0,0.7,0.3,30,0.25,mixed,5,share_negative_mean,0.9849333333333334,0.0009876532474497651,300,0.028346357962959753
shared,100.0,0.7,0.3,30,0.25,mixed,5,share_negative_sd_across_perceivers,0.043172993894413814,0.002081444414067464,300,0.028346357962959753
shared,100.0,0.7,0.3,30,0.25,mixed,5,prop_perceivers_majority_negative,0.9995,0.0002877080459987895,300,0.028346357962959753
shared,100.0,0.7,0.3,30,0.25,mixed,5,hit_rate_true_differences,0.10983333333333334,0.00433452303366752,300,0.028346357962959753
shared,100.0,0.7,0.3,30,0.25,mixed,5,jaccard_with_society_top5,0.229765873015873,0.0027949726132917643,300,0.028346357962959753
shared,100.0,0.7,0.3,30,0.25,mixed,5,society_share_negative_top5,0.986,0.003098530597196262,300,0.028346357962959753
shared,100.0,0.7,0.3,30,0.5,negative,5,jaccard_mean_pairwise,0.1883507379560011,0.0026169308473853094,300,0.028346357962959753
shared,100.0,0.7,0.3,30,0.5,negative,5,share_negative_mean,0.9959333333333332,0.00042809196162805157,300,0.028346357962959753
shared,100.0,0.7,0.3,30,0.5,negative,5,share_negative_sd_across_perceivers,0.01510606538495688,0.0013769416304954545,300,0.028346357962959753
shared,100.0,0.7,0.3,30,0.5,negative,5,prop_perceivers_majority_negative,1.0,0.0,300,0.028346357962959753
shared,100.0,0.7,0.3,30,0.5,negative,5,hit_rate_true_differences,0.3911333333333334,0.0049598327131617275,300,0.028346357962959753
shared,100.0,0.7,0.3,30,0.5,negative,5,jaccard_with_society_top5,0.31118121693121686,0.0035906814576713115,300,0.028346357962959753
shared,100.0,0.7,0.3,30,0.5,negative,5,society_share_negative_top5,0.9993333333333334,0.0006666666666666664,300,0.028346357962959753
shared,100.0,0.7,0.3,30,0.5,positive,5,jaccard_mean_pairwise,0.12693539404065704,0.0014587796959654221,300,0.028346357962959753
shared,100.0,0.7,0.3,30,0.5,positive,5,share_negative_mean,0.9702000000000002,0.0014652724700106921,300,0.028346357962959753
shared,100.0,0.7,0.3,30,0.5,positive,5,share_negative_sd_across_perceivers,0.06847344538971428,0.0021685839272179938,300,0.028346357962959753
shared,100.0,0.7,0.3,30,0.5,positive,5,prop_perceivers_majority_negative,0.9995,0.0002877080459987895,300,0.028346357962959753
shared,100.0,0.7,0.3,30,0.5,positive,5,hit_rate_true_differences,0.016533333333333337,0.0009699766496440524,300,0.028346357962959753
shared,100.0,0.7,0.3,30,0.5,positive,5,jaccard_with_society_top5,0.2119160052910053,0.0028806511272454,300,0.028346357962959753
shared,100.0,0.7,0.3,30,0.5,positive,5,society_share_negative_top5,0.9019999999999999,0.0076422226771434565,300,0.028346357962959753
shared,100.0,0.7,0.3,30,0.5,mixed,5,jaccard_mean_pairwise,0.1595438596491227,0.002444464085575545,300,0.028346357962959753
shared,100.0,0.7,0.3,30,0.5,mixed,5,share_negative_mean,0.9850999999999999,0.0010436248039054278,300,0.028346357962959753
shared,100.0,0.7,0.3,30,0.5,mixed,5,share_negative_sd_across_perceivers,0.04056714579055216,0.0021356821743637377,300,0.028346357962959753
shared,100.0,0.7,0.3,30,0.5,mixed,5,prop_perceivers_majority_negative,1.0,0.0,300,0.028346357962959753
shared,100.0,0.7,0.3,30,0.5,mixed,5,hit_rate_true_differences,0.21989999999999998,0.00605704671755836,300,0.028346357962959753
shared,100.0,0.7,0.3,30,0.5,mixed,5,jaccard_with_society_top5,0.2645066137566138,0.003887795178054615,300,0.028346357962959753
shared,100.0,0.7,0.3,30,0.5,mixed,5,society_share_negative_top5,0.9660000000000001,0.005355999771872545,300,0.028346357962959753
shared,100.0,0.7,0.3,30,1.0,negative,5,jaccard_mean_pairwise,0.4464465329991653,0.005091995465017129,300,0.028346357962959753
shared,100.0,0.7,0.3,30,1.0,negative,5,share_negative_mean,0.9995999999999999,0.00011332611951597263,300,0.028346357962959753
shared,100.0,0.7,0.3,30,1.0,negative,5,share_negative_sd_across_perceivers,0.0017888543819998314,0.0005068098137279602,300,0.028346357962959753
shared,100.0,0.7,0.3,30,1.0,negative,5,prop_perceivers_majority_negative,1.0,0.0,300,0.028346357962959753
shared,100.0,0.7,0.3,30,1.0,negative,5,hit_rate_true_differences,0.7288000000000001,0.004124819512283977,300,0.028346357962959753
shared,100.0,0.7,0.3,30,1.0,negative,5,jaccard_with_society_top5,0.6008968253968253,0.004935500503435659,300,0.028346357962959753
shared,100.0,0.7,0.3,30,1.0,negative,5,society_share_negative_top5,1.0,0.0,300,0.028346357962959753
shared,100.0,0.7,0.3,30,1.0,positive,5,jaccard_mean_pairwise,0.12057024505708701,0.0015142075437294736,300,0.028346357962959753
shared,100.0,0.7,0.3,30,1.0,positive,5,share_negative_mean,0.9280333333333333,0.0026276542914616136,300,0.028346357962959753
shared,100.0,0.7,0.3,30,1.0,positive,5,share_negative_sd_across_perceivers,0.11078463029687856,0.0023410653568767255,300,0.028346357962959753
shared,100.0,0.7,0.3,30,1.0,positive,5,prop_perceivers_majority_negative,0.9926666666666667,0.0012442360604846378,300,0.028346357962959753
shared,100.0,0.7,0.3,30,1.0,positive,5,hit_rate_true_differences,0.061533333333333336,0.002325983007849724,300,0.028346357962959753
shared,100.0,0.7,0.3,30,1.0,positive,5,jaccard_with_society_top5,0.17674735449735451,0.003101048022823397,300,0.028346357962959753
shared,100.0,0.7,0.3,30,1.0,positive,5,society_share_negative_top5,0.6313333333333333,0.012734081004390706,300,0.028346357962959753
shared,100.0,0.7,0.3,30,1.0,mixed,5,jaccard_mean_pairwise,0.29545697577276553,0.0056507567684696575,300,0.028346357962959753
shared,100.0,0.7,0.3,30,1.0,mixed,5,share_negative_mean,0.9838,0.001372073758625292,300,0.028346357962959753
shared,100.0,0.7,0.3,30,1.0,mixed,5,share_negative_sd_across_perceivers,0.04002974449029429,0.002271594782520615,300,0.028346357962959753
shared,100.0,0.7,0.3,30,1.0,mixed,5,prop_perceivers_majority_negative,0.9998333333333332,0.00016666666666666677,300,0.028346357962959753
shared,100.0,0.7,0.3,30,1.0,mixed,5,hit_rate_true_differences,0.4119000000000001,0.009344882764954673,300,0.028346357962959753
shared,100.0,0.7,0.3,30,1.0,mixed,5,jaccard_with_society_top5,0.38678968253968254,0.006867882261355504,300,0.028346357962959753
shared,100.0,0.7,0.3,30,1.0,mixed,5,society_share_negative_top5,0.8759999999999999,0.00877515495484868,300,0.028346357962959753
shared,100.0,0.7,0.3,30,2.0,negative,5,jaccard_mean_pairwise,0.9564446532999162,0.002947647585331907,300,0.028346357962959753
shared,100.0,0.7,0.3,30,2.0,negative,5,share_negative_mean,1.0,0.0,300,0.028346357962959753
shared,100.0,0.7,0.3,30,2.0,negative,5,share_negative_sd_across_perceivers,0.0,0.0,300,0.028346357962959753
shared,100.0,0.7,0.3,30,2.0,negative,5,prop_perceivers_majority_negative,1.0,0.0,300,0.028346357962959753
shared,100.0,0.7,0.3,30,2.0,negative,5,hit_rate_true_differences,0.9862000000000001,0.0009919857229166433,300,0.028346357962959753
shared,100.0,0.7,0.3,30,2.0,negative,5,jaccard_with_society_top5,0.977079365079365,0.0016365750302129592,300,0.028346357962959753
shared,100.0,0.7,0.3,30,2.0,negative,5,society_share_negative_top5,1.0,0.0,300,0.028346357962959753
shared,100.0,0.7,0.3,30,2.0,positive,5,jaccard_mean_pairwise,0.12669604566972972,0.0015836346500694898,300,0.028346357962959753
shared,100.0,0.7,0.3,30,2.0,positive,5,share_negative_mean,0.8132000000000001,0.004239391639324197,300,0.028346357962959753
shared,100.0,0.7,0.3,30,2.0,positive,5,share_negative_sd_across_perceivers,0.17181753677712167,0.0020725536338015074,300,0.028346357962959753
shared,100.0,0.7,0.3,30,2.0,positive,5,prop_perceivers_majority_negative,0.9371666666666668,0.0039338052170504135,300,0.028346357962959753
shared,100.0,0.7,0.3,30,2.0,positive,5,hit_rate_true_differences,0.1834666666666667,0.004182826633670465,300,0.028346357962959753
shared,100.0,0.7,0.3,30,2.0,positive,5,jaccard_with_society_top5,0.17986375661375661,0.00303610575885626,300,0.028346357962959753
shared,100.0,0.7,0.3,30,2.0,positive,5,society_share_negative_top5,0.26866666666666666,0.010965368951353905,300,0.028346357962959753
shared,100.0,0.7,0.3,30,2.0,mixed,5,jaccard_mean_pairwise,0.4340188666109725,0.009844562916241022,300,0.028346357962959753
shared,100.0,0.7,0.3,30,2.0,mixed,5,share_negative_mean,0.9574666666666667,0.0030860470446749865,300,0.028346357962959753
shared,100.0,0.7,0.3,30,2.0,mixed,5,share_negative_sd_across_perceivers,0.065815400122669,0.003148004596426847,300,0.028346357962959753
shared,100.0,0.7,0.3,30,2.0,mixed,5,prop_perceivers_majority_negative,0.9971666666666668,0.0007836943829810295,300,0.028346357962959753
shared,100.0,0.7,0.3,30,2.0,mixed,5,hit_rate_true_differences,0.5485666666666666,0.009880153449281302,300,0.028346357962959753
shared,100.0,0.7,0.3,30,2.0,mixed,5,jaccard_with_society_top5,0.46452711640211636,0.009771201597066397,300,0.028346357962959753
shared,100.0,0.7,0.3,30,2.0,mixed,5,society_share_negative_top5,0.7,0.012403473458920844,300,0.028346357962959753
shared,100.0,0.7,0.3,100,0.0,none,0,jaccard_mean_pairwise,0.9951929824561402,0.0016896840881171229,300,0.028346357962959753
shared,100.0,0.7,0.3,100,0.0,none,0,share_negative_mean,0.9793333333333334,0.0037655166405713707,300,0.028346357962959753
shared,100.0,0.7,0.3,100,0.0,none,0,share_negative_sd_across_perceivers,1.1010959629435162e-17,1.9465932929638466e-18,300,0.028346357962959753
shared,100.0,0.7,0.3,100,0.0,none,0,prop_perceivers_majority_negative,1.0,0.0,300,0.028346357962959753
shared,100.0,0.7,0.3,100,0.0,none,0,jaccard_with_society_top5,0.9952222222222222,0.0016891338397342737,300,0.028346357962959753
shared,100.0,0.7,0.3,100,0.0,none,0,society_share_negative_top5,0.9793333333333334,0.003765516640571372,300,0.028346357962959753
shared,100.0,0.7,0.3,100,0.25,negative,5,jaccard_mean_pairwise,0.997187134502924,0.0012500964985406105,300,0.028346357962959753
shared,100.0,0.7,0.3,100,0.25,negative,5,share_negative_mean,0.9973333333333333,0.0013266275070829925,300,0.028346357962959753
shared,100.0,0.7,0.3,100,0.25,negative,5,share_negative_sd_across_perceivers,1.5187530523358845e-18,7.55557340885641e-19,300,0.028346357962959753
shared,100.0,0.7,0.3,100,0.25,negative,5,prop_perceivers_majority_negative,1.0,0.0,300,0.028346357962959753
shared,100.0,0.7,0.3,100,0.25,negative,5,hit_rate_true_differences,0.3464,0.011001424859576784,300,0.028346357962959753
shared,100.0,0.7,0.3,100,0.25,negative,5,jaccard_with_society_top5,0.9967222222222222,0.0014590031817948127,300,0.028346357962959753
shared,100.0,0.7,0.3,100,0.25,negative,5,society_share_negative_top5,0.9973333333333333,0.001326627507082993,300,0.028346357962959753
shared,100.0,0.7,0.3,100,0.25,positive,5,jaccard_mean_pairwise,0.9982573099415204,0.001002783308976475,300,0.028346357962959753
shared,100.0,0.7,0.3,100,0.25,positive,5,share_negative_mean,0.9620000000000001,0.00526531317719636,300,0.028346357962959753
shared,100.0,0.7,0.3,100,0.25,positive,5,share_negative_sd_across_perceivers,1.8604724891114586e-17,2.435154267358643e-18,300,0.028346357962959753
shared,100.0,0.7,0.3,100,0.25,positive,5,prop_perceivers_majority_negative,1.0,0.0,300,0.028346357962959753
shared,100.0,0.7,0.3,100,0.25,positive,5,hit_rate_true_differences,0.01866666666666667,0.003364624589021256,300,0.028346357962959753
shared,100.0,0.7,0.3,100,0.25,positive,5,jaccard_with_society_top5,0.9984444444444444,0.0008962441876148232,300,0.028346357962959753
shared,100.0,0.7,0.3,100,0.25,positive,5,society_share_negative_top5,0.9620000000000001,0.005265313177196361,300,0.028346357962959753
shared,100.0,0.7,0.3,100,0.25,mixed,5,jaccard_mean_pairwise,0.9972046783625731,0.0012441616909082153,300,0.028346357962959753
shared,100.0,0.7,0.3,100,0.25,mixed,5,share_negative_mean,0.9786666666666668,0.004148130452440534,300,0.028346357962959753
shared,100.0,0.7,0.3,100,0.25,mixed,5,share_negative_sd_across_perceivers,1.0251583103267221e-17,1.88518850895896e-18,300,0.028346357962959753
shared,100.0,0.7,0.3,100,0.25,mixed,5,prop_perceivers_majority_negative,1.0,0.0,300,0.028346357962959753
shared,100.0,0.7,0.3,100,0.25,mixed,5,hit_rate_true_differences,0.20096666666666665,0.009866341817244164,300,0.028346357962959753
shared,100.0,0.7,0.3,100,0.25,mixed,5,jaccard_with_society_top5,0.9973333333333333,0.00121195988926804,300,0.028346357962959753
shared,100.0,0.7,0.3,100,0.25,mixed,5,society_share_negative_top5,0.9786666666666668,0.004148130452440534,300,0.028346357962959753
shared,100.0,0.7,0.3,100,0.5,negative,5,jaccard_mean_pairwise,0.9971929824561403,0.001249385432961665,300,0.028346357962959753
shared,100.0,0.7,0.3,100,0.5,negative,5,share_negative_mean,0.9973333333333333,0.0013266275070829923,300,0.028346357962959753
shared,100.0,0.7,0.3,100,0.5,negative,5,share_negative_sd_across_perceivers,1.5187530523358845e-18,7.555573408856409e-19,300,0.028346357962959753
shared,100.0,0.7,0.3,100,0.5,negative,5,prop_perceivers_majority_negative,1.0,0.0,300,0.028346357962959753
shared,100.0,0.7,0.3,100,0.5,negative,5,hit_rate_true_differences,0.6717333333333333,0.010516271125250836,300,0.028346357962959753
shared,100.0,0.7,0.3,100,0.5,negative,5,jaccard_with_society_top5,0.9973333333333333,0.0012094020376782258,300,0.028346357962959753
shared,100.0,0.7,0.3,100,0.5,negative,5,society_share_negative_top5,0.9973333333333333,0.001326627507082993,300,0.028346357962959753
shared,100.0,0.7,0.3,100,0.5,positive,5,jaccard_mean_pairwise,0.9956725146198829,0.0015149060954153405,300,0.028346357962959753
shared,100.0,0.7,0.3,100,0.5,positive,5,share_negative_mean,0.8977333333333333,0.007808221567239663,300,0.028346357962959753
shared,100.0,0.7,0.3,100,0.5,positive,5,share_negative_sd_across_perceivers,0.00033508312663340327,0.00033508312663335627,300,0.028346357962959753
shared,100.0,0.7,0.3,100,0.5,positive,5,prop_perceivers_majority_negative,0.99,0.005754160919975787,300,0.028346357962959753
shared,100.0,0.7,0.3,100,0.5,positive,5,hit_rate_true_differences,0.09093333333333334,0.007380212982297016,300,0.028346357962959753
shared,100.0,0.7,0.3,100,0.5,positive,5,jaccard_with_society_top5,0.9958888888888888,0.0014950128360622583,300,0.028346357962959753
shared,100.0,0.7,0.3,100,0.5,positive,5,society_share_negative_top5,0.8979999999999999,0.007815315267558092,300,0.028346357962959753
shared,100.0,0.7,0.3,100,0.5,mixed,5,jaccard_mean_pairwise,0.9986959064327485,0.0009361229210875147,300,0.028346357962959753
shared,100.0,0.7,0.3,100,0.5,mixed,5,share_negative_mean,0.9686666666666668,0.004890628385514738,300,0.028346357962959753
shared,100.0,0.7,0.3,100,0.5,mixed,5,share_negative_sd_across_perceivers,1.537737465490083e-17,2.243017193142979e-18,300,0.028346357962959753
shared,100.0,0.7,0.3,100,0.5,mixed,5,prop_perceivers_majority_negative,0.9966666666666667,0.003333333333333333,300,0.028346357962959753
shared,100.0,0.7,0.3,100,0.5,mixed,5,hit_rate_true_differences,0.4086666666666666,0.01153612264167925,300,0.028346357962959753
shared,100.0,0.7,0.3,100,0.5,mixed,5,jaccard_with_society_top5,0.9988333333333332,0.0008684178916768227,300,0.028346357962959753
shared,100.0,0.7,0.3,100,0.5,mixed,5,society_share_negative_top5,0.9686666666666668,0.00489062838551474,300,0.028346357962959753
shared,100.0,0.7,0.3,100,1.0,negative,5,jaccard_mean_pairwise,1.0,0.0,300,0.028346357962959753
shared,100.0,0.7,0.3,100,1.0,negative,5,share_negative_mean,1.0,0.0,300,0.028346357962959753
shared,100.0,0.7,0.3,100,1.0,negative,5,share_negative_sd_across_perceivers,0.0,0.0,300,0.028346357962959753
shared,100.0,0.7,0.3,100,1.0,negative,5,prop_perceivers_majority_negative,1.0,0.0,300,0.028346357962959753
shared,100.0,0.7,0.3,100,1.0,negative,5,hit_rate_true_differences,0.9813333333333333,0.003364624589021253,300,0.028346357962959753
shared,100.0,0.7,0.3,100,1.0,negative,5,jaccard_with_society_top5,1.0,0.0,300,0.028346357962959753
shared,100.0,0.7,0.3,100,1.0,negative,5,society_share_negative_top5,1.0,0.0,300,0.028346357962959753
shared,100.0,0.7,0.3,100,1.0,positive,5,jaccard_mean_pairwise,0.9982982456140352,0.0009793219762679521,300,0.028346357962959753
shared,100.0,0.7,0.3,100,1.0,positive,5,share_negative_mean,0.6243666666666666,0.01201725796667162,300,0.028346357962959753
shared,100.0,0.7,0.3,100,1.0,positive,5,share_negative_sd_across_perceivers,0.0003402785236894462,0.00034027852368936006,300,0.028346357962959753
shared,100.0,0.7,0.3,100,1.0,positive,5,prop_perceivers_majority_negative,0.7366666666666667,0.025471401031969182,300,0.028346357962959753
shared,100.0,0.7,0.3,100,1.0,positive,5,hit_rate_true_differences,0.3756333333333333,0.012017257966671618,300,0.028346357962959753
shared,100.0,0.7,0.3,100,1.0,positive,5,jaccard_with_society_top5,0.9986111111111112,0.0008004795932273207,300,0.028346357962959753
shared,100.0,0.7,0.3,100,1.0,positive,5,society_share_negative_top5,0.6246666666666666,0.012028147342895973,300,0.028346357962959753
shared,100.0,0.7,0.3,100,1.0,mixed,5,jaccard_mean_pairwise,0.9972690058479532,0.0012152771419467042,300,0.028346357962959753
shared,100.0,0.7,0.3,100,1.0,mixed,5,share_negative_mean,0.8799333333333333,0.009289832532404386,300,0.028346357962959753
shared,100.0,0.7,0.3,100,1.0,mixed,5,share_negative_sd_across_perceivers,0.0006485246906211551,0.00045806525824496465,300,0.028346357962959753
shared,100.0,0.7,0.3,100,1.0,mixed,5,prop_perceivers_majority_negative,0.9666666666666667,0.010381070730216603,300,0.028346357962959753
shared,100.0,0.7,0.3,100,1.0,mixed,5,hit_rate_true_differences,0.6220666666666665,0.01021503398725782,300,0.028346357962959753
shared,100.0,0.7,0.3,100,1.0,mixed,5,jaccard_with_society_top5,0.997388888888889,0.0012008150266334164,300,0.028346357962959753
shared,100.0,0.7,0.3,100,1.0,mixed,5,society_share_negative_top5,0.8793333333333332,0.009296231400196813,300,0.028346357962959753
shared,100.0,0.7,0.3,100,2.0,negative,5,jaccard_mean_pairwise,1.0,0.0,300,0.028346357962959753
shared,100.0,0.7,0.3,100,2.0,negative,5,share_negative_mean,1.0,0.0,300,0.028346357962959753
shared,100.0,0.7,0.3,100,2.0,negative,5,share_negative_sd_across_perceivers,0.0,0.0,300,0.028346357962959753
shared,100.0,0.7,0.3,100,2.0,negative,5,prop_perceivers_majority_negative,1.0,0.0,300,0.028346357962959753
shared,100.0,0.7,0.3,100,2.0,negative,5,hit_rate_true_differences,1.0,0.0,300,0.028346357962959753
shared,100.0,0.7,0.3,100,2.0,negative,5,jaccard_with_society_top5,1.0,0.0,300,0.028346357962959753
shared,100.0,0.7,0.3,100,2.0,negative,5,society_share_negative_top5,1.0,0.0,300,0.028346357962959753
shared,100.0,0.7,0.3,100,2.0,positive,5,jaccard_mean_pairwise,0.997953216374269,0.0010239071859001819,300,0.028346357962959753
shared,100.0,0.7,0.3,100,2.0,positive,5,share_negative_mean,0.26513333333333333,0.010133388341105169,300,0.028346357962959753
shared,100.0,0.7,0.3,100,2.0,positive,5,share_negative_sd_across_perceivers,0.0003134415639877916,0.0003134415639877513,300,0.028346357962959753
shared,100.0,0.7,0.3,100,2.0,positive,5,prop_perceivers_majority_negative,0.09666666666666666,0.017089399227609183,300,0.028346357962959753
shared,100.0,0.7,0.3,100,2.0,positive,5,hit_rate_true_differences,0.7348666666666666,0.010133388341105172,300,0.028346357962959753
shared,100.0,0.7,0.3,100,2.0,positive,5,jaccard_with_society_top5,0.9978888888888889,0.0011201601048759786,300,0.028346357962959753
shared,100.0,0.7,0.3,100,2.0,positive,5,society_share_negative_top5,0.2653333333333333,0.010127100118939596,300,0.028346357962959753
shared,100.0,0.7,0.3,100,2.0,mixed,5,jaccard_mean_pairwise,1.0,0.0,300,0.028346357962959753
shared,100.0,0.7,0.3,100,2.0,mixed,5,share_negative_mean,0.6739999999999999,0.0130845803536961,300,0.028346357962959753
shared,100.0,0.7,0.3,100,2.0,mixed,5,share_negative_sd_across_perceivers,7.802593806375608e-17,2.682083851334788e-18,300,0.028346357962959753
shared,100.0,0.7,0.3,100,2.0,mixed,5,prop_perceivers_majority_negative,0.7833333333333333,0.023825046699671875,300,0.028346357962959753
shared,100.0,0.7,0.3,100,2.0,mixed,5,hit_rate_true_differences,0.8333333333333334,0.007835165468039397,300,0.028346357962959753
shared,100.0,0.7,0.3,100,2.0,mixed,5,jaccard_with_society_top5,1.0,0.0,300,0.028346357962959753
shared,100.0,0.7,0.3,100,2.0,mixed,5,society_share_negative_top5,0.6739999999999999,0.0130845803536961,300,0.028346357962959753
shared,100.0,0.8,0.2,10,0.0,none,0,jaccard_mean_pairwise,0.07995551378446104,0.0006429311793755803,300,0.028346357962959753
shared,100.0,0.8,0.2,10,0.0,none,0,share_negative_mean,0.9999666666666667,3.3333333333333355e-05,300,0.028346357962959753
shared,100.0,0.8,0.2,10,0.0,none,0,share_negative_sd_across_perceivers,0.00014907119849998595,0.00014907119849998592,300,0.028346357962959753
shared,100.0,0.8,0.2,10,0.0,none,0,prop_perceivers_majority_negative,1.0,0.0,300,0.028346357962959753
shared,100.0,0.8,0.2,10,0.0,none,0,jaccard_with_society_top5,0.13696759259259259,0.001650473209582911,300,0.028346357962959753
shared,100.0,0.8,0.2,10,0.0,none,0,society_share_negative_top5,0.9993333333333334,0.0006666666666666664,300,0.028346357962959753
shared,100.0,0.8,0.2,10,0.25,negative,5,jaccard_mean_pairwise,0.08100737956001103,0.0006393023716824496,300,0.028346357962959753
shared,100.0,0.8,0.2,10,0.25,negative,5,share_negative_mean,0.9999666666666667,3.3333333333333355e-05,300,0.028346357962959753
shared,100.0,0.8,0.2,10,0.25,negative,5,share_negative_sd_across_perceivers,0.00014907119849998595,0.00014907119849998592,300,0.028346357962959753
shared,100.0,0.8,0.2,10,0.25,negative,5,prop_perceivers_majority_negative,1.0,0.0,300,0.028346357962959753
shared,100.0,0.8,0.2,10,0.25,negative,5,hit_rate_true_differences,0.15456666666666669,0.0026599210947690953,300,0.028346357962959753
shared,100.0,0.8,0.2,10,0.25,negative,5,jaccard_with_society_top5,0.141026455026455,0.0017492402337308138,300,0.028346357962959753
shared,100.0,0.8,0.2,10,0.25,negative,5,society_share_negative_top5,1.0,0.0,300,0.028346357962959753
shared,100.0,0.8,0.2,10,0.25,positive,5,jaccard_mean_pairwise,0.0799522417153995,0.0006647220645342397,300,0.028346357962959753
shared,100.0,0.8,0.2,10,0.25,positive,5,share_negative_mean,1.0,0.0,300,0.028346357962959753
shared,100.0,0.8,0.2,10,0.25,positive,5,share_negative_sd_across_perceivers,0.0,0.0,300,0.028346357962959753
shared,100.0,0.8,0.2,10,0.25,positive,5,prop_perceivers_majority_negative,1.0,0.0,300,0.028346357962959753
shared,100.0,0.8,0.2,10,0.25,positive,5,hit_rate_true_differences,0.0,0.0,300,0.028346357962959753
shared,100.0,0.8,0.2,10,0.25,positive,5,jaccard_with_society_top5,0.1380542328042328,0.0017915792709355686,300,0.028346357962959753
shared,100.0,0.8,0.2,10,0.25,positive,5,society_share_negative_top5,1.0,0.0,300,0.028346357962959753
shared,100.0,0.8,0.2,10,0.25,mixed,5,jaccard_mean_pairwise,0.08098022834864929,0.0006860521213917081,300,0.028346357962959753
shared,100.0,0.8,0.2,10,0.25,mixed,5,share_negative_mean,0.9999333333333333,4.706155586970113e-05,300,0.028346357962959753
shared,100.0,0.8,0.2,10,0.25,mixed,5,share_negative_sd_across_perceivers,0.0002981423969999719,0.0002104656761031117,300,0.028346357962959753
shared,100.0,0.8,0.2,10,0.25,mixed,5,prop_perceivers_majority_negative,1.0,0.0,300,0.028346357962959753
shared,100.0,0.8,0.2,10,0.25,mixed,5,hit_rate_true_differences,0.08016666666666668,0.00280128109462239,300,0.028346357962959753
shared,100.0,0.8,0.2,10,0.25,mixed,5,jaccard_with_society_top5,0.13978769841269842,0.001797565799905468,300,0.028346357962959753
shared,100.0,0.8,0.2,10,0.25,mixed,5,society_share_negative_top5,1.0,0.0,300,0.028346357962959753
shared,100.0,0.8,0.2,10,0.5,negative,5,jaccard_mean_pairwise,0.09016590086326916,0.0009026342520517916,300,0.028346357962959753
shared,100.0,0.8,0.2,10,0.5,negative,5,share_negative_mean,1.0,0.0,300,0.028346357962959753
shared,100.0,0.8,0.2,10,0.5,negative,5,share_negative_sd_across_perceivers,0.0,0.0,300,0.028346357962959753
shared,100.0,0.8,0.2,10,0.5,negative,5,prop_perceivers_majority_negative,1.0,0.0,300,0.028346357962959753
shared,100.0,0.8,0.2,10,0.5,negative,5,hit_rate_true_differences,0.22696666666666668,0.003159349640726667,300,0.028346357962959753
shared,100.0,0.8,0.2,10,0.5,negative,5,jaccard_with_society_top5,0.16161970899470898,0.0019794194163375027,300,0.028346357962959753
shared,100.0,0.8,0.2,10,0.5,negative,5,society_share_negative_top5,1.0,0.0,300,0.028346357962959753
shared,100.0,0.8,0.2,10,0.5,positive,5,jaccard_mean_pairwise,0.079709969367864,0.0006104679670931497,300,0.028346357962959753
shared,100.0,0.8,0.2,10,0.5,positive,5,share_negative_mean,0.9999333333333333,4.706155586970113e-05,300,0.028346357962959753
shared,100.0,0.8,0.2,10,0.5,positive,5,share_negative_sd_across_perceivers,0.0002981423969999719,0.00021046567610311171,300,0.028346357962959753
shared,100.0,0.8,0.2,10,0.5,positive,5,prop_perceivers_majority_negative,1.0,0.0,300,0.028346357962959753
shared,100.0,0.8,0.2,10,0.5,positive,5,hit_rate_true_differences,0.0,0.0,300,0.028346357962959753
shared,100.0,0.8,0.2,10,0.5,positive,5,jaccard_with_society_top5,0.1401931216931217,0.0016421951458339026,300,0.028346357962959753
shared,100.0,0.8,0.2,10,0.5,positive,5,society_share_negative_top5,0.9993333333333334,0.0006666666666666662,300,0.028346357962959753
shared,100.0,0.8,0.2,10,0.5,mixed,5,jaccard_mean_pairwise,0.08595648844333044,0.0008350741429058513,300,0.028346357962959753
shared,100.0,0.8,0.2,10,0.5,mixed,5,share_negative_mean,1.0,0.0,300,0.028346357962959753
shared,100.0,0.8,0.2,10,0.5,mixed,5,share_negative_sd_across_perceivers,0.0,0.0,300,0.028346357962959753
shared,100.0,0.8,0.2,10,0.5,mixed,5,prop_perceivers_majority_negative,1.0,0.0,300,0.028346357962959753
shared,100.0,0.8,0.2,10,0.5,mixed,5,hit_rate_true_differences,0.12096666666666668,0.0038098909979911192,300,0.028346357962959753
shared,100.0,0.8,0.2,10,0.5,mixed,5,jaccard_with_society_top5,0.153255291005291,0.0019835792703114686,300,0.028346357962959753
shared,100.0,0.8,0.2,10,0.5,mixed,5,society_share_negative_top5,0.9993333333333334,0.0006666666666666663,300,0.028346357962959753
shared,100.0,0.8,0.2,10,1.0,negative,5,jaccard_mean_pairwise,0.14689919242550808,0.0017224981438512751,300,0.028346357962959753
shared,100.0,0.8,0.2,10,1.0,negative,5,share_negative_mean,1.0,0.0,300,0.028346357962959753
shared,100.0,0.8,0.2,10,1.0,negative,5,share_negative_sd_across_perceivers,0.0,0.0,300,0.028346357962959753
shared,100.0,0.8,0.2,10,1.0,negative,5,prop_perceivers_majority_negative,1.0,0.0,300,0.028346357962959753
shared,100.0,0.8,0.2,10,1.0,negative,5,hit_rate_true_differences,0.4043,0.0035005223371979565,300,0.028346357962959753
shared,100.0,0.8,0.2,10,1.0,negative,5,jaccard_with_society_top5,0.2737103174603175,0.0027886281265460137,300,0.028346357962959753
shared,100.0,0.8,0.2,10,1.0,negative,5,society_share_negative_top5,1.0,0.0,300,0.028346357962959753
shared,100.0,0.8,0.2,10,1.0,positive,5,jaccard_mean_pairwise,0.07919848231690327,0.0006476132202506605,300,0.028346357962959753
shared,100.0,0.8,0.2,10,1.0,positive,5,share_negative_mean,0.9999666666666667,3.333333333333335e-05,300,0.028346357962959753
shared,100.0,0.8,0.2,10,1.0,positive,5,share_negative_sd_across_perceivers,0.00014907119849998595,0.0001490711984999859,300,0.028346357962959753
shared,100.0,0.8,0.2,10,1.0,positive,5,prop_perceivers_majority_negative,1.0,0.0,300,0.028346357962959753
shared,100.0,0.8,0.2,10,1.0,positive,5,hit_rate_true_differences,0.0,0.0,300,0.028346357962959753
shared,100.0,0.8,0.2,10,1.0,positive,5,jaccard_with_society_top5,0.13323015873015873,0.00181215722869898,300,0.028346357962959753
shared,100.0,0.8,0.2,10,1.0,positive,5,society_share_negative_top5,0.984,0.0032768911497913413,300,0.028346357962959753
shared,100.0,0.8,0.2,10,1.0,mixed,5,jaccard_mean_pairwise,0.11796915900863254,0.001701314169808533,300,0.028346357962959753
shared,100.0,0.8,0.2,10,1.0,mixed,5,share_negative_mean,1.0,0.0,300,0.028346357962959753
shared,100.0,0.8,0.2,10,1.0,mixed,5,share_negative_sd_across_perceivers,0.0,0.0,300,0.028346357962959753
shared,100.0,0.8,0.2,10,1.0,mixed,5,prop_perceivers_majority_negative,1.0,0.0,300,0.028346357962959753
shared,100.0,0.8,0.2,10,1.0,mixed,5,hit_rate_true_differences,0.21546666666666672,0.006091676674939582,300,0.028346357962959753
shared,100.0,0.8,0.2,10,1.0,mixed,5,jaccard_with_society_top5,0.21186838624338625,0.003018972888447873,300,0.028346357962959753
shared,100.0,0.8,0.2,10,1.0,mixed,5,society_share_negative_top5,1.0,0.0,300,0.028346357962959753
shared,100.0,0.8,0.2,10,2.0,negative,5,jaccard_mean_pairwise,0.4285552770815935,0.00372650770724706,300,0.028346357962959753
shared,100.0,0.8,0.2,10,2.0,negative,5,share_negative_mean,1.0,0.0,300,0.028346357962959753
shared,100.0,0.8,0.2,10,2.0,negative,5,share_negative_sd_across_perceivers,0.0,0.0,300,0.028346357962959753
shared,100.0,0.8,0.2,10,2.0,negative,5,prop_perceivers_majority_negative,1.0,0.0,300,0.028346357962959753
shared,100.0,0.8,0.2,10,2.0,negative,5,hit_rate_true_differences,0.7450666666666668,0.002598985023282146,300,0.028346357962959753
shared,100.0,0.8,0.2,10,2.0,negative,5,jaccard_with_society_top5,0.6184265873015873,0.0033753004385039106,300,0.028346357962959753
shared,100.0,0.8,0.2,10,2.0,negative,5,society_share_negative_top5,1.0,0.0,300,0.028346357962959753
shared,100.0,0.8,0.2,10,2.0,positive,5,jaccard_mean_pairwise,0.07949958228905586,0.0006369180974534508,300,0.028346357962959753
shared,100.0,0.8,0.2,10,2.0,positive,5,share_negative_mean,1.0,0.0,300,0.028346357962959753
shared,100.0,0.8,0.2,10,2.0,positive,5,share_negative_sd_across_perceivers,0.0,0.0,300,0.028346357962959753
shared,100.0,0.8,0.2,10,2.0,positive,5,prop_perceivers_majority_negative,1.0,0.0,300,0.028346357962959753
shared,100.0,0.8,0.2,10,2.0,positive,5,hit_rate_true_differences,0.0,0.0,300,0.028346357962959753
shared,100.0,0.8,0.2,10,2.0,positive,5,jaccard_with_society_top5,0.13090873015873017,0.0018526355267889888,300,0.028346357962959753
shared,100.0,0.8,0.2,10,2.0,positive,5,society_share_negative_top5,0.94,0.007098604758727188,300,0.028346357962959753
shared,100.0,0.8,0.2,10,2.0,mixed,5,jaccard_mean_pairwise,0.28197841826789216,0.00538459236225757,300,0.028346357962959753
shared,100.0,0.8,0.2,10,2.0,mixed,5,share_negative_mean,1.0,0.0,300,0.028346357962959753
shared,100.0,0.8,0.2,10,2.0,mixed,5,share_negative_sd_across_perceivers,0.0,0.0,300,0.028346357962959753
shared,100.0,0.8,0.2,10,2.0,mixed,5,prop_perceivers_majority_negative,1.0,0.0,300,0.028346357962959753
shared,100.0,0.8,0.2,10,2.0,mixed,5,hit_rate_true_differences,0.4277333333333334,0.009848042019809398,300,0.028346357962959753
shared,100.0,0.8,0.2,10,2.0,mixed,5,jaccard_with_society_top5,0.36881547619047617,0.006833682986315608,300,0.028346357962959753
shared,100.0,0.8,0.2,10,2.0,mixed,5,society_share_negative_top5,0.9906666666666666,0.0029372225154960553,300,0.028346357962959753
shared,100.0,0.8,0.2,30,0.0,none,0,jaccard_mean_pairwise,0.13323872180451113,0.0014773985598079346,300,0.028346357962959753
shared,100.0,0.8,0.2,30,0.0,none,0,share_negative_mean,0.9998666666666668,6.633137535414974e-05,300,0.028346357962959753
shared,100.0,0.8,0.2,30,0.0,none,0,share_negative_sd_across_perceivers,0.0005962847939999438,0.0002966429286658657,300,0.028346357962959753
shared,100.0,0.8,0.2,30,0.0,none,0,prop_perceivers_majority_negative,1.0,0.0,300,0.028346357962959753
shared,100.0,0.8,0.2,30,0.0,none,0,jaccard_with_society_top5,0.2279219576719577,0.002528938864688005,300,0.028346357962959753
shared,100.0,0.8,0.2,30,0.0,none,0,society_share_negative_top5,0.9993333333333334,0.0006666666666666663,300,0.028346357962959753
shared,100.0,0.8,0.2,30,0.25,negative,5,jaccard_mean_pairwise,0.1414337928153716,0.0015928766894297345,300,0.028346357962959753
shared,100.0,0.8,0.2,30,0.25,negative,5,share_negative_mean,0.9999666666666667,3.333333333333335e-05,300,0.028346357962959753
shared,100.0,0.8,0.2,30,0.25,negative,5,share_negative_sd_across_perceivers,0.00014907119849998595,0.00014907119849998592,300,0.028346357962959753
shared,100.0,0.8,0.2,30,0.25,negative,5,prop_perceivers_majority_negative,1.0,0.0,300,0.028346357962959753
shared,100.0,0.8,0.2,30,0.25,negative,5,hit_rate_true_differences,0.21566666666666667,0.004140733117983627,300,0.028346357962959753
shared,100.0,0.8,0.2,30,0.25,negative,5,jaccard_with_society_top5,0.24375396825396825,0.002649817440936306,300,0.028346357962959753
shared,100.0,0.8,0.2,30,0.25,negative,5,society_share_negative_top5,1.0,0.0,300,0.028346357962959753
shared,100.0,0.8,0.2,30,0.25,positive,5,jaccard_mean_pairwise,0.13447709551656903,0.001580721313562107,300,0.028346357962959753
shared,100.0,0.8,0.2,30,0.25,positive,5,share_negative_mean,0.9998333333333335,7.403535467669022e-05,300,0.028346357962959753
shared,100.0,0.8,0.2,30,0.25,positive,5,share_negative_sd_across_perceivers,0.0007453559924999297,0.0003310961715907722,300,0.028346357962959753
shared,100.0,0.8,0.2,30,0.25,positive,5,prop_perceivers_majority_negative,1.0,0.0,300,0.028346357962959753
shared,100.0,0.8,0.2,30,0.25,positive,5,hit_rate_true_differences,6.666666666666667e-05,4.7061555869701094e-05,300,0.028346357962959753
shared,100.0,0.8,0.2,30,0.25,positive,5,jaccard_with_society_top5,0.2319821428571428,0.0026129635451333268,300,0.028346357962959753
shared,100.0,0.8,0.2,30,0.25,positive,5,society_share_negative_top5,1.0,0.0,300,0.028346357962959753
shared,100.0,0.8,0.2,30,0.25,mixed,5,jaccard_mean_pairwise,0.13658973823447493,0.001678050751012073,300,0.028346357962959753
shared,100.0,0.8,0.2,30,0.25,mixed,5,share_negative_mean,0.9999333333333333,4.7061555869701135e-05,300,0.028346357962959753
shared,100.0,0.8,0.2,30,0.25,mixed,5,share_negative_sd_across_perceivers,0.0002981423969999719,0.00021046567610311166,300,0.028346357962959753
shared,100.0,0.8,0.2,30,0.25,mixed,5,prop_perceivers_majority_negative,1.0,0.0,300,0.028346357962959753
shared,100.0,0.8,0.2,30,0.25,mixed,5,hit_rate_true_differences,0.10690000000000002,0.004090417602763125,300,0.028346357962959753
shared,100.0,0.8,0.2,30,0.25,mixed,5,jaccard_with_society_top5,0.23596825396825394,0.002839599352247627,300,0.028346357962959753
shared,100.0,0.8,0.2,30,0.25,mixed,5,society_share_negative_top5,1.0,0.0,300,0.028346357962959753
shared,100.0,0.8,0.2,30,0.5,negative,5,jaccard_mean_pairwise,0.17739940128098017,0.0024075146244355436,300,0.028346357962959753
shared,100.0,0.8,0.2,30,0.5,negative,5,share_negative_mean,1.0,0.0,300,0.028346357962959753
shared,100.0,0.8,0.2,30,0.5,negative,5,share_negative_sd_across_perceivers,0.0,0.0,300,0.028346357962959753
shared,100.0,0.8,0.2,30,0.5,negative,5,prop_perceivers_majority_negative,1.0,0.0,300,0.028346357962959753
shared,100.0,0.8,0.2,30,0.5,negative,5,hit_rate_true_differences,0.3524,0.005050770110270357,300,0.028346357962959753
shared,100.0,0.8,0.2,30,0.5,negative,5,jaccard_with_society_top5,0.2910085978835979,0.0034449280723852717,300,0.028346357962959753
shared,100.0,0.8,0.2,30,0.5,negative,5,society_share_negative_top5,1.0,0.0,300,0.028346357962959753
shared,100.0,0.8,0.2,30,0.5,positive,5,jaccard_mean_pairwise,0.1341883876357559,0.0015349739792551251,300,0.028346357962959753
shared,100.0,0.8,0.2,30,0.5,positive,5,share_negative_mean,0.9998666666666668,6.633137535414974e-05,300,0.028346357962959753
shared,100.0,0.8,0.2,30,0.5,positive,5,share_negative_sd_across_perceivers,0.0005962847939999438,0.0002966429286658656,300,0.028346357962959753
shared,100.0,0.8,0.2,30,0.5,positive,5,prop_perceivers_majority_negative,1.0,0.0,300,0.028346357962959753
shared,100.0,0.8,0.2,30,0.5,positive,5,hit_rate_true_differences,9.999999999999999e-05,5.7541609199757856e-05,300,0.028346357962959753
shared,100.0,0.8,0.2,30,0.5,positive,5,jaccard_with_society_top5,0.2311349206349206,0.0027963873806367235,300,0.028346357962959753
shared,100.0,0.8,0.2,30,0.5,positive,5,society_share_negative_top5,0.9993333333333334,0.0006666666666666664,300,0.028346357962959753
shared,100.0,0.8,0.2,30,0.5,mixed,5,jaccard_mean_pairwise,0.15850006961849056,0.0020396958189693977,300,0.028346357962959753
shared,100.0,0.8,0.2,30,0.5,mixed,5,share_negative_mean,1.0,0.0,300,0.028346357962959753
shared,100.0,0.8,0.2,30,0.5,mixed,5,share_negative_sd_across_perceivers,0.0,0.0,300,0.028346357962959753
shared,100.0,0.8,0.2,30,0.5,mixed,5,prop_perceivers_majority_negative,1.0,0.0,300,0.028346357962959753
shared,100.0,0.8,0.2,30,0.5,mixed,5,hit_rate_true_differences,0.19653333333333337,0.0060102056150139705,300,0.028346357962959753
shared,100.0,0.8,0.2,30,0.5,mixed,5,jaccard_with_society_top5,0.2669742063492063,0.0030849218428479017,300,0.028346357962959753
shared,100.0,0.8,0.2,30,0.5,mixed,5,society_share_negative_top5,0.9993333333333334,0.0006666666666666664,300,0.028346357962959753
shared,100.0,0.8,0.2,30,1.0,negative,5,jaccard_mean_pairwise,0.39264139515455354,0.004573884602511078,300,0.028346357962959753
shared,100.0,0.8,0.2,30,1.0,negative,5,share_negative_mean,1.0,0.0,300,0.028346357962959753
shared,100.0,0.8,0.2,30,1.0,negative,5,share_negative_sd_across_perceivers,0.0,0.0,300,0.028346357962959753
shared,100.0,0.8,0.2,30,1.0,negative,5,prop_perceivers_majority_negative,1.0,0.0,300,0.028346357962959753
shared,100.0,0.8,0.2,30,1.0,negative,5,hit_rate_true_differences,0.6838333333333334,0.004276001407177977,300,0.028346357962959753
shared,100.0,0.8,0.2,30,1.0,negative,5,jaccard_with_society_top5,0.5487526455026455,0.004891930742570921,300,0.028346357962959753
shared,100.0,0.8,0.2,30,1.0,negative,5,society_share_negative_top5,1.0,0.0,300,0.028346357962959753
shared,100.0,0.8,0.2,30,1.0,positive,5,jaccard_mean_pairwise,0.13405576441102743,0.0015326087794465622,300,0.028346357962959753
shared,100.0,0.8,0.2,30,1.0,positive,5,share_negative_mean,0.9993666666666666,0.00017603545131283883,300,0.028346357962959753
shared,100.0,0.8,0.2,30,1.0,positive,5,share_negative_sd_across_perceivers,0.0028323527714997332,0.000787254471170725,300,0.028346357962959753
shared,100.0,0.8,0.2,30,1.0,positive,5,prop_perceivers_majority_negative,0.9998333333333332,0.00016666666666666674,300,0.028346357962959753
shared,100.0,0.8,0.2,30,1.0,positive,5,hit_rate_true_differences,0.00043333333333333337,0.00012686366187007354,300,0.028346357962959753
shared,100.0,0.8,0.2,30,1.0,positive,5,jaccard_with_society_top5,0.2316084656084656,0.002717795940110855,300,0.028346357962959753
shared,100.0,0.8,0.2,30,1.0,positive,5,society_share_negative_top5,0.99,0.0028527598169178527,300,0.028346357962959753
shared,100.0,0.8,0.2,30,1.0,mixed,5,jaccard_mean_pairwise,0.28656481481481505,0.004852369858943495,300,0.028346357962959753
shared,100.0,0.8,0.2,30,1.0,mixed,5,share_negative_mean,1.0,0.0,300,0.028346357962959753
shared,100.0,0.8,0.2,30,1.0,mixed,5,share_negative_sd_across_perceivers,0.0,0.0,300,0.028346357962959753
shared,100.0,0.8,0.2,30,1.0,mixed,5,prop_perceivers_majority_negative,1.0,0.0,300,0.028346357962959753
shared,100.0,0.8,0.2,30,1.0,mixed,5,hit_rate_true_differences,0.3919000000000001,0.009572708908811694,300,0.028346357962959753
shared,100.0,0.8,0.2,30,1.0,mixed,5,jaccard_with_society_top5,0.39955224867724864,0.0056298149762209525,300,0.028346357962959753
shared,100.0,0.8,0.2,30,1.0,mixed,5,society_share_negative_top5,0.9986666666666667,0.0009412311173940215,300,0.028346357962959753
shared,100.0,0.8,0.2,30,2.0,negative,5,jaccard_mean_pairwise,0.9421338763575604,0.0032648796644127016,300,0.028346357962959753
shared,100.0,0.8,0.2,30,2.0,negative,5,share_negative_mean,1.0,0.0,300,0.028346357962959753
shared,100.0,0.8,0.2,30,2.0,negative,5,share_negative_sd_across_perceivers,0.0,0.0,300,0.028346357962959753
shared,100.0,0.8,0.2,30,2.0,negative,5,prop_perceivers_majority_negative,1.0,0.0,300,0.028346357962959753
shared,100.0,0.8,0.2,30,2.0,negative,5,hit_rate_true_differences,0.9816,0.0010984533567860583,300,0.028346357962959753
shared,100.0,0.8,0.2,30,2.0,negative,5,jaccard_with_society_top5,0.9693809523809525,0.0018268582104974244,300,0.028346357962959753
shared,100.0,0.8,0.2,30,2.0,negative,5,society_share_negative_top5,1.0,0.0,300,0.028346357962959753
shared,100.0,0.8,0.2,30,2.0,positive,5,jaccard_mean_pairwise,0.1316739069896963,0.0015777403737582871,300,0.028346357962959753
shared,100.0,0.8,0.2,30,2.0,positive,5,share_negative_mean,0.9987,0.00021620523714931472,300,0.028346357962959753
shared,100.0,0.8,0.2,30,2.0,positive,5,share_negative_sd_across_perceivers,0.0055349365617506285,0.0008970269501378954,300,0.028346357962959753
shared,100.0,0.8,0.2,30,2.0,positive,5,prop_perceivers_majority_negative,1.0,0.0,300,0.028346357962959753
shared,100.0,0.8,0.2,30,2.0,positive,5,hit_rate_true_differences,0.0012333333333333332,0.00021232026740153933,300,0.028346357962959753
shared,100.0,0.8,0.2,30,2.0,positive,5,jaccard_with_society_top5,0.21755952380952379,0.0031130040819271282,300,0.028346357962959753
shared,100.0,0.8,0.2,30,2.0,positive,5,society_share_negative_top5,0.9406666666666669,0.007085924832516208,300,0.028346357962959753
shared,100.0,0.8,0.2,30,2.0,mixed,5,jaccard_mean_pairwise,0.4404749373433591,0.010342904867745098,300,0.028346357962959753
shared,100.0,0.8,0.2,30,2.0,mixed,5,share_negative_mean,0.9998333333333332,7.403535467669022e-05,300,0.028346357962959753
shared,100.0,0.8,0.2,30,2.0,mixed,5,share_negative_sd_across_perceivers,0.0007453559924999297,0.00033109617159077226,300,0.028346357962959753
shared,100.0,0.8,0.2,30,2.0,mixed,5,prop_perceivers_majority_negative,1.0,0.0,300,0.028346357962959753
shared,100.0,0.8,0.2,30,2.0,mixed,5,hit_rate_true_differences,0.5072333333333333,0.012847620650264215,300,0.028346357962959753
shared,100.0,0.8,0.2,30,2.0,mixed,5,jaccard_with_society_top5,0.5064748677248677,0.00967666654845267,300,0.028346357962959753
shared,100.0,0.8,0.2,30,2.0,mixed,5,society_share_negative_top5,0.9906666666666668,0.0026160184599277993,300,0.028346357962959753
shared,100.0,0.8,0.2,100,0.0,none,0,jaccard_mean_pairwise,0.9926491228070177,0.001999571471336648,300,0.028346357962959753
shared,100.0,0.8,0.2,100,0.0,none,0,share_negative_mean,1.0,0.0,300,0.028346357962959753
shared,100.0,0.8,0.2,100,0.0,none,0,share_negative_sd_across_perceivers,0.0,0.0,300,0.028346357962959753
shared,100.0,0.8,0.2,100,0.0,none,0,prop_perceivers_majority_negative,1.0,0.0,300,0.028346357962959753
shared,100.0,0.8,0.2,100,0.0,none,0,jaccard_with_society_top5,0.9928333333333335,0.001981215201641073,300,0.028346357962959753
shared,100.0,0.8,0.2,100,0.0,none,0,society_share_negative_top5,1.0,0.0,300,0.028346357962959753
shared,100.0,0.8,0.2,100,0.25,negative,5,jaccard_mean_pairwise,0.9949064327485379,0.0016770307124058413,300,0.028346357962959753
shared,100.0,0.8,0.2,100,0.25,negative,5,share_negative_mean,1.0,0.0,300,0.028346357962959753
shared,100.0,0.8,0.2,100,0.25,negative,5,share_negative_sd_across_perceivers,0.0,0.0,300,0.028346357962959753
shared,100.0,0.8,0.2,100,0.25,negative,5,prop_perceivers_majority_negative,1.0,0.0,300,0.028346357962959753
shared,100.0,0.8,0.2,100,0.25,negative,5,hit_rate_true_differences,0.33556666666666674,0.009947579251341716,300,0.028346357962959753
shared,100.0,0.8,0.2,100,0.25,negative,5,jaccard_with_society_top5,0.9950555555555555,0.0016532314923301994,300,0.028346357962959753
shared,100.0,0.8,0.2,100,0.25,negative,5,society_share_negative_top5,1.0,0.0,300,0.028346357962959753
shared,100.0,0.8,0.2,100,0.25,positive,5,jaccard_mean_pairwise,0.9928888888888889,0.0019472959715012873,300,0.028346357962959753
shared,100.0,0.8,0.2,100,0.25,positive,5,share_negative_mean,0.9993333333333334,0.0006666666666666659,300,0.028346357962959753
shared,100.0,0.8,0.2,100,0.25,positive,5,share_negative_sd_across_perceivers,3.7968826308397114e-19,3.7968826308397104e-19,300,0.028346357962959753
shared,100.0,0.8,0.2,100,0.25,positive,5,prop_perceivers_majority_negative,1.0,0.0,300,0.028346357962959753
shared,100.0,0.8,0.2,100,0.25,positive,5,hit_rate_true_differences,0.0006666666666666668,0.0006666666666666664,300,0.028346357962959753
shared,100.0,0.8,0.2,100,0.25,positive,5,jaccard_with_society_top5,0.9928333333333335,0.00205487248485707,300,0.028346357962959753
shared,100.0,0.8,0.2,100,0.25,positive,5,society_share_negative_top5,0.9993333333333334,0.0006666666666666662,300,0.028346357962959753
shared,100.0,0.8,0.2,100,0.25,mixed,5,jaccard_mean_pairwise,0.9954210526315789,0.0016152176171439314,300,0.028346357962959753
shared,100.0,0.8,0.2,100,0.25,mixed,5,share_negative_mean,1.0,0.0,300,0.028346357962959753
shared,100.0,0.8,0.2,100,0.25,mixed,5,share_negative_sd_across_perceivers,0.0,0.0,300,0.028346357962959753
shared,100.0,0.8,0.2,100,0.25,mixed,5,prop_perceivers_majority_negative,1.0,0.0,300,0.028346357962959753
shared,100.0,0.8,0.2,100,0.25,mixed,5,hit_rate_true_differences,0.1739,0.009232616918385055,300,0.028346357962959753
shared,100.0,0.8,0.2,100,0.25,mixed,5,jaccard_with_society_top5,0.9953888888888889,0.0016787343369175712,300,0.028346357962959753
shared,100.0,0.8,0.2,100,0.25,mixed,5,society_share_negative_top5,1.0,0.0,300,0.028346357962959753
shared,100.0,0.8,0.2,100,0.5,negative,5,jaccard_mean_pairwise,0.9965847953216375,0.0013832559886826393,300,0.028346357962959753
shared,100.0,0.8,0.2,100,0.5,negative,5,share_negative_mean,1.0,0.0,300,0.028346357962959753
shared,100.0,0.8,0.2,100,0.5,negative,5,share_negative_sd_across_perceivers,0.0,0.0,300,0.028346357962959753
shared,100.0,0.8,0.2,100,0.5,negative,5,prop_perceivers_majority_negative,1.0,0.0,300,0.028346357962959753
shared,100.0,0.8,0.2,100,0.5,negative,5,hit_rate_true_differences,0.6113999999999999,0.010550727914782591,300,0.028346357962959753
shared,100.0,0.8,0.2,100,0.5,negative,5,jaccard_with_society_top5,0.9964444444444445,0.0014536339760201477,300,0.028346357962959753
shared,100.0,0.8,0.2,100,0.5,negative,5,society_share_negative_top5,1.0,0.0,300,0.028346357962959753
shared,100.0,0.8,0.2,100,0.5,positive,5,jaccard_mean_pairwise,0.997766081871345,0.0011118507889985225,300,0.028346357962959753
shared,100.0,0.8,0.2,100,0.5,positive,5,share_negative_mean,0.9993333333333334,0.000666666666666666,300,0.028346357962959753
shared,100.0,0.8,0.2,100,0.5,positive,5,share_negative_sd_across_perceivers,3.7968826308397114e-19,3.796882630839711e-19,300,0.028346357962959753
shared,100.0,0.8,0.2,100,0.5,positive,5,prop_perceivers_majority_negative,1.0,0.0,300,0.028346357962959753
shared,100.0,0.8,0.2,100,0.5,positive,5,hit_rate_true_differences,0.0006666666666666668,0.0006666666666666668,300,0.028346357962959753
shared,100.0,0.8,0.2,100,0.5,positive,5,jaccard_with_society_top5,0.9975555555555555,0.0012337719883733665,300,0.028346357962959753
shared,100.0,0.8,0.2,100,0.5,positive,5,society_share_negative_top5,0.9993333333333334,0.0006666666666666664,300,0.028346357962959753
shared,100.0,0.8,0.2,100,0.5,mixed,5,jaccard_mean_pairwise,0.9964035087719298,0.0014843321808768475,300,0.028346357962959753
shared,100.0,0.8,0.2,100,0.5,mixed,5,share_negative_mean,1.0,0.0,300,0.028346357962959753
shared,100.0,0.8,0.2,100,0.5,mixed,5,share_negative_sd_across_perceivers,0.0,0.0,300,0.028346357962959753
shared,100.0,0.8,0.2,100,0.5,mixed,5,prop_perceivers_majority_negative,1.0,0.0,300,0.028346357962959753
shared,100.0,0.8,0.2,100,0.5,mixed,5,hit_rate_true_differences,0.3504333333333333,0.011073809161696984,300,0.028346357962959753
shared,100.0,0.8,0.2,100,0.5,mixed,5,jaccard_with_society_top5,0.9962222222222222,0.0015979775813927436,300,0.028346357962959753
shared,100.0,0.8,0.2,100,0.5,mixed,5,society_share_negative_top5,1.0,0.0,300,0.028346357962959753
shared,100.0,0.8,0.2,100,1.0,negative,5,jaccard_mean_pairwise,1.0,0.0,300,0.028346357962959753
shared,100.0,0.8,0.2,100,1.0,negative,5,share_negative_mean,1.0,0.0,300,0.028346357962959753
shared,100.0,0.8,0.2,100,1.0,negative,5,share_negative_sd_across_perceivers,0.0,0.0,300,0.028346357962959753
shared,100.0,0.8,0.2,100,1.0,negative,5,prop_perceivers_majority_negative,1.0,0.0,300,0.028346357962959753
shared,100.0,0.8,0.2,100,1.0,negative,5,hit_rate_true_differences,0.9660000000000002,0.004344681136815678,300,0.028346357962959753
shared,100.0,0.8,0.2,100,1.0,negative,5,jaccard_with_society_top5,1.0,0.0,300,0.028346357962959753
shared,100.0,0.8,0.2,100,1.0,negative,5,society_share_negative_top5,1.0,0.0,300,0.028346357962959753
shared,100.0,0.8,0.2,100,1.0,positive,5,jaccard_mean_pairwise,0.9949473684210527,0.0016712866418945394,300,0.028346357962959753
shared,100.0,0.8,0.2,100,1.0,positive,5,share_negative_mean,0.9893333333333332,0.002922001014612122,300,0.028346357962959753
shared,100.0,0.8,0.2,100,1.0,positive,5,share_negative_sd_across_perceivers,5.315635683175596e-18,1.3894362096236488e-18,300,0.028346357962959753
shared,100.0,0.8,0.2,100,1.0,positive,5,prop_perceivers_majority_negative,1.0,0.0,300,0.028346357962959753
shared,100.0,0.8,0.2,100,1.0,positive,5,hit_rate_true_differences,0.010666666666666668,0.002922001014612123,300,0.028346357962959753
shared,100.0,0.8,0.2,100,1.0,positive,5,jaccard_with_society_top5,0.9943333333333332,0.0019383857405270012,300,0.028346357962959753
shared,100.0,0.8,0.2,100,1.0,positive,5,society_share_negative_top5,0.9893333333333332,0.002922001014612122,300,0.028346357962959753
shared,100.0,0.8,0.2,100,1.0,mixed,5,jaccard_mean_pairwise,0.9967017543859648,0.0013378159884565514,300,0.028346357962959753
shared,100.0,0.8,0.2,100,1.0,mixed,5,share_negative_mean,0.9993333333333334,0.0006666666666666659,300,0.028346357962959753
shared,100.0,0.8,0.2,100,1.0,mixed,5,share_negative_sd_across_perceivers,3.7968826308397114e-19,3.796882630839711e-19,300,0.028346357962959753
shared,100.0,0.8,0.2,100,1.0,mixed,5,prop_perceivers_majority_negative,1.0,0.0,300,0.028346357962959753
shared,100.0,0.8,0.2,100,1.0,mixed,5,hit_rate_true_differences,0.47800000000000004,0.012481781595384201,300,0.028346357962959753
shared,100.0,0.8,0.2,100,1.0,mixed,5,jaccard_with_society_top5,0.9961111111111113,0.0015932031819187692,300,0.028346357962959753
shared,100.0,0.8,0.2,100,1.0,mixed,5,society_share_negative_top5,0.9993333333333334,0.0006666666666666663,300,0.028346357962959753
shared,100.0,0.8,0.2,100,2.0,negative,5,jaccard_mean_pairwise,1.0,0.0,300,0.028346357962959753
shared,100.0,0.8,0.2,100,2.0,negative,5,share_negative_mean,1.0,0.0,300,0.028346357962959753
shared,100.0,0.8,0.2,100,2.0,negative,5,share_negative_sd_across_perceivers,0.0,0.0,300,0.028346357962959753
shared,100.0,0.8,0.2,100,2.0,negative,5,prop_perceivers_majority_negative,1.0,0.0,300,0.028346357962959753
shared,100.0,0.8,0.2,100,2.0,negative,5,hit_rate_true_differences,1.0,0.0,300,0.028346357962959753
shared,100.0,0.8,0.2,100,2.0,negative,5,jaccard_with_society_top5,1.0,0.0,300,0.028346357962959753
shared,100.0,0.8,0.2,100,2.0,negative,5,society_share_negative_top5,1.0,0.0,300,0.028346357962959753
shared,100.0,0.8,0.2,100,2.0,positive,5,jaccard_mean_pairwise,0.9947543859649123,0.0017321536214341081,300,0.028346357962959753
shared,100.0,0.8,0.2,100,2.0,positive,5,share_negative_mean,0.9459999999999998,0.006715429246634586,300,0.028346357962959753
shared,100.0,0.8,0.2,100,2.0,positive,5,share_negative_sd_across_perceivers,2.3160984048122238e-17,2.6376046208977684e-18,300,0.028346357962959753
shared,100.0,0.8,0.2,100,2.0,positive,5,prop_perceivers_majority_negative,0.9933333333333333,0.004706155586970108,300,0.028346357962959753
shared,100.0,0.8,0.2,100,2.0,positive,5,hit_rate_true_differences,0.054000000000000006,0.006715429246634587,300,0.028346357962959753
shared,100.0,0.8,0.2,100,2.0,positive,5,jaccard_with_society_top5,0.9946111111111111,0.001804618428730667,300,0.028346357962959753
shared,100.0,0.8,0.2,100,2.0,positive,5,society_share_negative_top5,0.9459999999999998,0.006715429246634586,300,0.028346357962959753
shared,100.0,0.8,0.2,100,2.0,mixed,5,jaccard_mean_pairwise,0.9960058479532163,0.001495109229665293,300,0.028346357962959753
shared,100.0,0.8,0.2,100,2.0,mixed,5,share_negative_mean,0.9953333333333334,0.001985079985602142,300,0.028346357962959753
shared,100.0,0.8,0.2,100,2.0,mixed,5,share_negative_sd_across_perceivers,2.2781295785038266e-18,9.22233446541904e-19,300,0.028346357962959753
shared,100.0,0.8,0.2,100,2.0,mixed,5,prop_perceivers_majority_negative,1.0,0.0,300,0.028346357962959753
shared,100.0,0.8,0.2,100,2.0,mixed,5,hit_rate_true_differences,0.5133333333333333,0.012013865394795549,300,0.028346357962959753
shared,100.0,0.8,0.2,100,2.0,mixed,5,jaccard_with_society_top5,0.9958333333333333,0.0015722514057376607,300,0.028346357962959753
shared,100.0,0.8,0.2,100,2.0,mixed,5,society_share_negative_top5,0.9953333333333334,0.0019850799856021423,300,0.028346357962959753
shared,100.0,0.9,0.1,10,0.0,none,0,jaccard_mean_pairwise,0.07968998886104138,0.000638750607823212,300,0.028346357962959753
shared,100.0,0.9,0.1,10,0.0,none,0,share_negative_mean,1.0,0.0,300,0.028346357962959753
shared,100.0,0.9,0.1,10,0.0,none,0,share_negative_sd_across_perceivers,0.0,0.0,300,0.028346357962959753
shared,100.0,0.9,0.1,10,0.0,none,0,prop_perceivers_majority_negative,1.0,0.0,300,0.028346357962959753
shared,100.0,0.9,0.1,10,0.0,none,0,jaccard_with_society_top5,0.13678968253968254,0.00168132243015887,300,0.028346357962959753
shared,100.0,0.9,0.1,10,0.0,none,0,society_share_negative_top5,1.0,0.0,300,0.028346357962959753
shared,100.0,0.9,0.1,10,0.25,negative,5,jaccard_mean_pairwise,0.0820753968253967,0.0006983101392520671,300,0.028346357962959753
shared,100.0,0.9,0.1,10,0.25,negative,5,share_negative_mean,1.0,0.0,300,0.028346357962959753
shared,100.0,0.9,0.1,10,0.25,negative,5,share_negative_sd_across_perceivers,0.0,0.0,300,0.028346357962959753
shared,100.0,0.9,0.1,10,0.25,negative,5,prop_perceivers_majority_negative,1.0,0.0,300,0.028346357962959753
shared,100.0,0.9,0.1,10,0.25,negative,5,hit_rate_true_differences,0.14306666666666668,0.0024985584844437413,300,0.028346357962959753
shared,100.0,0.9,0.1,10,0.25,negative,5,jaccard_with_society_top5,0.1404054232804233,0.0017278742823070886,300,0.028346357962959753
shared,100.0,0.9,0.1,10,0.25,negative,5,society_share_negative_top5,1.0,0.0,300,0.028346357962959753
shared,100.0,0.9,0.1,10,0.25,positive,5,jaccard_mean_pairwise,0.07989592035644656,0.0006418303897910613,300,0.028346357962959753
shared,100.0,0.9,0.1,10,0.25,positive,5,share_negative_mean,1.0,0.0,300,0.028346357962959753
shared,100.0,0.9,0.1,10,0.25,positive,5,share_negative_sd_across_perceivers,0.0,0.0,300,0.028346357962959753
shared,100.0,0.9,0.1,10,0.25,positive,5,prop_perceivers_majority_negative,1.0,0.0,300,0.028346357962959753
shared,100.0,0.9,0.1,10,0.25,positive,5,hit_rate_true_differences,0.0,0.0,300,0.028346357962959753
shared,100.0,0.9,0.1,10,0.25,positive,5,jaccard_with_society_top5,0.13642261904761904,0.001664181037615115,300,0.028346357962959753
shared,100.0,0.9,0.1,10,0.25,positive,5,society_share_negative_top5,1.0,0.0,300,0.028346357962959753
shared,100.0,0.9,0.1,10,0.25,mixed,5,jaccard_mean_pairwise,0.08145133667502077,0.000672323779259094,300,0.028346357962959753
shared,100.0,0.9,0.1,10,0.25,mixed,5,share_negative_mean,1.0,0.0,300,0.028346357962959753
shared,100.0,0.9,0.1,10,0.25,mixed,5,share_negative_sd_across_perceivers,0.0,0.0,300,0.028346357962959753
shared,100.0,0.9,0.1,10,0.25,mixed,5,prop_perceivers_majority_negative,1.0,0.0,300,0.028346357962959753
shared,100.0,0.9,0.1,10,0.25,mixed,5,hit_rate_true_differences,0.07013333333333334,0.0026585607011798784,300,0.028346357962959753
shared,100.0,0.9,0.1,10,0.25,mixed,5,jaccard_with_society_top5,0.13922685185185182,0.0016492700083026628,300,0.028346357962959753
shared,100.0,0.9,0.1,10,0.25,mixed,5,society_share_negative_top5,1.0,0.0,300,0.028346357962959753
shared,100.0,0.9,0.1,10,0.5,negative,5,jaccard_mean_pairwise,0.0862072542467278,0.0007604093635150039,300,0.028346357962959753
shared,100.0,0.9,0.1,10,0.5,negative,5,share_negative_mean,1.0,0.0,300,0.028346357962959753
shared,100.0,0.9,0.1,10,0.5,negative,5,share_negative_sd_across_perceivers,0.0,0.0,300,0.028346357962959753
shared,100.0,0.9,0.1,10,0.5,negative,5,prop_perceivers_majority_negative,1.0,0.0,300,0.028346357962959753
shared,100.0,0.9,0.1,10,0.5,negative,5,hit_rate_true_differences,0.1953666666666667,0.002872736696572368,300,0.028346357962959753
shared,100.0,0.9,0.1,10,0.5,negative,5,jaccard_with_society_top5,0.15265608465608466,0.0018933609834958375,300,0.028346357962959753
shared,100.0,0.9,0.1,10,0.5,negative,5,society_share_negative_top5,1.0,0.0,300,0.028346357962959753
shared,100.0,0.9,0.1,10,0.5,positive,5,jaccard_mean_pairwise,0.08055499860763007,0.0006461212565628027,300,0.028346357962959753
shared,100.0,0.9,0.1,10,0.5,positive,5,share_negative_mean,1.0,0.0,300,0.028346357962959753
shared,100.0,0.9,0.1,10,0.5,positive,5,share_negative_sd_across_perceivers,0.0,0.0,300,0.028346357962959753
shared,100.0,0.9,0.1,10,0.5,positive,5,prop_perceivers_majority_negative,1.0,0.0,300,0.028346357962959753
shared,100.0,0.9,0.1,10,0.5,positive,5,hit_rate_true_differences,0.0,0.0,300,0.028346357962959753
shared,100.0,0.9,0.1,10,0.5,positive,5,jaccard_with_society_top5,0.1377724867724868,0.0016782505418685807,300,0.028346357962959753
shared,100.0,0.9,0.1,10,0.5,positive,5,society_share_negative_top5,1.0,0.0,300,0.028346357962959753
shared,100.0,0.9,0.1,10,0.5,mixed,5,jaccard_mean_pairwise,0.08274860763018646,0.0006958014372074406,300,0.028346357962959753
shared,100.0,0.9,0.1,10,0.5,mixed,5,share_negative_mean,1.0,0.0,300,0.028346357962959753
shared,100.0,0.9,0.1,10,0.5,mixed,5,share_negative_sd_across_perceivers,0.0,0.0,300,0.028346357962959753
shared,100.0,0.9,0.1,10,0.5,mixed,5,prop_perceivers_majority_negative,1.0,0.0,300,0.028346357962959753
shared,100.0,0.9,0.1,10,0.5,mixed,5,hit_rate_true_differences,0.09610000000000002,0.0033577760463889576,300,0.028346357962959753
shared,100.0,0.9,0.1,10,0.5,mixed,5,jaccard_with_society_top5,0.14340211640211642,0.001786203644843883,300,0.028346357962959753
shared,100.0,0.9,0.1,10,0.5,mixed,5,society_share_negative_top5,1.0,0.0,300,0.028346357962959753
shared,100.0,0.9,0.1,10,1.0,negative,5,jaccard_mean_pairwise,0.11687663603453063,0.001282851693987633,300,0.028346357962959753
shared,100.0,0.9,0.1,10,1.0,negative,5,share_negative_mean,1.0,0.0,300,0.028346357962959753
shared,100.0,0.9,0.1,10,1.0,negative,5,share_negative_sd_across_perceivers,0.0,0.0,300,0.028346357962959753
shared,100.0,0.9,0.1,10,1.0,negative,5,prop_perceivers_majority_negative,1.0,0.0,300,0.028346357962959753
shared,100.0,0.9,0.1,10,1.0,negative,5,hit_rate_true_differences,0.3340000000000001,0.0033958463709730497,300,0.028346357962959753
shared,100.0,0.9,0.1,10,1.0,negative,5,jaccard_with_society_top5,0.22377050264550263,0.002515689677994278,300,0.028346357962959753
shared,100.0,0.9,0.1,10,1.0,negative,5,society_share_negative_top5,1.0,0.0,300,0.028346357962959753
shared,100.0,0.9,0.1,10,1.0,positive,5,jaccard_mean_pairwise,0.07994674185463647,0.0006224427485803443,300,0.028346357962959753
shared,100.0,0.9,0.1,10,1.0,positive,5,share_negative_mean,1.0,0.0,300,0.028346357962959753
shared,100.0,0.9,0.1,10,1.0,positive,5,share_negative_sd_across_perceivers,0.0,0.0,300,0.028346357962959753
shared,100.0,0.9,0.1,10,1.0,positive,5,prop_perceivers_majority_negative,1.0,0.0,300,0.028346357962959753
shared,100.0,0.9,0.1,10,1.0,positive,5,hit_rate_true_differences,0.0,0.0,300,0.028346357962959753
shared,100.0,0.9,0.1,10,1.0,positive,5,jaccard_with_society_top5,0.13764748677248675,0.0015682125160733499,300,0.028346357962959753
shared,100.0,0.9,0.1,10,1.0,positive,5,society_share_negative_top5,1.0,0.0,300,0.028346357962959753
shared,100.0,0.9,0.1,10,1.0,mixed,5,jaccard_mean_pairwise,0.1019172236145919,0.0011770601976794168,300,0.028346357962959753
shared,100.0,0.9,0.1,10,1.0,mixed,5,share_negative_mean,1.0,0.0,300,0.028346357962959753
shared,100.0,0.9,0.1,10,1.0,mixed,5,share_negative_sd_across_perceivers,0.0,0.0,300,0.028346357962959753
shared,100.0,0.9,0.1,10,1.0,mixed,5,prop_perceivers_majority_negative,1.0,0.0,300,0.028346357962959753
shared,100.0,0.9,0.1,10,1.0,mixed,5,hit_rate_true_differences,0.18066666666666667,0.004810183672579865,300,0.028346357962959753
shared,100.0,0.9,0.1,10,1.0,mixed,5,jaccard_with_society_top5,0.18433796296296295,0.002469599613598924,300,0.028346357962959753
shared,100.0,0.9,0.1,10,1.0,mixed,5,society_share_negative_top5,1.0,0.0,300,0.028346357962959753
shared,100.0,0.9,0.1,10,2.0,negative,5,jaccard_mean_pairwise,0.3252518100807578,0.003157758797961944,300,0.028346357962959753
shared,100.0,0.9,0.1,10,2.0,negative,5,share_negative_mean,1.0,0.0,300,0.028346357962959753
shared,100.0,0.9,0.1,10,2.0,negative,5,share_negative_sd_across_perceivers,0.0,0.0,300,0.028346357962959753
shared,100.0,0.9,0.1,10,2.0,negative,5,prop_perceivers_majority_negative,1.0,0.0,300,0.028346357962959753
shared,100.0,0.9,0.1,10,2.0,negative,5,hit_rate_true_differences,0.6591666666666667,0.00289714361051758,300,0.028346357962959753
shared,100.0,0.9,0.1,10,2.0,negative,5,jaccard_with_society_top5,0.5158280423280424,0.0033445210647534912,300,0.028346357962959753
shared,100.0,0.9,0.1,10,2.0,negative,5,society_share_negative_top5,1.0,0.0,300,0.028346357962959753
shared,100.0,0.9,0.1,10,2.0,positive,5,jaccard_mean_pairwise,0.08142126148705085,0.0006803803193369933,300,0.028346357962959753
shared,100.0,0.9,0.1,10,2.0,positive,5,share_negative_mean,1.0,0.0,300,0.028346357962959753
shared,100.0,0.9,0.1,10,2.0,positive,5,share_negative_sd_across_perceivers,0.0,0.0,300,0.028346357962959753
shared,100.0,0.9,0.1,10,2.0,positive,5,prop_perceivers_majority_negative,1.0,0.0,300,0.028346357962959753
shared,100.0,0.9,0.1,10,2.0,positive,5,hit_rate_true_differences,0.0,0.0,300,0.028346357962959753
shared,100.0,0.9,0.1,10,2.0,positive,5,jaccard_with_society_top5,0.14096230158730158,0.0018684542843469514,300,0.028346357962959753
shared,100.0,0.9,0.1,10,2.0,positive,5,society_share_negative_top5,1.0,0.0,300,0.028346357962959753
shared,100.0,0.9,0.1,10,2.0,mixed,5,jaccard_mean_pairwise,0.22425271512113634,0.004120147154344152,300,0.028346357962959753
shared,100.0,0.9,0.1,10,2.0,mixed,5,share_negative_mean,1.0,0.0,300,0.028346357962959753
shared,100.0,0.9,0.1,10,2.0,mixed,5,share_negative_sd_across_perceivers,0.0,0.0,300,0.028346357962959753
shared,100.0,0.9,0.1,10,2.0,mixed,5,prop_perceivers_majority_negative,1.0,0.0,300,0.028346357962959753
shared,100.0,0.9,0.1,10,2.0,mixed,5,hit_rate_true_differences,0.37160000000000004,0.008846159468758814,300,0.028346357962959753
shared,100.0,0.9,0.1,10,2.0,mixed,5,jaccard_with_society_top5,0.3212248677248677,0.005586593631868703,300,0.028346357962959753
shared,100.0,0.9,0.1,10,2.0,mixed,5,society_share_negative_top5,1.0,0.0,300,0.028346357962959753
shared,100.0,0.9,0.1,30,0.0,none,0,jaccard_mean_pairwise,0.13784113060428835,0.0015998504629620668,300,0.028346357962959753
shared,100.0,0.9,0.1,30,0.0,none,0,share_negative_mean,1.0,0.0,300,0.028346357962959753
shared,100.0,0.9,0.1,30,0.0,none,0,share_negative_sd_across_perceivers,0.0,0.0,300,0.028346357962959753
shared,100.0,0.9,0.1,30,0.0,none,0,prop_perceivers_majority_negative,1.0,0.0,300,0.028346357962959753
shared,100.0,0.9,0.1,30,0.0,none,0,jaccard_with_society_top5,0.23605555555555555,0.0026474110832385507,300,0.028346357962959753
shared,100.0,0.9,0.1,30,0.0,none,0,society_share_negative_top5,1.0,0.0,300,0.028346357962959753
shared,100.0,0.9,0.1,30,0.25,negative,5,jaccard_mean_pairwise,0.14014682539682524,0.001720327311141287,300,0.028346357962959753
shared,100.0,0.9,0.1,30,0.25,negative,5,share_negative_mean,1.0,0.0,300,0.028346357962959753
shared,100.0,0.9,0.1,30,0.25,negative,5,share_negative_sd_across_perceivers,0.0,0.0,300,0.028346357962959753
shared,100.0,0.9,0.1,30,0.25,negative,5,prop_perceivers_majority_negative,1.0,0.0,300,0.028346357962959753
shared,100.0,0.9,0.1,30,0.25,negative,5,hit_rate_true_differences,0.17403333333333335,0.004118939136002667,300,0.028346357962959753
shared,100.0,0.9,0.1,30,0.25,negative,5,jaccard_with_society_top5,0.24018320105820104,0.0028064907670013683,300,0.028346357962959753
shared,100.0,0.9,0.1,30,0.25,negative,5,society_share_negative_top5,1.0,0.0,300,0.028346357962959753
shared,100.0,0.9,0.1,30,0.25,positive,5,jaccard_mean_pairwise,0.13458639654692273,0.0014236915509862427,300,0.028346357962959753
shared,100.0,0.9,0.1,30,0.25,positive,5,share_negative_mean,1.0,0.0,300,0.028346357962959753
shared,100.0,0.9,0.1,30,0.25,positive,5,share_negative_sd_across_perceivers,0.0,0.0,300,0.028346357962959753
shared,100.0,0.9,0.1,30,0.25,positive,5,prop_perceivers_majority_negative,1.0,0.0,300,0.028346357962959753
shared,100.0,0.9,0.1,30,0.25,positive,5,hit_rate_true_differences,0.0,0.0,300,0.028346357962959753
shared,100.0,0.9,0.1,30,0.25,positive,5,jaccard_with_society_top5,0.23215740740740737,0.002616485888804484,300,0.028346357962959753
shared,100.0,0.9,0.1,30,0.25,positive,5,society_share_negative_top5,1.0,0.0,300,0.028346357962959753
shared,100.0,0.9,0.1,30,0.25,mixed,5,jaccard_mean_pairwise,0.14058611807296004,0.00162750855689095,300,0.028346357962959753
shared,100.0,0.9,0.1,30,0.25,mixed,5,share_negative_mean,1.0,0.0,300,0.028346357962959753
shared,100.0,0.9,0.1,30,0.25,mixed,5,share_negative_sd_across_perceivers,0.0,0.0,300,0.028346357962959753
shared,100.0,0.9,0.1,30,0.25,mixed,5,prop_perceivers_majority_negative,1.0,0.0,300,0.028346357962959753
shared,100.0,0.9,0.1,30,0.25,mixed,5,hit_rate_true_differences,0.09280000000000001,0.0038315244629448645,300,0.028346357962959753
shared,100.0,0.9,0.1,30,0.25,mixed,5,jaccard_with_society_top5,0.2399867724867725,0.002906595525321713,300,0.028346357962959753
shared,100.0,0.9,0.1,30,0.25,mixed,5,society_share_negative_top5,1.0,0.0,300,0.028346357962959753
shared,100.0,0.9,0.1,30,0.5,negative,5,jaccard_mean_pairwise,0.15941193260930092,0.0020721512314366033,300,0.028346357962959753
shared,100.0,0.9,0.1,30,0.5,negative,5,share_negative_mean,1.0,0.0,300,0.028346357962959753
shared,100.0,0.9,0.1,30,0.5,negative,5,share_negative_sd_across_perceivers,0.0,0.0,300,0.028346357962959753
shared,100.0,0.9,0.1,30,0.5,negative,5,prop_perceivers_majority_negative,1.0,0.0,300,0.028346357962959753
shared,100.0,0.9,0.1,30,0.5,negative,5,hit_rate_true_differences,0.29400000000000004,0.005011469565086045,300,0.028346357962959753
shared,100.0,0.9,0.1,30,0.5,negative,5,jaccard_with_society_top5,0.2660912698412698,0.0032130524472404904,300,0.028346357962959753
shared,100.0,0.9,0.1,30,0.5,negative,5,society_share_negative_top5,1.0,0.0,300,0.028346357962959753
shared,100.0,0.9,0.1,30,0.5,positive,5,jaccard_mean_pairwise,0.13478536619326079,0.0014103996580023088,300,0.028346357962959753
shared,100.0,0.9,0.1,30,0.5,positive,5,share_negative_mean,1.0,0.0,300,0.028346357962959753
shared,100.0,0.9,0.1,30,0.5,positive,5,share_negative_sd_across_perceivers,0.0,0.0,300,0.028346357962959753
shared,100.0,0.9,0.1,30,0.5,positive,5,prop_perceivers_majority_negative,1.0,0.0,300,0.028346357962959753
shared,100.0,0.9,0.1,30,0.5,positive,5,hit_rate_true_differences,0.0,0.0,300,0.028346357962959753
shared,100.0,0.9,0.1,30,0.5,positive,5,jaccard_with_society_top5,0.22961243386243388,0.0025758222997652735,300,0.028346357962959753
shared,100.0,0.9,0.1,30,0.5,positive,5,society_share_negative_top5,1.0,0.0,300,0.028346357962959753
shared,100.0,0.9,0.1,30,0.5,mixed,5,jaccard_mean_pairwise,0.1511021303258144,0.001880884286709453,300,0.028346357962959753
shared,100.0,0.9,0.1,30,0.5,mixed,5,share_negative_mean,1.0,0.0,300,0.028346357962959753
shared,100.0,0.9,0.1,30,0.5,mixed,5,share_negative_sd_across_perceivers,0.0,0.0,300,0.028346357962959753
shared,100.0,0.9,0.1,30,0.5,mixed,5,prop_perceivers_majority_negative,1.0,0.0,300,0.028346357962959753
shared,100.0,0.9,0.1,30,0.5,mixed,5,hit_rate_true_differences,0.15436666666666668,0.005328850889479268,300,0.028346357962959753
shared,100.0,0.9,0.1,30,0.5,mixed,5,jaccard_with_society_top5,0.2520436507936508,0.0029505834354772026,300,0.028346357962959753
shared,100.0,0.9,0.1,30,0.5,mixed,5,society_share_negative_top5,1.0,0.0,300,0.028346357962959753
shared,100.0,0.9,0.1,30,1.0,negative,5,jaccard_mean_pairwise,0.28901099972152633,0.003828215039069861,300,0.028346357962959753
shared,100.0,0.9,0.1,30,1.0,negative,5,share_negative_mean,1.0,0.0,300,0.028346357962959753
shared,100.0,0.9,0.1,30,1.0,negative,5,share_negative_sd_across_perceivers,0.0,0.0,300,0.028346357962959753
shared,100.0,0.9,0.1,30,1.0,negative,5,prop_perceivers_majority_negative,1.0,0.0,300,0.028346357962959753
shared,100.0,0.9,0.1,30,1.0,negative,5,hit_rate_true_differences,0.5645333333333333,0.004925571645874958,300,0.028346357962959753
shared,100.0,0.9,0.1,30,1.0,negative,5,jaccard_with_society_top5,0.4331269841269841,0.004546960982816297,300,0.028346357962959753
shared,100.0,0.9,0.1,30,1.0,negative,5,society_share_negative_top5,1.0,0.0,300,0.028346357962959753
shared,100.0,0.9,0.1,30,1.0,positive,5,jaccard_mean_pairwise,0.13349324700640475,0.0014939155696989245,300,0.028346357962959753
shared,100.0,0.9,0.1,30,1.0,positive,5,share_negative_mean,1.0,0.0,300,0.028346357962959753
shared,100.0,0.9,0.1,30,1.0,positive,5,share_negative_sd_across_perceivers,0.0,0.0,300,0.028346357962959753
shared,100.0,0.9,0.1,30,1.0,positive,5,prop_perceivers_majority_negative,1.0,0.0,300,0.028346357962959753
shared,100.0,0.9,0.1,30,1.0,positive,5,hit_rate_true_differences,0.0,0.0,300,0.028346357962959753
shared,100.0,0.9,0.1,30,1.0,positive,5,jaccard_with_society_top5,0.22726653439153438,0.002671242623857185,300,0.028346357962959753
shared,100.0,0.9,0.1,30,1.0,positive,5,society_share_negative_top5,1.0,0.0,300,0.028346357962959753
shared,100.0,0.9,0.1,30,1.0,mixed,5,jaccard_mean_pairwise,0.22778285992759692,0.003491832237821313,300,0.028346357962959753
shared,100.0,0.9,0.1,30,1.0,mixed,5,share_negative_mean,1.0,0.0,300,0.028346357962959753
shared,100.0,0.9,0.1,30,1.0,mixed,5,share_negative_sd_across_perceivers,0.0,0.0,300,0.028346357962959753
shared,100.0,0.9,0.1,30,1.0,mixed,5,prop_perceivers_majority_negative,1.0,0.0,300,0.028346357962959753
shared,100.0,0.9,0.1,30,1.0,mixed,5,hit_rate_true_differences,0.3161333333333333,0.008148095965059303,300,0.028346357962959753
shared,100.0,0.9,0.1,30,1.0,mixed,5,jaccard_with_society_top5,0.3439093915343915,0.004177195212189903,300,0.028346357962959753
shared,100.0,0.9,0.1,30,1.0,mixed,5,society_share_negative_top5,1.0,0.0,300,0.028346357962959753
shared,100.0,0.9,0.1,30,2.0,negative,5,jaccard_mean_pairwise,0.8539760512392093,0.004895793558264662,300,0.028346357962959753
shared,100.0,0.9,0.1,30,2.0,negative,5,share_negative_mean,1.0,0.0,300,0.028346357962959753
shared,100.0,0.9,0.1,30,2.0,negative,5,share_negative_sd_across_perceivers,0.0,0.0,300,0.028346357962959753
shared,100.0,0.9,0.1,30,2.0,negative,5,prop_perceivers_majority_negative,1.0,0.0,300,0.028346357962959753
shared,100.0,0.9,0.1,30,2.0,negative,5,hit_rate_true_differences,0.9509000000000001,0.0018332279284587482,300,0.028346357962959753
shared,100.0,0.9,0.1,30,2.0,negative,5,jaccard_with_society_top5,0.918938492063492,0.0029816765521469726,300,0.028346357962959753
shared,100.0,0.9,0.1,30,2.0,negative,5,society_share_negative_top5,1.0,0.0,300,0.028346357962959753
shared,100.0,0.9,0.1,30,2.0,positive,5,jaccard_mean_pairwise,0.13402401837928138,0.0014911865232689748,300,0.028346357962959753
shared,100.0,0.9,0.1,30,2.0,positive,5,share_negative_mean,1.0,0.0,300,0.028346357962959753
shared,100.0,0.9,0.1,30,2.0,positive,5,share_negative_sd_across_perceivers,0.0,0.0,300,0.028346357962959753
shared,100.0,0.9,0.1,30,2.0,positive,5,prop_perceivers_majority_negative,1.0,0.0,300,0.028346357962959753
shared,100.0,0.9,0.1,30,2.0,positive,5,hit_rate_true_differences,0.0,0.0,300,0.028346357962959753
shared,100.0,0.9,0.1,30,2.0,positive,5,jaccard_with_society_top5,0.22914616402116403,0.002573838262049459,300,0.028346357962959753
shared,100.0,0.9,0.1,30,2.0,positive,5,society_share_negative_top5,1.0,0.0,300,0.028346357962959753
shared,100.0,0.9,0.1,30,2.0,mixed,5,jaccard_mean_pairwise,0.42699443052074687,0.009207288268204257,300,0.028346357962959753
shared,100.0,0.9,0.1,30,2.0,mixed,5,share_negative_mean,1.0,0.0,300,0.028346357962959753
shared,100.0,0.9,0.1,30,2.0,mixed,5,share_negative_sd_across_perceivers,0.0,0.0,300,0.028346357962959753
shared,100.0,0.9,0.1,30,2.0,mixed,5,prop_perceivers_majority_negative,1.0,0.0,300,0.028346357962959753
shared,100.0,0.9,0.1,30,2.0,mixed,5,hit_rate_true_differences,0.495,0.011788123948310678,300,0.028346357962959753
shared,100.0,0.9,0.1,30,2.0,mixed,5,jaccard_with_society_top5,0.5021230158730159,0.008753390812420934,300,0.028346357962959753
shared,100.0,0.9,0.1,30,2.0,mixed,5,society_share_negative_top5,1.0,0.0,300,0.028346357962959753
shared,100.0,0.9,0.1,100,0.0,none,0,jaccard_mean_pairwise,0.9932573099415204,0.0019365395067608413,300,0.028346357962959753
shared,100.0,0.9,0.1,100,0.0,none,0,share_negative_mean,1.0,0.0,300,0.028346357962959753
shared,100.0,0.9,0.1,100,0.0,none,0,share_negative_sd_across_perceivers,0.0,0.0,300,0.028346357962959753
shared,100.0,0.9,0.1,100,0.0,none,0,prop_perceivers_majority_negative,1.0,0.0,300,0.028346357962959753
shared,100.0,0.9,0.1,100,0.0,none,0,jaccard_with_society_top5,0.9932222222222221,0.001995897770714759,300,0.028346357962959753
shared,100.0,0.9,0.1,100,0.0,none,0,society_share_negative_top5,1.0,0.0,300,0.028346357962959753
shared,100.0,0.9,0.1,100,0.25,negative,5,jaccard_mean_pairwise,0.9914795321637427,0.00216370439231283,300,0.028346357962959753
shared,100.0,0.9,0.1,100,0.25,negative,5,share_negative_mean,1.0,0.0,300,0.028346357962959753
shared,100.0,0.9,0.1,100,0.25,negative,5,share_negative_sd_across_perceivers,0.0,0.0,300,0.028346357962959753
shared,100.0,0.9,0.1,100,0.25,negative,5,prop_perceivers_majority_negative,1.0,0.0,300,0.028346357962959753
shared,100.0,0.9,0.1,100,0.25,negative,5,hit_rate_true_differences,0.2619,0.009814566677319234,300,0.028346357962959753
shared,100.0,0.9,0.1,100,0.25,negative,5,jaccard_with_society_top5,0.9914999999999999,0.0022126582562384187,300,0.028346357962959753
shared,100.0,0.9,0.1,100,0.25,negative,5,society_share_negative_top5,1.0,0.0,300,0.028346357962959753
shared,100.0,0.9,0.1,100,0.25,positive,5,jaccard_mean_pairwise,0.9899649122807017,0.002300411765334136,300,0.028346357962959753
shared,100.0,0.9,0.1,100,0.25,positive,5,share_negative_mean,1.0,0.0,300,0.028346357962959753
shared,100.0,0.9,0.1,100,0.25,positive,5,share_negative_sd_across_perceivers,0.0,0.0,300,0.028346357962959753
shared,100.0,0.9,0.1,100,0.25,positive,5,prop_perceivers_majority_negative,1.0,0.0,300,0.028346357962959753
shared,100.0,0.9,0.1,100,0.25,positive,5,hit_rate_true_differences,0.0,0.0,300,0.028346357962959753
shared,100.0,0.9,0.1,100,0.25,positive,5,jaccard_with_society_top5,0.990111111111111,0.0023202015856015946,300,0.028346357962959753
shared,100.0,0.9,0.1,100,0.25,positive,5,society_share_negative_top5,1.0,0.0,300,0.028346357962959753
shared,100.0,0.9,0.1,100,0.25,mixed,5,jaccard_mean_pairwise,0.9889122807017543,0.0024903064524590493,300,0.028346357962959753
shared,100.0,0.9,0.1,100,0.25,mixed,5,share_negative_mean,1.0,0.0,300,0.028346357962959753
shared,100.0,0.9,0.1,100,0.25,mixed,5,share_negative_sd_across_perceivers,0.0,0.0,300,0.028346357962959753
shared,100.0,0.9,0.1,100,0.25,mixed,5,prop_perceivers_majority_negative,1.0,0.0,300,0.028346357962959753
shared,100.0,0.9,0.1,100,0.25,mixed,5,hit_rate_true_differences,0.1497666666666667,0.008828531119289667,300,0.028346357962959753
shared,100.0,0.9,0.1,100,0.25,mixed,5,jaccard_with_society_top5,0.9881666666666666,0.0026894753376770805,300,0.028346357962959753
shared,100.0,0.9,0.1,100,0.25,mixed,5,society_share_negative_top5,1.0,0.0,300,0.028346357962959753
shared,100.0,0.9,0.1,100,0.5,negative,5,jaccard_mean_pairwise,0.9938713450292399,0.0018203012303206856,300,0.028346357962959753
shared,100.0,0.9,0.1,100,0.5,negative,5,share_negative_mean,1.0,0.0,300,0.028346357962959753
shared,100.0,0.9,0.1,100,0.5,negative,5,share_negative_sd_across_perceivers,0.0,0.0,300,0.028346357962959753
shared,100.0,0.9,0.1,100,0.5,negative,5,prop_perceivers_majority_negative,1.0,0.0,300,0.028346357962959753
shared,100.0,0.9,0.1,100,0.5,negative,5,hit_rate_true_differences,0.5122999999999999,0.010200396193149209,300,0.028346357962959753
shared,100.0,0.9,0.1,100,0.5,negative,5,jaccard_with_society_top5,0.9936666666666667,0.0019186024993731166,300,0.028346357962959753
shared,100.0,0.9,0.1,100,0.5,negative,5,society_share_negative_top5,1.0,0.0,300,0.028346357962959753
shared,100.0,0.9,0.1,100,0.5,positive,5,jaccard_mean_pairwise,0.9920935672514618,0.0021682363436861477,300,0.028346357962959753
shared,100.0,0.9,0.1,100,0.5,positive,5,share_negative_mean,1.0,0.0,300,0.028346357962959753
shared,100.0,0.9,0.1,100,0.5,positive,5,share_negative_sd_across_perceivers,0.0,0.0,300,0.028346357962959753
shared,100.0,0.9,0.1,100,0.5,positive,5,prop_perceivers_majority_negative,1.0,0.0,300,0.028346357962959753
shared,100.0,0.9,0.1,100,0.5,positive,5,hit_rate_true_differences,0.0,0.0,300,0.028346357962959753
shared,100.0,0.9,0.1,100,0.5,positive,5,jaccard_with_society_top5,0.9922777777777778,0.002165713613294291,300,0.028346357962959753
shared,100.0,0.9,0.1,100,0.5,positive,5,society_share_negative_top5,1.0,0.0,300,0.028346357962959753
shared,100.0,0.9,0.1,100,0.5,mixed,5,jaccard_mean_pairwise,0.9914502923976607,0.0021705313762567487,300,0.028346357962959753
shared,100.0,0.9,0.1,100,0.5,mixed,5,share_negative_mean,1.0,0.0,300,0.028346357962959753
shared,100.0,0.9,0.1,100,0.5,mixed,5,share_negative_sd_across_perceivers,0.0,0.0,300,0.028346357962959753
shared,100.0,0.9,0.1,100,0.5,mixed,5,prop_perceivers_majority_negative,1.0,0.0,300,0.028346357962959753
shared,100.0,0.9,0.1,100,0.5,mixed,5,hit_rate_true_differences,0.25860000000000005,0.009924021283695532,300,0.028346357962959753
shared,100.0,0.9,0.1,100,0.5,mixed,5,jaccard_with_society_top5,0.9914444444444442,0.0022112419173683944,300,0.028346357962959753
shared,100.0,0.9,0.1,100,0.5,mixed,5,society_share_negative_top5,1.0,0.0,300,0.028346357962959753
shared,100.0,0.9,0.1,100,1.0,negative,5,jaccard_mean_pairwise,0.9969298245614034,0.001374510343289851,300,0.028346357962959753
shared,100.0,0.9,0.1,100,1.0,negative,5,share_negative_mean,1.0,0.0,300,0.028346357962959753
shared,100.0,0.9,0.1,100,1.0,negative,5,share_negative_sd_across_perceivers,0.0,0.0,300,0.028346357962959753
shared,100.0,0.9,0.1,100,1.0,negative,5,prop_perceivers_majority_negative,1.0,0.0,300,0.028346357962959753
shared,100.0,0.9,0.1,100,1.0,negative,5,hit_rate_true_differences,0.8908333333333334,0.006772371298615967,300,0.028346357962959753
shared,100.0,0.9,0.1,100,1.0,negative,5,jaccard_with_society_top5,0.9968333333333333,0.0014123839564653142,300,0.028346357962959753
shared,100.0,0.9,0.1,100,1.0,negative,5,society_share_negative_top5,1.0,0.0,300,0.028346357962959753
shared,100.0,0.9,0.1,100,1.0,positive,5,jaccard_mean_pairwise,0.9928654970760233,0.0019449643996832396,300,0.028346357962959753
shared,100.0,0.9,0.1,100,1.0,positive,5,share_negative_mean,1.0,0.0,300,0.028346357962959753
shared,100.0,0.9,0.1,100,1.0,positive,5,share_negative_sd_across_perceivers,0.0,0.0,300,0.028346357962959753
shared,100.0,0.9,0.1,100,1.0,positive,5,prop_perceivers_majority_negative,1.0,0.0,300,0.028346357962959753
shared,100.0,0.9,0.1,100,1.0,positive,5,hit_rate_true_differences,0.0,0.0,300,0.028346357962959753
shared,100.0,0.9,0.1,100,1.0,positive,5,jaccard_with_society_top5,0.9931111111111112,0.0019347291398606995,300,0.028346357962959753
shared,100.0,0.9,0.1,100,1.0,positive,5,society_share_negative_top5,1.0,0.0,300,0.028346357962959753
shared,100.0,0.9,0.1,100,1.0,mixed,5,jaccard_mean_pairwise,0.9944795321637426,0.0017244561807011549,300,0.028346357962959753
shared,100.0,0.9,0.1,100,1.0,mixed,5,share_negative_mean,1.0,0.0,300,0.028346357962959753
shared,100.0,0.9,0.1,100,1.0,mixed,5,share_negative_sd_across_perceivers,0.0,0.0,300,0.028346357962959753
shared,100.0,0.9,0.1,100,1.0,mixed,5,prop_perceivers_majority_negative,1.0,0.0,300,0.028346357962959753
shared,100.0,0.9,0.1,100,1.0,mixed,5,hit_rate_true_differences,0.4890666666666666,0.012946394352046132,300,0.028346357962959753
shared,100.0,0.9,0.1,100,1.0,mixed,5,jaccard_with_society_top5,0.9953333333333332,0.001485384429034813,300,0.028346357962959753
shared,100.0,0.9,0.1,100,1.0,mixed,5,society_share_negative_top5,1.0,0.0,300,0.028346357962959753
shared,100.0,0.9,0.1,100,2.0,negative,5,jaccard_mean_pairwise,1.0,0.0,300,0.028346357962959753
shared,100.0,0.9,0.1,100,2.0,negative,5,share_negative_mean,1.0,0.0,300,0.028346357962959753
shared,100.0,0.9,0.1,100,2.0,negative,5,share_negative_sd_across_perceivers,0.0,0.0,300,0.028346357962959753
shared,100.0,0.9,0.1,100,2.0,negative,5,prop_perceivers_majority_negative,1.0,0.0,300,0.028346357962959753
shared,100.0,0.9,0.1,100,2.0,negative,5,hit_rate_true_differences,1.0,0.0,300,0.028346357962959753
shared,100.0,0.9,0.1,100,2.0,negative,5,jaccard_with_society_top5,1.0,0.0,300,0.028346357962959753
shared,100.0,0.9,0.1,100,2.0,negative,5,society_share_negative_top5,1.0,0.0,300,0.028346357962959753
shared,100.0,0.9,0.1,100,2.0,positive,5,jaccard_mean_pairwise,0.9874502923976608,0.002595143376884632,300,0.028346357962959753
shared,100.0,0.9,0.1,100,2.0,positive,5,share_negative_mean,1.0,0.0,300,0.028346357962959753
shared,100.0,0.9,0.1,100,2.0,positive,5,share_negative_sd_across_perceivers,0.0,0.0,300,0.028346357962959753
shared,100.0,0.9,0.1,100,2.0,positive,5,prop_perceivers_majority_negative,1.0,0.0,300,0.028346357962959753
shared,100.0,0.9,0.1,100,2.0,positive,5,hit_rate_true_differences,0.0,0.0,300,0.028346357962959753
shared,100.0,0.9,0.1,100,2.0,positive,5,jaccard_with_society_top5,0.9881111111111112,0.002516726324390956,300,0.028346357962959753
shared,100.0,0.9,0.1,100,2.0,positive,5,society_share_negative_top5,1.0,0.0,300,0.028346357962959753
shared,100.0,0.9,0.1,100,2.0,mixed,5,jaccard_mean_pairwise,0.9937017543859649,0.001883662054505766,300,0.028346357962959753
shared,100.0,0.9,0.1,100,2.0,mixed,5,share_negative_mean,1.0,0.0,300,0.028346357962959753
shared,100.0,0.9,0.1,100,2.0,mixed,5,share_negative_sd_across_perceivers,0.0,0.0,300,0.028346357962959753
shared,100.0,0.9,0.1,100,2.0,mixed,5,prop_perceivers_majority_negative,1.0,0.0,300,0.028346357962959753
shared,100.0,0.9,0.1,100,2.0,mixed,5,hit_rate_true_differences,0.5059999999999999,0.012506052046614953,300,0.028346357962959753
shared,100.0,0.9,0.1,100,2.0,mixed,5,jaccard_with_society_top5,0.9936666666666667,0.0019537891924659013,300,0.028346357962959753
shared,100.0,0.9,0.1,100,2.0,mixed,5,society_share_negative_top5,1.0,0.0,300,0.028346357962959753
shared,1000.0,0.5,0.5,10,0.0,none,0,jaccard_mean_pairwise,0.029882344750765788,0.00026149101946305143,300,0.028346357962959753
shared,1000.0,0.5,0.5,10,0.0,none,0,share_negative_mean,0.49866666666666676,0.0027820628412954895,300,0.028346357962959753
shared,1000.0,0.5,0.5,10,0.0,none,0,share_negative_sd_across_perceivers,0.2209543066517339,0.0018488009217179397,300,0.028346357962959753
shared,1000.0,0.5,0.5,10,0.0,none,0,prop_perceivers_majority_negative,0.49416666666666664,0.005818982187419911,300,0.028346357962959753
shared,1000.0,0.5,0.5,10,0.0,none,0,jaccard_with_society_top5,0.040898809523809525,0.0008412305076548642,300,0.028346357962959753
shared,1000.0,0.5,0.5,10,0.0,none,0,society_share_negative_top5,0.4853333333333334,0.012338349035851964,300,0.028346357962959753
shared,1000.0,0.5,0.5,10,0.25,negative,5,jaccard_mean_pairwise,0.031005151768309636,0.0002747243339955647,300,0.028346357962959753
shared,1000.0,0.5,0.5,10,0.25,negative,5,share_negative_mean,0.5283666666666667,0.0026871419891517654,300,0.028346357962959753
shared,1000.0,0.5,0.5,10,0.25,negative,5,share_negative_sd_across_perceivers,0.21947107130040025,0.001730366094810159,300,0.028346357962959753
shared,1000.0,0.5,0.5,10,0.25,negative,5,prop_perceivers_majority_negative,0.5585,0.00597358081735686,300,0.028346357962959753
shared,1000.0,0.5,0.5,10,0.25,negative,5,hit_rate_true_differences,0.09566666666666668,0.001769198455103733,300,0.028346357962959753
shared,1000.0,0.5,0.5,10,0.25,negative,5,jaccard_with_society_top5,0.05624140211640211,0.0010946243364659243,300,0.028346357962959753
shared,1000.0,0.5,0.5,10,0.25,negative,5,society_share_negative_top5,0.9533333333333334,0.005071030216285234,300,0.028346357962959753
shared,1000.0,0.5,0.5,10,0.25,positive,5,jaccard_mean_pairwise,0.03055374547479809,0.00026991907245217444,300,0.028346357962959753
shared,1000.0,0.5,0.5,10,0.25,positive,5,share_negative_mean,0.4745000000000001,0.0027743550075495513,300,0.028346357962959753
shared,1000.0,0.5,0.5,10,0.25,positive,5,share_negative_sd_across_perceivers,0.2177010918168021,0.0017577144644489713,300,0.028346357962959753
shared,1000.0,0.5,0.5,10,0.25,positive,5,prop_perceivers_majority_negative,0.44916666666666666,0.006257474163429116,300,0.028346357962959753
shared,1000.0,0.5,0.5,10,0.25,positive,5,hit_rate_true_differences,0.092,0.0016614187165240738,300,0.028346357962959753
shared,1000.0,0.5,0.5,10,0.25,positive,5,jaccard_with_society_top5,0.05342658730158731,0.0010107482723621139,300,0.028346357962959753
shared,1000.0,0.5,0.5,10,0.25,positive,5,society_share_negative_top5,0.05466666666666666,0.005489898158541349,300,0.028346357962959753
shared,1000.0,0.5,0.5,10,0.25,mixed,5,jaccard_mean_pairwise,0.0305252715121136,0.0002802305409102722,300,0.028346357962959753
shared,1000.0,0.5,0.5,10,0.25,mixed,5,share_negative_mean,0.4979,0.0028086047905615374,300,0.028346357962959753
shared,1000.0,0.5,0.5,10,0.25,mixed,5,share_negative_sd_across_perceivers,0.21699757878202935,0.001910496484484451,300,0.028346357962959753
shared,1000.0,0.5,0.5,10,0.25,mixed,5,prop_perceivers_majority_negative,0.49549999999999994,0.006265604822394442,300,0.028346357962959753
shared,1000.0,0.5,0.5,10,0.25,mixed,5,hit_rate_true_differences,0.09116666666666667,0.0016757555964478784,300,0.028346357962959753
shared,1000.0,0.5,0.5,10,0.25,mixed,5,jaccard_with_society_top5,0.05369246031746031,0.001025196427777106,300,0.028346357962959753
shared,1000.0,0.5,0.5,10,0.25,mixed,5,society_share_negative_top5,0.48866666666666675,0.012168212818480696,300,0.028346357962959753
shared,1000.0,0.5,0.5,10,0.5,negative,5,jaccard_mean_pairwise,0.0362933027011974,0.0003668910388280245,300,0.028346357962959753
shared,1000.0,0.5,0.5,10,0.5,negative,5,share_negative_mean,0.5542666666666667,0.002785010576160778,300,0.028346357962959753
shared,1000.0,0.5,0.5,10,0.5,negative,5,share_negative_sd_across_perceivers,0.21671191771699302,0.0018764397590969137,300,0.028346357962959753
shared,1000.0,0.5,0.5,10,0.5,negative,5,prop_perceivers_majority_negative,0.6041666666666666,0.006199301994968745,300,0.028346357962959753
shared,1000.0,0.5,0.5,10,0.5,negative,5,hit_rate_true_differences,0.15193333333333336,0.0019142098062804014,300,0.028346357962959753
shared,1000.0,0.5,0.5,10,0.5,negative,5,jaccard_with_society_top5,0.09007142857142858,0.001216303325101057,300,0.028346357962959753
shared,1000.0,0.5,0.5,10,0.5,negative,5,society_share_negative_top5,1.0,0.0,300,0.028346357962959753
shared,1000.0,0.5,0.5,10,0.5,positive,5,jaccard_mean_pairwise,0.03559934558618766,0.0003581183406073211,300,0.028346357962959753
shared,1000.0,0.5,0.5,10,0.5,positive,5,share_negative_mean,0.4499666666666667,0.0029376646597113715,300,0.028346357962959753
shared,1000.0,0.5,0.5,10,0.5,positive,5,share_negative_sd_across_perceivers,0.21350729897295015,0.001947110588659351,300,0.028346357962959753
shared,1000.0,0.5,0.5,10,0.5,positive,5,prop_perceivers_majority_negative,0.40650000000000003,0.006374441195698145,300,0.028346357962959753
shared,1000.0,0.5,0.5,10,0.5,positive,5,hit_rate_true_differences,0.1497,0.001989025071683601,300,0.028346357962959753
shared,1000.0,0.5,0.5,10,0.5,positive,5,jaccard_with_society_top5,0.0886382275132275,0.0012649569606616663,300,0.028346357962959753
shared,1000.0,0.5,0.5,10,0.5,positive,5,society_share_negative_top5,0.0,0.0,300,0.028346357962959753
shared,1000.0,0.5,0.5,10,0.5,mixed,5,jaccard_mean_pairwise,0.03594618490671119,0.0003684319860545637,300,0.028346357962959753
shared,1000.0,0.5,0.5,10,0.5,mixed,5,share_negative_mean,0.5062000000000001,0.0031747119533308958,300,0.028346357962959753
shared,1000.0,0.5,0.5,10,0.5,mixed,5,share_negative_sd_across_perceivers,0.2127617759081017,0.0018356506977209365,300,0.028346357962959753
shared,1000.0,0.5,0.5,10,0.5,mixed,5,prop_perceivers_majority_negative,0.51,0.007196090850097291,300,0.028346357962959753
shared,1000.0,0.5,0.5,10,0.5,mixed,5,hit_rate_true_differences,0.1512666666666667,0.0020208463922850362,300,0.028346357962959753
shared,1000.0,0.5,0.5,10,0.5,mixed,5,jaccard_with_society_top5,0.0897308201058201,0.0012956475396907767,300,0.028346357962959753
shared,1000.0,0.5,0.5,10,0.5,mixed,5,society_share_negative_top5,0.5126666666666667,0.012417786119693621,300,0.028346357962959753
shared,1000.0,0.5,0.5,10,1.0,negative,5,jaccard_mean_pairwise,0.06779177109440257,0.0008451654251000155,300,0.028346357962959753
shared,1000.0,0.5,0.5,10,1.0,negative,5,share_negative_mean,0.6288,0.002712882681110919,300,0.028346357962959753
shared,1000.0,0.5,0.5,10,1.0,negative,5,share_negative_sd_across_perceivers,0.2047653091178448,0.0018038629747202234,300,0.028346357962959753
shared,1000.0,0.5,0.5,10,1.0,negative,5,prop_perceivers_majority_negative,0.7421666666666666,0.005844598137390479,300,0.028346357962959753
shared,1000.0,0.5,0.5,10,1.0,negative,5,hit_rate_true_differences,0.29860000000000003,0.002495060895854954,300,0.028346357962959753
shared,1000.0,0.5,0.5,10,1.0,negative,5,jaccard_with_society_top5,0.19008002645502645,0.0018562020491657458,300,0.028346357962959753
shared,1000.0,0.5,0.5,10,1.0,negative,5,society_share_negative_top5,1.0,0.0,300,0.028346357962959753
shared,1000.0,0.5,0.5,10,1.0,positive,5,jaccard_mean_pairwise,0.06963234475076571,0.0009356244672015667,300,0.028346357962959753
shared,1000.0,0.5,0.5,10,1.0,positive,5,share_negative_mean,0.3641666666666667,0.0027668439588061358,300,0.028346357962959753
shared,1000.0,0.5,0.5,10,1.0,positive,5,share_negative_sd_across_perceivers,0.2059236724945714,0.0019159132662607894,300,0.028346357962959753
shared,1000.0,0.5,0.5,10,1.0,positive,5,prop_perceivers_majority_negative,0.25366666666666665,0.0060663064810322145,300,0.028346357962959753
shared,1000.0,0.5,0.5,10,1.0,positive,5,hit_rate_true_differences,0.30150000000000005,0.002615503472936974,300,0.028346357962959753
shared,1000.0,0.5,0.5,10,1.0,positive,5,jaccard_with_society_top5,0.19215939153439152,0.0019461418239345718,300,0.028346357962959753
shared,1000.0,0.5,0.5,10,1.0,positive,5,society_share_negative_top5,0.0,0.0,300,0.028346357962959753
shared,1000.0,0.5,0.5,10,1.0,mixed,5,jaccard_mean_pairwise,0.07085206070732376,0.0009149979637270134,300,0.028346357962959753
shared,1000.0,0.5,0.5,10,1.0,mixed,5,share_negative_mean,0.5021666666666667,0.004320612062150643,300,0.028346357962959753
shared,1000.0,0.5,0.5,10,1.0,mixed,5,share_negative_sd_across_perceivers,0.2075361530474837,0.0018409196677960256,300,0.028346357962959753
shared,1000.0,0.5,0.5,10,1.0,mixed,5,prop_perceivers_majority_negative,0.5055,0.00880130285784671,300,0.028346357962959753
shared,1000.0,0.5,0.5,10,1.0,mixed,5,hit_rate_true_differences,0.30643333333333334,0.00250681049303929,300,0.028346357962959753
shared,1000.0,0.5,0.5,10,1.0,mixed,5,jaccard_with_society_top5,0.19585449735449736,0.0018738356492240874,300,0.028346357962959753
shared,1000.0,0.5,0.5,10,1.0,mixed,5,society_share_negative_top5,0.5053333333333332,0.012996640791727436,300,0.028346357962959753
shared,1000.0,0.5,0.5,10,2.0,negative,5,jaccard_mean_pairwise,0.22504935950988597,0.0021698461308226093,300,0.028346357962959753
shared,1000.0,0.5,0.5,10,2.0,negative,5,share_negative_mean,0.7767666666666667,0.0022307361060598875,300,0.028346357962959753
shared,1000.0,0.5,0.5,10,2.0,negative,5,share_negative_sd_across_perceivers,0.17199654952590968,0.0015266156790099646,300,0.028346357962959753
shared,1000.0,0.5,0.5,10,2.0,negative,5,prop_perceivers_majority_negative,0.9421666666666666,0.0028898231202437036,300,0.028346357962959753
shared,1000.0,0.5,0.5,10,2.0,negative,5,hit_rate_true_differences,0.5787333333333333,0.0024647315317488793,300,0.028346357962959753
shared,1000.0,0.5,0.5,10,2.0,negative,5,jaccard_with_society_top5,0.4304543650793651,0.0025199165075364327,300,0.028346357962959753
shared,1000.0,0.5,0.5,10,2.0,negative,5,society_share_negative_top5,1.0,0.0,300,0.028346357962959753
shared,1000.0,0.5,0.5,10,2.0,positive,5,jaccard_mean_pairwise,0.2241081175160124,0.002055172720994763,300,0.028346357962959753
shared,1000.0,0.5,0.5,10,2.0,positive,5,share_negative_mean,0.22243333333333334,0.0020790500003014002,300,0.028346357962959753
shared,1000.0,0.5,0.5,10,2.0,positive,5,share_negative_sd_across_perceivers,0.169497493411944,0.00156015682849904,300,0.028346357962959753
shared,1000.0,0.5,0.5,10,2.0,positive,5,prop_perceivers_majority_negative,0.057166666666666664,0.003008889961999076,300,0.028346357962959753
shared,1000.0,0.5,0.5,10,2.0,positive,5,hit_rate_true_differences,0.5768000000000001,0.0023603185545450784,300,0.028346357962959753
shared,1000.0,0.5,0.5,10,2.0,positive,5,jaccard_with_society_top5,0.42978240740740736,0.0024142975033595213,300,0.028346357962959753
shared,1000.0,0.5,0.5,10,2.0,positive,5,society_share_negative_top5,0.0,0.0,300,0.028346357962959753
shared,1000.0,0.5,0.5,10,2.0,mixed,5,jaccard_mean_pairwise,0.22092014759120038,0.0020419658020282487,300,0.028346357962959753
shared,1000.0,0.5,0.5,10,2.0,mixed,5,share_negative_mean,0.5062000000000001,0.007112778395215373,300,0.028346357962959753
shared,1000.0,0.5,0.5,10,2.0,mixed,5,share_negative_sd_across_perceivers,0.18191641053107757,0.0016021225585245032,300,0.028346357962959753
shared,1000.0,0.5,0.5,10,2.0,mixed,5,prop_perceivers_majority_negative,0.516,0.01435852443951911,300,0.028346357962959753
shared,1000.0,0.5,0.5,10,2.0,mixed,5,hit_rate_true_differences,0.5739666666666666,0.002357605087066665,300,0.028346357962959753
shared,1000.0,0.5,0.5,10,2.0,mixed,5,jaccard_with_society_top5,0.42644312169312165,0.002414665750608985,300,0.028346357962959753
shared,1000.0,0.5,0.5,10,2.0,mixed,5,society_share_negative_top5,0.506,0.012217464700224277,300,0.028346357962959753
shared,1000.0,0.5,0.5,30,0.0,none,0,jaccard_mean_pairwise,0.031991785018100787,0.00027805370811911077,300,0.028346357962959753
shared,1000.0,0.5,0.5,30,0.0,none,0,share_negative_mean,0.5019000000000001,0.002834759952990973,300,0.028346357962959753
shared,1000.0,0.5,0.5,30,0.0,none,0,share_negative_sd_across_perceivers,0.2177947298019002,0.001784147454791227,300,0.028346357962959753
shared,1000.0,0.5,0.5,30,0.0,none,0,prop_perceivers_majority_negative,0.498,0.006404081753008749,300,0.028346357962959753
shared,1000.0,0.5,0.5,30,0.0,none,0,jaccard_with_society_top5,0.053919973544973555,0.0009955904366720286,300,0.028346357962959753
shared,1000.0,0.5,0.5,30,0.0,none,0,society_share_negative_top5,0.506,0.013098205515905634,300,0.028346357962959753
shared,1000.0,0.5,0.5,30,0.25,negative,5,jaccard_mean_pairwise,0.03777025898078526,0.0004069448926822809,300,0.028346357962959753
shared,1000.0,0.5,0.5,30,0.25,negative,5,share_negative_mean,0.5490999999999999,0.0027788358445685647,300,0.028346357962959753
shared,1000.0,0.5,0.5,30,0.25,negative,5,share_negative_sd_across_perceivers,0.2126748105527666,0.0018428110966341824,300,0.028346357962959753
shared,1000.0,0.5,0.5,30,0.25,negative,5,prop_perceivers_majority_negative,0.5978333333333334,0.006393010804177189,300,0.028346357962959753
shared,1000.0,0.5,0.5,30,0.25,negative,5,hit_rate_true_differences,0.14193333333333333,0.002154766220643474,300,0.028346357962959753
shared,1000.0,0.5,0.5,30,0.25,negative,5,jaccard_with_society_top5,0.08533002645502646,0.0013753992862253063,300,0.028346357962959753
shared,1000.0,0.5,0.5,30,0.25,negative,5,society_share_negative_top5,0.9413333333333332,0.00597977515364463,300,0.028346357962959753
shared,1000.0,0.5,0.5,30,0.25,positive,5,jaccard_mean_pairwise,0.037296922862712294,0.0003692662906913379,300,0.028346357962959753
shared,1000.0,0.5,0.5,30,0.25,positive,5,share_negative_mean,0.4468666666666667,0.003099708093327892,300,0.028346357962959753
shared,1000.0,0.5,0.5,30,0.25,positive,5,share_negative_sd_across_perceivers,0.21327042412488295,0.0019140173971659768,300,0.028346357962959753
shared,1000.0,0.5,0.5,30,0.25,positive,5,prop_perceivers_majority_negative,0.4016666666666667,0.006697947793549405,300,0.028346357962959753
shared,1000.0,0.5,0.5,30,0.25,positive,5,hit_rate_true_differences,0.14016666666666666,0.002074132413665187,300,0.028346357962959753
shared,1000.0,0.5,0.5,30,0.25,positive,5,jaccard_with_society_top5,0.0840383597883598,0.001311010365017056,300,0.028346357962959753
shared,1000.0,0.5,0.5,30,0.25,positive,5,society_share_negative_top5,0.062000000000000006,0.006126499998339542,300,0.028346357962959753
shared,1000.0,0.5,0.5,30,0.25,mixed,5,jaccard_mean_pairwise,0.03777060707323861,0.0003875997154406894,300,0.028346357962959753
shared,1000.0,0.5,0.5,30,0.25,mixed,5,share_negative_mean,0.4943666666666667,0.0032928077203228045,300,0.028346357962959753
shared,1000.0,0.5,0.5,30,0.25,mixed,5,share_negative_sd_across_perceivers,0.2125161893458464,0.0017142172096198283,300,0.028346357962959753
shared,1000.0,0.5,0.5,30,0.25,mixed,5,prop_perceivers_majority_negative,0.48616666666666664,0.007375946676324381,300,0.028346357962959753
shared,1000.0,0.5,0.5,30,0.25,mixed,5,hit_rate_true_differences,0.1448666666666667,0.002139751354778165,300,0.028346357962959753
shared,1000.0,0.5,0.5,30,0.25,mixed,5,jaccard_with_society_top5,0.08618783068783069,0.0013001891097072255,300,0.028346357962959753
shared,1000.0,0.5,0.5,30,0.25,mixed,5,society_share_negative_top5,0.4953333333333334,0.012109435345116418,300,0.028346357962959753
shared,1000.0,0.5,0.5,30,0.5,negative,5,jaccard_mean_pairwise,0.067027499303815,0.000847464454679132,300,0.028346357962959753
shared,1000.0,0.5,0.5,30,0.5,negative,5,share_negative_mean,0.6212666666666666,0.003101620870652862,300,0.028346357962959753
shared,1000.0,0.5,0.5,30,0.5,negative,5,share_negative_sd_across_perceivers,0.20458851314531334,0.0018520941344242559,300,0.028346357962959753
shared,1000.0,0.5,0.5,30,0.5,negative,5,prop_perceivers_majority_negative,0.7301666666666667,0.006343468684096791,300,0.028346357962959753
shared,1000.0,0.5,0.5,30,0.5,negative,5,hit_rate_true_differences,0.28440000000000004,0.002483820554809663,300,0.028346357962959753
shared,1000.0,0.5,0.5,30,0.5,negative,5,jaccard_with_society_top5,0.1792063492063492,0.0018041759572951306,300,0.028346357962959753
shared,1000.0,0.5,0.5,30,0.5,negative,5,society_share_negative_top5,1.0,0.0,300,0.028346357962959753
shared,1000.0,0.5,0.5,30,0.5,positive,5,jaccard_mean_pairwise,0.06747813979392916,0.0008933841627726832,300,0.028346357962959753
shared,1000.0,0.5,0.5,30,0.5,positive,5,share_negative_mean,0.3749,0.0027441982988175248,300,0.028346357962959753
shared,1000.0,0.5,0.5,30,0.5,positive,5,share_negative_sd_across_perceivers,0.20303976414911232,0.001852171614569524,300,0.028346357962959753
shared,1000.0,0.5,0.5,30,0.5,positive,5,prop_perceivers_majority_negative,0.26366666666666666,0.005815796221761118,300,0.028346357962959753
shared,1000.0,0.5,0.5,30,0.5,positive,5,hit_rate_true_differences,0.28673333333333334,0.002569000227753386,300,0.028346357962959753
shared,1000.0,0.5,0.5,30,0.5,positive,5,jaccard_with_society_top5,0.18141269841269841,0.0018754469063569986,300,0.028346357962959753
shared,1000.0,0.5,0.5,30,0.5,positive,5,society_share_negative_top5,0.0,0.0,300,0.028346357962959753
shared,1000.0,0.5,0.5,30,0.5,mixed,5,jaccard_mean_pairwise,0.06873607630186566,0.000902739690302965,300,0.028346357962959753
shared,1000.0,0.5,0.5,30,0.5,mixed,5,share_negative_mean,0.49803333333333333,0.004601560089607469,300,0.028346357962959753
shared,1000.0,0.5,0.5,30,0.5,mixed,5,share_negative_sd_across_perceivers,0.2068639957098099,0.0017453196379078498,300,0.028346357962959753
shared,1000.0,0.5,0.5,30,0.5,mixed,5,prop_perceivers_majority_negative,0.4921666666666666,0.009543126114573114,300,0.028346357962959753
shared,1000.0,0.5,0.5,30,0.5,mixed,5,hit_rate_true_differences,0.2899333333333334,0.00260562522142003,300,0.028346357962959753
shared,1000.0,0.5,0.5,30,0.5,mixed,5,jaccard_with_society_top5,0.18397023809523808,0.0019263077680881794,300,0.028346357962959753
shared,1000.0,0.5,0.5,30,0.5,mixed,5,society_share_negative_top5,0.49133333333333323,0.013295990068956381,300,0.028346357962959753
shared,1000.0,0.5,0.5,30,1.0,negative,5,jaccard_mean_pairwise,0.2644914369256477,0.002513169374949346,300,0.028346357962959753
shared,1000.0,0.5,0.5,30,1.0,negative,5,share_negative_mean,0.8014333333333333,0.0023799695216158005,300,0.028346357962959753
shared,1000.0,0.5,0.5,30,1.0,negative,5,share_negative_sd_across_perceivers,0.1616940977421029,0.001395630036481295,300,0.028346357962959753
shared,1000.0,0.5,0.5,30,1.0,negative,5,prop_perceivers_majority_negative,0.9614999999999999,0.0024142483960284105,300,0.028346357962959753
shared,1000.0,0.5,0.5,30,1.0,negative,5,hit_rate_true_differences,0.618,0.0025287642890217026,300,0.028346357962959753
shared,1000.0,0.5,0.5,30,1.0,negative,5,jaccard_with_society_top5,0.47152447089947086,0.0027589049782279895,300,0.028346357962959753
shared,1000.0,0.5,0.5,30,1.0,negative,5,society_share_negative_top5,1.0,0.0,300,0.028346357962959753
shared,1000.0,0.5,0.5,30,1.0,positive,5,jaccard_mean_pairwise,0.2668185742133113,0.0026362709484314953,300,0.028346357962959753
shared,1000.0,0.5,0.5,30,1.0,positive,5,share_negative_mean,0.20370000000000002,0.002279257932399935,300,0.028346357962959753
shared,1000.0,0.5,0.5,30,1.0,positive,5,share_negative_sd_across_perceivers,0.1642797689201797,0.0015637029330152355,300,0.028346357962959753
shared,1000.0,0.5,0.5,30,1.0,positive,5,prop_perceivers_majority_negative,0.04516666666666667,0.0027441874654954308,300,0.028346357962959753
shared,1000.0,0.5,0.5,30,1.0,positive,5,hit_rate_true_differences,0.6193666666666666,0.0027042632568169463,300,0.028346357962959753
shared,1000.0,0.5,0.5,30,1.0,positive,5,jaccard_with_society_top5,0.4743412698412698,0.002895754313837298,300,0.028346357962959753
shared,1000.0,0.5,0.5,30,1.0,positive,5,society_share_negative_top5,0.0,0.0,300,0.028346357962959753
shared,1000.0,0.5,0.5,30,1.0,mixed,5,jaccard_mean_pairwise,0.26704330270119775,0.0025136775234999775,300,0.028346357962959753
shared,1000.0,0.5,0.5,30,1.0,mixed,5,share_negative_mean,0.5008,0.008583648347413961,300,0.028346357962959753
shared,1000.0,0.5,0.5,30,1.0,mixed,5,share_negative_sd_across_perceivers,0.17217796448717357,0.0015392661627104214,300,0.028346357962959753
shared,1000.0,0.5,0.5,30,1.0,mixed,5,prop_perceivers_majority_negative,0.4953333333333333,0.016214650829530594,300,0.028346357962959753
shared,1000.0,0.5,0.5,30,1.0,mixed,5,hit_rate_true_differences,0.6209666666666667,0.0025252783695174246,300,0.028346357962959753
shared,1000.0,0.5,0.5,30,1.0,mixed,5,jaccard_with_society_top5,0.4753108465608465,0.0027552031987935354,300,0.028346357962959753
shared,1000.0,0.5,0.5,30,1.0,mixed,5,society_share_negative_top5,0.4946666666666667,0.013335339871314243,300,0.028346357962959753
shared,1000.0,0.5,0.5,30,2.0,negative,5,jaccard_mean_pairwise,0.8250551378446115,0.0037579781097373463,300,0.028346357962959753
shared,1000.0,0.5,0.5,30,2.0,negative,5,share_negative_mean,0.9697333333333333,0.0009858455711481186,300,0.028346357962959753
shared,1000.0,0.5,0.5,30,2.0,negative,5,share_negative_sd_across_perceivers,0.06926490096770178,0.0013119647444189016,300,0.028346357962959753
shared,1000.0,0.5,0.5,30,2.0,negative,5,prop_perceivers_majority_negative,1.0,0.0,300,0.028346357962959753
shared,1000.0,0.5,0.5,30,2.0,negative,5,hit_rate_true_differences,0.9433,0.001312120837625351,300,0.028346357962959753
shared,1000.0,0.5,0.5,30,2.0,negative,5,jaccard_with_society_top5,0.9065099206349206,0.0021434448872149907,300,0.028346357962959753
shared,1000.0,0.5,0.5,30,2.0,negative,5,society_share_negative_top5,1.0,0.0,300,0.028346357962959753
shared,1000.0,0.5,0.5,30,2.0,positive,5,jaccard_mean_pairwise,0.8214450013923698,0.0036741316799308445,300,0.028346357962959753
shared,1000.0,0.5,0.5,30,2.0,positive,5,share_negative_mean,0.03136666666666667,0.000987884616921834,300,0.028346357962959753
shared,1000.0,0.5,0.5,30,2.0,positive,5,share_negative_sd_across_perceivers,0.07162153683988053,0.0013238734988167903,300,0.028346357962959753
shared,1000.0,0.5,0.5,30,2.0,positive,5,prop_perceivers_majority_negative,0.0,0.0,300,0.028346357962959753
shared,1000.0,0.5,0.5,30,2.0,positive,5,hit_rate_true_differences,0.9419,0.0012949477333495045,300,0.028346357962959753
shared,1000.0,0.5,0.5,30,2.0,positive,5,jaccard_with_society_top5,0.904515873015873,0.00210942877005165,300,0.028346357962959753
shared,1000.0,0.5,0.5,30,2.0,positive,5,society_share_negative_top5,0.0,0.0,300,0.028346357962959753
shared,1000.0,0.5,0.5,30,2.0,mixed,5,jaccard_mean_pairwise,0.8231857421331105,0.0037878260160058314,300,0.028346357962959753
shared,1000.0,0.5,0.5,30,2.0,mixed,5,share_negative_mean,0.4883,0.012318168235308185,300,0.028346357962959753
shared,1000.0,0.5,0.5,30,2.0,mixed,5,share_negative_sd_across_perceivers,0.07075999434768537,0.001473868737984626,300,0.028346357962959753
shared,1000.0,0.5,0.5,30,2.0,mixed,5,prop_perceivers_majority_negative,0.47050000000000003,0.026005193075415378,300,0.028346357962959753
shared,1000.0,0.5,0.5,30,2.0,mixed,5,hit_rate_true_differences,0.9425333333333333,0.00133001817519147,300,0.028346357962959753
shared,1000.0,0.5,0.5,30,2.0,mixed,5,jaccard_with_society_top5,0.9055238095238095,0.002152777377178762,300,0.028346357962959753
shared,1000.0,0.5,0.5,30,2.0,mixed,5,society_share_negative_top5,0.4873333333333333,0.013150304525159185,300,0.028346357962959753
shared,1000.0,0.5,0.5,100,0.0,none,0,jaccard_mean_pairwise,0.041792815371762694,0.0004199728779598905,300,0.028346357962959753
shared,1000.0,0.5,0.5,100,0.0,none,0,share_negative_mean,0.5019000000000001,0.0034772985708981866,300,0.028346357962959753
shared,1000.0,0.5,0.5,100,0.0,none,0,share_negative_sd_across_perceivers,0.2178115127674271,0.0019298599793734085,300,0.028346357962959753
shared,1000.0,0.5,0.5,100,0.0,none,0,prop_perceivers_majority_negative,0.5051666666666667,0.007307157855634749,300,0.028346357962959753
shared,1000.0,0.5,0.5,100,0.0,none,0,jaccard_with_society_top5,0.08679761904761905,0.0013338733829693565,300,0.028346357962959753
shared,1000.0,0.5,0.5,100,0.0,none,0,society_share_negative_top5,0.51,0.012497491387070432,300,0.028346357962959753
shared,1000.0,0.5,0.5,100,0.25,negative,5,jaccard_mean_pairwise,0.07370572263993307,0.0011157817464431533,300,0.028346357962959753
shared,1000.0,0.5,0.5,100,0.25,negative,5,share_negative_mean,0.6173666666666667,0.003332920264261164,300,0.028346357962959753
shared,1000.0,0.5,0.5,100,0.25,negative,5,share_negative_sd_across_perceivers,0.20425767689908222,0.0017351423144451703,300,0.028346357962959753
shared,1000.0,0.5,0.5,100,0.25,negative,5,prop_perceivers_majority_negative,0.7113333333333335,0.006737196591428592,300,0.028346357962959753
shared,1000.0,0.5,0.5,100,0.25,negative,5,hit_rate_true_differences,0.2695,0.0033718372603954152,300,0.028346357962959753
shared,1000.0,0.5,0.5,100,0.25,negative,5,jaccard_with_society_top5,0.1705601851851852,0.002344768349111338,300,0.028346357962959753
shared,1000.0,0.5,0.5,100,0.25,negative,5,society_share_negative_top5,0.95,0.0056761347880005105,300,0.028346357962959753
shared,1000.0,0.5,0.5,100,0.25,positive,5,jaccard_mean_pairwise,0.07145405179615696,0.0010744783417741472,300,0.028346357962959753
shared,1000.0,0.5,0.5,100,0.25,positive,5,share_negative_mean,0.38526666666666665,0.0033487025835298397,300,0.028346357962959753
shared,1000.0,0.5,0.5,100,0.25,positive,5,share_negative_sd_across_perceivers,0.2070755383610404,0.0018387772971999788,300,0.028346357962959753
shared,1000.0,0.5,0.5,100,0.25,positive,5,prop_perceivers_majority_negative,0.28633333333333333,0.0069268889954801635,300,0.028346357962959753
shared,1000.0,0.5,0.5,100,0.25,positive,5,hit_rate_true_differences,0.2653666666666667,0.003179609763163587,300,0.028346357962959753
shared,1000.0,0.5,0.5,100,0.25,positive,5,jaccard_with_society_top5,0.16838624338624336,0.002227830426606677,300,0.028346357962959753
shared,1000.0,0.5,0.5,100,0.25,positive,5,society_share_negative_top5,0.054,0.005471319769698765,300,0.028346357962959753
shared,1000.0,0.5,0.5,100,0.25,mixed,5,jaccard_mean_pairwise,0.07372507658033964,0.001052101324711487,300,0.028346357962959753
shared,1000.0,0.5,0.5,100,0.25,mixed,5,share_negative_mean,0.49376666666666674,0.0045564019751877256,300,0.028346357962959753
shared,1000.0,0.5,0.5,100,0.25,mixed,5,share_negative_sd_across_perceivers,0.2081135280061559,0.0017680974158528016,300,0.028346357962959753
shared,1000.0,0.5,0.5,100,0.25,mixed,5,prop_perceivers_majority_negative,0.48883333333333334,0.009210829060441645,300,0.028346357962959753
shared,1000.0,0.5,0.5,100,0.25,mixed,5,hit_rate_true_differences,0.26896666666666663,0.0030644865257160223,300,0.028346357962959753
shared,1000.0,0.5,0.5,100,0.25,mixed,5,jaccard_with_society_top5,0.17146097883597883,0.002126058340108971,300,0.028346357962959753
shared,1000.0,0.5,0.5,100,0.25,mixed,5,society_share_negative_top5,0.5046666666666667,0.011811161259001545,300,0.028346357962959753
shared,1000.0,0.5,0.5,100,0.5,negative,5,jaccard_mean_pairwise,0.2667842522974105,0.003080966425407322,300,0.028346357962959753
shared,1000.0,0.5,0.5,100,0.5,negative,5,share_negative_mean,0.7942666666666667,0.0026651444930964113,300,0.028346357962959753
shared,1000.0,0.5,0.5,100,0.5,negative,5,share_negative_sd_across_perceivers,0.16219594428235504,0.0014180484825734683,300,0.028346357962959753
shared,1000.0,0.5,0.5,100,0.5,negative,5,prop_perceivers_majority_negative,0.9554999999999999,0.0029647219710561934,300,0.028346357962959753
shared,1000.0,0.5,0.5,100,0.5,negative,5,hit_rate_true_differences,0.6080333333333333,0.0032277705022908513,300,0.028346357962959753
shared,1000.0,0.5,0.5,100,0.5,negative,5,jaccard_with_society_top5,0.4611633597883597,0.0034668900374163598,300,0.028346357962959753
shared,1000.0,0.5,0.5,100,0.5,negative,5,society_share_negative_top5,1.0,0.0,300,0.028346357962959753
shared,1000.0,0.5,0.5,100,0.5,positive,5,jaccard_mean_pairwise,0.25994820384294093,0.003102863713773804,300,0.028346357962959753
shared,1000.0,0.5,0.5,100,0.5,positive,5,share_negative_mean,0.2096666666666667,0.0026094047097810877,300,0.028346357962959753
shared,1000.0,0.5,0.5,100,0.5,positive,5,share_negative_sd_across_perceivers,0.16606103832361468,0.0016284000785190245,300,0.028346357962959753
shared,1000.0,0.5,0.5,100,0.5,positive,5,prop_perceivers_majority_negative,0.051000000000000004,0.003077773015275216,300,0.028346357962959753
shared,1000.0,0.5,0.5,100,0.5,positive,5,hit_rate_true_differences,0.6003666666666667,0.0031970925801708618,300,0.028346357962959753
shared,1000.0,0.5,0.5,100,0.5,positive,5,jaccard_with_society_top5,0.45315873015873015,0.0033634632141653505,300,0.028346357962959753
shared,1000.0,0.5,0.5,100,0.5,positive,5,society_share_negative_top5,0.0,0.0,300,0.028346357962959753
shared,1000.0,0.5,0.5,100,0.5,mixed,5,jaccard_mean_pairwise,0.2603732247284881,0.0028684945386801487,300,0.028346357962959753
shared,1000.0,0.5,0.5,100,0.5,mixed,5,share_negative_mean,0.5071000000000001,0.007596262209407276,300,0.028346357962959753
shared,1000.0,0.5,0.5,100,0.5,mixed,5,share_negative_sd_across_perceivers,0.17285488264622184,0.0016832386938499012,300,0.028346357962959753
shared,1000.0,0.5,0.5,100,0.5,mixed,5,prop_perceivers_majority_negative,0.5146666666666667,0.015517985633200783,300,0.028346357962959753
shared,1000.0,0.5,0.5,100,0.5,mixed,5,hit_rate_true_differences,0.6015,0.0031054039998411886,300,0.028346357962959753
shared,1000.0,0.5,0.5,100,0.5,mixed,5,jaccard_with_society_top5,0.45447619047619053,0.003241598500660217,300,0.028346357962959753
shared,1000.0,0.5,0.5,100,0.5,mixed,5,society_share_negative_top5,0.502,0.012185302841996605,300,0.028346357962959753
shared,1000.0,0.5,0.5,100,1.0,negative,5,jaccard_mean_pairwise,0.8811282372598159,0.003561015019243091,300,0.028346357962959753
shared,1000.0,0.5,0.5,100,1.0,negative,5,share_negative_mean,0.9802333333333335,0.0008319408656056834,300,0.028346357962959753
shared,1000.0,0.5,0.5,100,1.0,negative,5,share_negative_sd_across_perceivers,0.05424231326050453,0.0015778972066336273,300,0.028346357962959753
shared,1000.0,0.5,0.5,100,1.0,negative,5,prop_perceivers_majority_negative,1.0,0.0,300,0.028346357962959753
shared,1000.0,0.5,0.5,100,1.0,negative,5,hit_rate_true_differences,0.9623000000000002,0.0011932222191251914,300,0.028346357962959753
shared,1000.0,0.5,0.5,100,1.0,negative,5,jaccard_with_society_top5,0.9375476190476191,0.001962242692177773,300,0.028346357962959753
shared,1000.0,0.5,0.5,100,1.0,negative,5,society_share_negative_top5,1.0,0.0,300,0.028346357962959753
shared,1000.0,0.5,0.5,100,1.0,positive,5,jaccard_mean_pairwise,0.8844586466165413,0.0035128967055288386,300,0.028346357962959753
shared,1000.0,0.5,0.5,100,1.0,positive,5,share_negative_mean,0.019266666666666668,0.000818124310596047,300,0.028346357962959753
shared,1000.0,0.5,0.5,100,1.0,positive,5,share_negative_sd_across_perceivers,0.05260047542810478,0.0015923124950009394,300,0.028346357962959753
shared,1000.0,0.5,0.5,100,1.0,positive,5,prop_perceivers_majority_negative,0.0,0.0,300,0.028346357962959753
shared,1000.0,0.5,0.5,100,1.0,positive,5,hit_rate_true_differences,0.9633666666666666,0.001178115507974521,300,0.028346357962959753
shared,1000.0,0.5,0.5,100,1.0,positive,5,jaccard_with_society_top5,0.9392619047619049,0.0019409644562558596,300,0.028346357962959753
shared,1000.0,0.5,0.5,100,1.0,positive,5,society_share_negative_top5,0.0,0.0,300,0.028346357962959753
shared,1000.0,0.5,0.5,100,1.0,mixed,5,jaccard_mean_pairwise,0.8785247145641881,0.003347828428112224,300,0.028346357962959753
shared,1000.0,0.5,0.5,100,1.0,mixed,5,share_negative_mean,0.511,0.012279583984470367,300,0.028346357962959753
shared,1000.0,0.5,0.5,100,1.0,mixed,5,share_negative_sd_across_perceivers,0.05585171971400536,0.0015203323443850935,300,0.028346357962959753
shared,1000.0,0.5,0.5,100,1.0,mixed,5,prop_perceivers_majority_negative,0.5256666666666666,0.026881250623434463,300,0.028346357962959753
shared,1000.0,0.5,0.5,100,1.0,mixed,5,hit_rate_true_differences,0.9613666666666667,0.0011319799775789052,300,0.028346357962959753
shared,1000.0,0.5,0.5,100,1.0,mixed,5,jaccard_with_society_top5,0.9361230158730158,0.0018513026816869241,300,0.028346357962959753
shared,1000.0,0.5,0.5,100,1.0,mixed,5,society_share_negative_top5,0.51,0.012814602874172201,300,0.028346357962959753
shared,1000.0,0.5,0.5,100,2.0,negative,5,jaccard_mean_pairwise,1.0,0.0,300,0.028346357962959753
shared,1000.0,0.5,0.5,100,2.0,negative,5,share_negative_mean,1.0,0.0,300,0.028346357962959753
shared,1000.0,0.5,0.5,100,2.0,negative,5,share_negative_sd_across_perceivers,0.0,0.0,300,0.028346357962959753
shared,1000.0,0.5,0.5,100,2.0,negative,5,prop_perceivers_majority_negative,1.0,0.0,300,0.028346357962959753
shared,1000.0,0.5,0.5,100,2.0,negative,5,hit_rate_true_differences,1.0,0.0,300,0.028346357962959753
shared,1000.0,0.5,0.5,100,2.0,negative,5,jaccard_with_society_top5,1.0,0.0,300,0.028346357962959753
shared,1000.0,0.5,0.5,100,2.0,negative,5,society_share_negative_top5,1.0,0.0,300,0.028346357962959753
shared,1000.0,0.5,0.5,100,2.0,positive,5,jaccard_mean_pairwise,1.0,0.0,300,0.028346357962959753
shared,1000.0,0.5,0.5,100,2.0,positive,5,share_negative_mean,0.0,0.0,300,0.028346357962959753
shared,1000.0,0.5,0.5,100,2.0,positive,5,share_negative_sd_across_perceivers,0.0,0.0,300,0.028346357962959753
shared,1000.0,0.5,0.5,100,2.0,positive,5,prop_perceivers_majority_negative,0.0,0.0,300,0.028346357962959753
shared,1000.0,0.5,0.5,100,2.0,positive,5,hit_rate_true_differences,1.0,0.0,300,0.028346357962959753
shared,1000.0,0.5,0.5,100,2.0,positive,5,jaccard_with_society_top5,1.0,0.0,300,0.028346357962959753
shared,1000.0,0.5,0.5,100,2.0,positive,5,society_share_negative_top5,0.0,0.0,300,0.028346357962959753
shared,1000.0,0.5,0.5,100,2.0,mixed,5,jaccard_mean_pairwise,1.0,0.0,300,0.028346357962959753
shared,1000.0,0.5,0.5,100,2.0,mixed,5,share_negative_mean,0.5026666666666667,0.012930595395698288,300,0.028346357962959753
shared,1000.0,0.5,0.5,100,2.0,mixed,5,share_negative_sd_across_perceivers,7.574780848525225e-17,2.220332047010663e-18,300,0.028346357962959753
shared,1000.0,0.5,0.5,100,2.0,mixed,5,prop_perceivers_majority_negative,0.49666666666666665,0.02891510401902553,300,0.028346357962959753
shared,1000.0,0.5,0.5,100,2.0,mixed,5,hit_rate_true_differences,1.0,0.0,300,0.028346357962959753
shared,1000.0,0.5,0.5,100,2.0,mixed,5,jaccard_with_society_top5,1.0,0.0,300,0.028346357962959753
shared,1000.0,0.5,0.5,100,2.0,mixed,5,society_share_negative_top5,0.5026666666666667,0.012930595395698288,300,0.028346357962959753
shared,1000.0,0.6,0.4,10,0.0,none,0,jaccard_mean_pairwise,0.04239759120022273,0.00033920523097982834,300,0.028346357962959753
shared,1000.0,0.6,0.4,10,0.0,none,0,share_negative_mean,0.8301000000000001,0.002364492540087475,300,0.028346357962959753
shared,1000.0,0.6,0.4,10,0.0,none,0,share_negative_sd_across_perceivers,0.17195120020086407,0.001780159693324695,300,0.028346357962959753
shared,1000.0,0.6,0.4,10,0.0,none,0,prop_perceivers_majority_negative,0.9566666666666667,0.002491158650761273,300,0.028346357962959753
shared,1000.0,0.6,0.4,10,0.0,none,0,jaccard_with_society_top5,0.056857804232804225,0.0011102346316005805,300,0.028346357962959753
shared,1000.0,0.6,0.4,10,0.0,none,0,society_share_negative_top5,0.8086666666666665,0.010525472985485746,300,0.028346357962959753
shared,1000.0,0.6,0.4,10,0.25,negative,5,jaccard_mean_pairwise,0.04637823725981615,0.00038255848533364536,300,0.028346357962959753
shared,1000.0,0.6,0.4,10,0.25,negative,5,share_negative_mean,0.8537666666666667,0.0019883822734582998,300,0.028346357962959753
shared,1000.0,0.6,0.4,10,0.25,negative,5,share_negative_sd_across_perceivers,0.16107925813400778,0.0017512359428463,300,0.028346357962959753
shared,1000.0,0.6,0.4,10,0.25,negative,5,prop_perceivers_majority_negative,0.9709999999999999,0.0020789865466893953,300,0.028346357962959753
shared,1000.0,0.6,0.4,10,0.25,negative,5,hit_rate_true_differences,0.14283333333333337,0.0019454422242227926,300,0.028346357962959753
shared,1000.0,0.6,0.4,10,0.25,negative,5,jaccard_with_society_top5,0.08478902116402116,0.001221672102898934,300,0.028346357962959753
shared,1000.0,0.6,0.4,10,0.25,negative,5,society_share_negative_top5,0.9953333333333334,0.0017460471894571526,300,0.028346357962959753
shared,1000.0,0.6,0.4,10,0.25,positive,5,jaccard_mean_pairwise,0.04193260930103031,0.0003437232273823817,300,0.028346357962959753
shared,1000.0,0.6,0.4,10,0.25,positive,5,share_negative_mean,0.8188666666666666,0.0023675968150337926,300,0.028346357962959753
shared,1000.0,0.6,0.4,10,0.25,positive,5,share_negative_sd_across_perceivers,0.1726913161743464,0.0018095924509701632,300,0.028346357962959753
shared,1000.0,0.6,0.4,10,0.25,positive,5,prop_perceivers_majority_negative,0.9518333333333334,0.0030990552497656377,300,0.028346357962959753
shared,1000.0,0.6,0.4,10,0.25,positive,5,hit_rate_true_differences,0.03323333333333334,0.001071385534695107,300,0.028346357962959753
shared,1000.0,0.6,0.4,10,0.25,positive,5,jaccard_with_society_top5,0.03229034391534391,0.0009371541389773981,300,0.028346357962959753
shared,1000.0,0.6,0.4,10,0.25,positive,5,society_share_negative_top5,0.23,0.009064367863864551,300,0.028346357962959753
shared,1000.0,0.6,0.4,10,0.25,mixed,5,jaccard_mean_pairwise,0.04395983013088271,0.00037510949073475946,300,0.028346357962959753
shared,1000.0,0.6,0.4,10,0.25,mixed,5,share_negative_mean,0.8374333333333334,0.002349419783365453,300,0.028346357962959753
shared,1000.0,0.6,0.4,10,0.25,mixed,5,share_negative_sd_across_perceivers,0.16512119549319165,0.0016920465438680574,300,0.028346357962959753
shared,1000.0,0.6,0.4,10,0.25,mixed,5,prop_perceivers_majority_negative,0.9626666666666667,0.0026117534413966684,300,0.028346357962959753
shared,1000.0,0.6,0.4,10,0.25,mixed,5,hit_rate_true_differences,0.0888,0.001962775092734768,300,0.028346357962959753
shared,1000.0,0.6,0.4,10,0.25,mixed,5,jaccard_with_society_top5,0.06013955026455027,0.0012374877001727531,300,0.028346357962959753
shared,1000.0,0.6,0.4,10,0.25,mixed,5,society_share_negative_top5,0.6459999999999999,0.01196669477021633,300,0.028346357962959753
shared,1000.0,0.6,0.4,10,0.5,negative,5,jaccard_mean_pairwise,0.059000139236981254,0.0005717031504774406,300,0.028346357962959753
shared,1000.0,0.6,0.4,10,0.5,negative,5,share_negative_mean,0.8765666666666666,0.0020204188078338306,300,0.028346357962959753
shared,1000.0,0.6,0.4,10,0.5,negative,5,share_negative_sd_across_perceivers,0.1498589501423365,0.0016523320400032896,300,0.028346357962959753
shared,1000.0,0.6,0.4,10,0.5,negative,5,prop_perceivers_majority_negative,0.9794999999999999,0.0017712714226283462,300,0.028346357962959753
shared,1000.0,0.6,0.4,10,0.5,negative,5,hit_rate_true_differences,0.22373333333333334,0.002302193870714951,300,0.028346357962959753
shared,1000.0,0.6,0.4,10,0.5,negative,5,jaccard_with_society_top5,0.13713161375661376,0.0015763169873379127,300,0.028346357962959753
shared,1000.0,0.6,0.4,10,0.5,negative,5,society_share_negative_top5,1.0,0.0,300,0.028346357962959753
shared,1000.0,0.6,0.4,10,0.5,positive,5,jaccard_mean_pairwise,0.04119291283764963,0.00031620200799546927,300,0.028346357962959753
shared,1000.0,0.6,0.4,10,0.5,positive,5,share_negative_mean,0.8049333333333334,0.00238281347870995,300,0.028346357962959753
shared,1000.0,0.6,0.4,10,0.5,positive,5,share_negative_sd_across_perceivers,0.18077373505272243,0.0016279700539353172,300,0.028346357962959753
shared,1000.0,0.6,0.4,10,0.5,positive,5,prop_perceivers_majority_negative,0.9395000000000001,0.003003945751513815,300,0.028346357962959753
shared,1000.0,0.6,0.4,10,0.5,positive,5,hit_rate_true_differences,0.05516666666666667,0.0012443480546096323,300,0.028346357962959753
shared,1000.0,0.6,0.4,10,0.5,positive,5,jaccard_with_society_top5,0.03164484126984127,0.0007237604022277187,300,0.028346357962959753
shared,1000.0,0.6,0.4,10,0.5,positive,5,society_share_negative_top5,0.004000000000000001,0.0016192818095054728,300,0.028346357962959753
shared,1000.0,0.6,0.4,10,0.5,mixed,5,jaccard_mean_pairwise,0.05077687273739899,0.0005456289306965167,300,0.028346357962959753
shared,1000.0,0.6,0.4,10,0.5,mixed,5,share_negative_mean,0.8413000000000002,0.002289993257476211,300,0.028346357962959753
shared,1000.0,0.6,0.4,10,0.5,mixed,5,share_negative_sd_across_perceivers,0.165672312969141,0.0017648379146994648,300,0.028346357962959753
shared,1000.0,0.6,0.4,10,0.5,mixed,5,prop_perceivers_majority_negative,0.9615000000000001,0.002448636232271611,300,0.028346357962959753
shared,1000.0,0.6,0.4,10,0.5,mixed,5,hit_rate_true_differences,0.14063333333333336,0.0028527200864245606,300,0.028346357962959753
shared,1000.0,0.6,0.4,10,0.5,mixed,5,jaccard_with_society_top5,0.08312103174603175,0.0017846991419004535,300,0.028346357962959753
shared,1000.0,0.6,0.4,10,0.5,mixed,5,society_share_negative_top5,0.5120000000000001,0.0129817640726999,300,0.028346357962959753
shared,1000.0,0.6,0.4,10,1.0,negative,5,jaccard_mean_pairwise,0.12476573377889152,0.0012571706003500888,300,0.028346357962959753
shared,1000.0,0.6,0.4,10,1.0,negative,5,share_negative_mean,0.9250666666666668,0.0014868380802139924,300,0.028346357962959753
shared,1000.0,0.6,0.4,10,1.0,negative,5,share_negative_sd_across_perceivers,0.11849219401209232,0.0014998131593122578,300,0.028346357962959753
shared,1000.0,0.6,0.4,10,1.0,negative,5,prop_perceivers_majority_negative,0.9953333333333334,0.0008736618477160315,300,0.028346357962959753
shared,1000.0,0.6,0.4,10,1.0,negative,5,hit_rate_true_differences,0.41723333333333334,0.0024335165856990857,300,0.028346357962959753
shared,1000.0,0.6,0.4,10,1.0,negative,5,jaccard_with_society_top5,0.28237632275132274,0.0020767691306962234,300,0.028346357962959753
shared,1000.0,0.6,0.4,10,1.0,negative,5,society_share_negative_top5,1.0,0.0,300,0.028346357962959753
shared,1000.0,0.6,0.4,10,1.0,positive,5,jaccard_mean_pairwise,0.043226329713171766,0.0003323225316057587,300,0.028346357962959753
shared,1000.0,0.6,0.4,10,1.0,positive,5,share_negative_mean,0.7573,0.002606725287100278,300,0.028346357962959753
shared,1000.0,0.6,0.4,10,1.0,positive,5,share_negative_sd_across_perceivers,0.19206477152824766,0.0016506128483151097,300,0.028346357962959753
shared,1000.0,0.6,0.4,10,1.0,positive,5,prop_perceivers_majority_negative,0.8988333333333335,0.003668376514272288,300,0.028346357962959753
shared,1000.0,0.6,0.4,10,1.0,positive,5,hit_rate_true_differences,0.1211,0.001825549504175718,300,0.028346357962959753
shared,1000.0,0.6,0.4,10,1.0,positive,5,jaccard_with_society_top5,0.07086375661375661,0.0011256490863570498,300,0.028346357962959753
shared,1000.0,0.6,0.4,10,1.0,positive,5,society_share_negative_top5,0.0,0.0,300,0.028346357962959753
shared,1000.0,0.6,0.4,10,1.0,mixed,5,jaccard_mean_pairwise,0.08852436647173477,0.0014453637903791275,300,0.028346357962959753
shared,1000.0,0.6,0.4,10,1.0,mixed,5,share_negative_mean,0.8563,0.002950715575589548,300,0.028346357962959753
shared,1000.0,0.6,0.4,10,1.0,mixed,5,share_negative_sd_across_perceivers,0.15318351583876644,0.0017685106562761914,300,0.028346357962959753
shared,1000.0,0.6,0.4,10,1.0,mixed,5,prop_perceivers_majority_negative,0.9721666666666666,0.0023611772347398204,300,0.028346357962959753
shared,1000.0,0.6,0.4,10,1.0,mixed,5,hit_rate_true_differences,0.26683333333333337,0.004266866547018218,300,0.028346357962959753
shared,1000.0,0.6,0.4,10,1.0,mixed,5,jaccard_with_society_top5,0.16702513227513227,0.0030295674762352257,300,0.028346357962959753
shared,1000.0,0.6,0.4,10,1.0,mixed,5,society_share_negative_top5,0.4793333333333334,0.012236915596150881,300,0.028346357962959753
shared,1000.0,0.6,0.4,10,2.0,negative,5,jaccard_mean_pairwise,0.38143135616819873,0.0030175895193774553,300,0.028346357962959753
shared,1000.0,0.6,0.4,10,2.0,negative,5,share_negative_mean,0.9817333333333335,0.0007894134160466302,300,0.028346357962959753
shared,1000.0,0.6,0.4,10,2.0,negative,5,share_negative_sd_across_perceivers,0.05246108981551994,0.0015609531109426651,300,0.028346357962959753
shared,1000.0,0.6,0.4,10,2.0,negative,5,prop_perceivers_majority_negative,1.0,0.0,300,0.028346357962959753
shared,1000.0,0.6,0.4,10,2.0,negative,5,hit_rate_true_differences,0.7198333333333333,0.002216517668775518,300,0.028346357962959753
shared,1000.0,0.6,0.4,10,2.0,negative,5,jaccard_with_society_top5,0.5876349206349206,0.0027838935322351964,300,0.028346357962959753
shared,1000.0,0.6,0.4,10,2.0,negative,5,society_share_negative_top5,1.0,0.0,300,0.028346357962959753
shared,1000.0,0.6,0.4,10,2.0,positive,5,jaccard_mean_pairwise,0.06468079922027281,0.0006594135322610939,300,0.028346357962959753
shared,1000.0,0.6,0.4,10,2.0,positive,5,share_negative_mean,0.6648666666666667,0.0027077959761918524,300,0.028346357962959753
shared,1000.0,0.6,0.4,10,2.0,positive,5,share_negative_sd_across_perceivers,0.20135467174039015,0.0018417227876714353,300,0.028346357962959753
shared,1000.0,0.6,0.4,10,2.0,positive,5,prop_perceivers_majority_negative,0.8001666666666667,0.005554525173864794,300,0.028346357962959753
shared,1000.0,0.6,0.4,10,2.0,positive,5,hit_rate_true_differences,0.25283333333333335,0.0023488692852861844,300,0.028346357962959753
shared,1000.0,0.6,0.4,10,2.0,positive,5,jaccard_with_society_top5,0.15761177248677247,0.0016582983309091723,300,0.028346357962959753
shared,1000.0,0.6,0.4,10,2.0,positive,5,society_share_negative_top5,0.0,0.0,300,0.028346357962959753
shared,1000.0,0.6,0.4,10,2.0,mixed,5,jaccard_mean_pairwise,0.23843052074631038,0.004677286485853294,300,0.028346357962959753
shared,1000.0,0.6,0.4,10,2.0,mixed,5,share_negative_mean,0.8586000000000001,0.004262056804540291,300,0.028346357962959753
shared,1000.0,0.6,0.4,10,2.0,mixed,5,share_negative_sd_across_perceivers,0.1409139786865768,0.002137190002610211,300,0.028346357962959753
shared,1000.0,0.6,0.4,10,2.0,mixed,5,prop_perceivers_majority_negative,0.9735,0.00310863328359293,300,0.028346357962959753
shared,1000.0,0.6,0.4,10,2.0,mixed,5,hit_rate_true_differences,0.48873333333333335,0.006215669294524331,300,0.028346357962959753
shared,1000.0,0.6,0.4,10,2.0,mixed,5,jaccard_with_society_top5,0.3444332010582011,0.005757009886267362,300,0.028346357962959753
shared,1000.0,0.6,0.4,10,2.0,mixed,5,society_share_negative_top5,0.49399999999999994,0.011959239581647215,300,0.028346357962959753
shared,1000.0,0.6,0.4,30,0.0,none,0,jaccard_mean_pairwise,0.04504810637705369,0.0004132645382168403,300,0.028346357962959753
shared,1000.0,0.6,0.4,30,0.0,none,0,share_negative_mean,0.8215333333333334,0.0024378442024170187,300,0.028346357962959753
shared,1000.0,0.6,0.4,30,0.0,none,0,share_negative_sd_across_perceivers,0.17528115852141904,0.0016768400702174295,300,0.028346357962959753
shared,1000.0,0.6,0.4,30,0.0,none,0,prop_perceivers_majority_negative,0.9471666666666668,0.002882097253429125,300,0.028346357962959753
shared,1000.0,0.6,0.4,30,0.0,none,0,jaccard_with_society_top5,0.06857605820105821,0.0012870563869838208,300,0.028346357962959753
shared,1000.0,0.6,0.4,30,0.0,none,0,society_share_negative_top5,0.82,0.01023688218979148,300,0.028346357962959753
shared,1000.0,0.6,0.4,30,0.25,negative,5,jaccard_mean_pairwise,0.05704462545252011,0.0005643948970918041,300,0.028346357962959753
shared,1000.0,0.6,0.4,30,0.25,negative,5,share_negative_mean,0.8581333333333335,0.0021508201921757605,300,0.028346357962959753
shared,1000.0,0.6,0.4,30,0.25,negative,5,share_negative_sd_across_perceivers,0.15625639952163467,0.0015190017413928341,300,0.028346357962959753
shared,1000.0,0.6,0.4,30,0.25,negative,5,prop_perceivers_majority_negative,0.9731666666666668,0.0018931657485460314,300,0.028346357962959753
shared,1000.0,0.6,0.4,30,0.25,negative,5,hit_rate_true_differences,0.2026,0.002381112974357899,300,0.028346357962959753
shared,1000.0,0.6,0.4,30,0.25,negative,5,jaccard_with_society_top5,0.12344113756613756,0.0015518289232369499,300,0.028346357962959753
shared,1000.0,0.6,0.4,30,0.25,negative,5,society_share_negative_top5,0.996,0.0016192818095054722,300,0.028346357962959753
shared,1000.0,0.6,0.4,30,0.25,positive,5,jaccard_mean_pairwise,0.04397807017543855,0.0003711872792515164,300,0.028346357962959753
shared,1000.0,0.6,0.4,30,0.25,positive,5,share_negative_mean,0.7947666666666667,0.002546520713509506,300,0.028346357962959753
shared,1000.0,0.6,0.4,30,0.25,positive,5,share_negative_sd_across_perceivers,0.1813746462490369,0.0016232004201056326,300,0.028346357962959753
shared,1000.0,0.6,0.4,30,0.25,positive,5,prop_perceivers_majority_negative,0.9333333333333333,0.0032912618113217877,300,0.028346357962959753
shared,1000.0,0.6,0.4,30,0.25,positive,5,hit_rate_true_differences,0.056799999999999996,0.0013972739824171204,300,0.028346357962959753
shared,1000.0,0.6,0.4,30,0.25,positive,5,jaccard_with_society_top5,0.04954232804232805,0.0011070835343615548,300,0.028346357962959753
shared,1000.0,0.6,0.4,30,0.25,positive,5,society_share_negative_top5,0.242,0.009052553117696573,300,0.028346357962959753
shared,1000.0,0.6,0.4,30,0.25,mixed,5,jaccard_mean_pairwise,0.05127770815928705,0.0005385067948117684,300,0.028346357962959753
shared,1000.0,0.6,0.4,30,0.25,mixed,5,share_negative_mean,0.8239000000000001,0.002529947717148522,300,0.028346357962959753
shared,1000.0,0.6,0.4,30,0.25,mixed,5,share_negative_sd_across_perceivers,0.17062466258192488,0.0016759723357121386,300,0.028346357962959753
shared,1000.0,0.6,0.4,30,0.25,mixed,5,prop_perceivers_majority_negative,0.9528333333333334,0.002833333333333333,300,0.028346357962959753
shared,1000.0,0.6,0.4,30,0.25,mixed,5,hit_rate_true_differences,0.13143333333333335,0.0026850335985779366,300,0.028346357962959753
shared,1000.0,0.6,0.4,30,0.25,mixed,5,jaccard_with_society_top5,0.08736706349206351,0.001718437480787951,300,0.028346357962959753
shared,1000.0,0.6,0.4,30,0.25,mixed,5,society_share_negative_top5,0.636,0.011800648093609454,300,0.028346357962959753
shared,1000.0,0.6,0.4,30,0.5,negative,5,jaccard_mean_pairwise,0.10810073795600098,0.001300706875801658,300,0.028346357962959753
shared,1000.0,0.6,0.4,30,0.5,negative,5,share_negative_mean,0.9066333333333334,0.0018290961474078601,300,0.028346357962959753
shared,1000.0,0.6,0.4,30,0.5,negative,5,share_negative_sd_across_perceivers,0.13052593336650736,0.001632667971170148,300,0.028346357962959753
shared,1000.0,0.6,0.4,30,0.5,negative,5,prop_perceivers_majority_negative,0.9898333333333333,0.0012779393367239075,300,0.028346357962959753
shared,1000.0,0.6,0.4,30,0.5,negative,5,hit_rate_true_differences,0.3744,0.0029199502141416334,300,0.028346357962959753
shared,1000.0,0.6,0.4,30,0.5,negative,5,jaccard_with_society_top5,0.24822156084656086,0.0023493322889196005,300,0.028346357962959753
shared,1000.0,0.6,0.4,30,0.5,negative,5,society_share_negative_top5,1.0,0.0,300,0.028346357962959753
shared,1000.0,0.6,0.4,30,0.5,positive,5,jaccard_mean_pairwise,0.04713610414926198,0.0003838138343687093,300,0.028346357962959753
shared,1000.0,0.6,0.4,30,0.5,positive,5,share_negative_mean,0.7384333333333334,0.0026660332302298317,300,0.028346357962959753
shared,1000.0,0.6,0.4,30,0.5,positive,5,share_negative_sd_across_perceivers,0.19040958354471793,0.001754765820541502,300,0.028346357962959753
shared,1000.0,0.6,0.4,30,0.5,positive,5,prop_perceivers_majority_negative,0.8878333333333334,0.004376500114426975,300,0.028346357962959753
shared,1000.0,0.6,0.4,30,0.5,positive,5,hit_rate_true_differences,0.13376666666666667,0.0020387649732443005,300,0.028346357962959753
shared,1000.0,0.6,0.4,30,0.5,positive,5,jaccard_with_society_top5,0.07876851851851852,0.0012815860256932174,300,0.028346357962959753
shared,1000.0,0.6,0.4,30,0.5,positive,5,society_share_negative_top5,0.004000000000000001,0.0016192818095054728,300,0.028346357962959753
shared,1000.0,0.6,0.4,30,0.5,mixed,5,jaccard_mean_pairwise,0.0813622946254524,0.0012582933084713953,300,0.028346357962959753
shared,1000.0,0.6,0.4,30,0.5,mixed,5,share_negative_mean,0.8261666666666667,0.002983588829576927,300,0.028346357962959753
shared,1000.0,0.6,0.4,30,0.5,mixed,5,share_negative_sd_across_perceivers,0.16643513088183146,0.0018744678428975726,300,0.028346357962959753
shared,1000.0,0.6,0.4,30,0.5,mixed,5,prop_perceivers_majority_negative,0.9583333333333334,0.0028803076965156355,300,0.028346357962959753
shared,1000.0,0.6,0.4,30,0.5,mixed,5,hit_rate_true_differences,0.2601333333333334,0.003759483981447891,300,0.028346357962959753
shared,1000.0,0.6,0.4,30,0.5,mixed,5,jaccard_with_society_top5,0.16237301587301586,0.002668417653706183,300,0.028346357962959753
shared,1000.0,0.6,0.4,30,0.5,mixed,5,society_share_negative_top5,0.4953333333333333,0.011659163059175004,300,0.028346357962959753
shared,1000.0,0.6,0.4,30,1.0,negative,5,jaccard_mean_pairwise,0.38797939292676187,0.0032922656753396648,300,0.028346357962959753
shared,1000.0,0.6,0.4,30,1.0,negative,5,share_negative_mean,0.9769,0.0008797042677299041,300,0.028346357962959753
shared,1000.0,0.6,0.4,30,1.0,negative,5,share_negative_sd_across_perceivers,0.061895397871526515,0.0015035935396215188,300,0.028346357962959753
shared,1000.0,0.6,0.4,30,1.0,negative,5,prop_perceivers_majority_negative,1.0,0.0,300,0.028346357962959753
shared,1000.0,0.6,0.4,30,1.0,negative,5,hit_rate_true_differences,0.7222333333333334,0.0024155840807418426,300,0.028346357962959753
shared,1000.0,0.6,0.4,30,1.0,negative,5,jaccard_with_society_top5,0.59173082010582,0.0030124391514620642,300,0.028346357962959753
shared,1000.0,0.6,0.4,30,1.0,negative,5,society_share_negative_top5,1.0,0.0,300,0.028346357962959753
shared,1000.0,0.6,0.4,30,1.0,positive,5,jaccard_mean_pairwise,0.10168267891952089,0.001165947981891117,300,0.028346357962959753
shared,1000.0,0.6,0.4,30,1.0,positive,5,share_negative_mean,0.5669666666666666,0.002835787513417752,300,0.028346357962959753
shared,1000.0,0.6,0.4,30,1.0,positive,5,share_negative_sd_across_perceivers,0.20291695224766676,0.0016863851085881126,300,0.028346357962959753
shared,1000.0,0.6,0.4,30,1.0,positive,5,prop_perceivers_majority_negative,0.6321666666666665,0.006523340878493143,300,0.028346357962959753
shared,1000.0,0.6,0.4,30,1.0,positive,5,hit_rate_true_differences,0.3605333333333333,0.0026667669992273347,300,0.028346357962959753
shared,1000.0,0.6,0.4,30,1.0,positive,5,jaccard_with_society_top5,0.23712103174603177,0.0021222727284397076,300,0.028346357962959753
shared,1000.0,0.6,0.4,30,1.0,positive,5,society_share_negative_top5,0.0,0.0,300,0.028346357962959753
shared,1000.0,0.6,0.4,30,1.0,mixed,5,jaccard_mean_pairwise,0.2526966722361461,0.0044512230180803565,300,0.028346357962959753
shared,1000.0,0.6,0.4,30,1.0,mixed,5,share_negative_mean,0.8135333333333333,0.005703032370915376,300,0.028346357962959753
shared,1000.0,0.6,0.4,30,1.0,mixed,5,share_negative_sd_across_perceivers,0.15065231004300353,0.002449289051246502,300,0.028346357962959753
shared,1000.0,0.6,0.4,30,1.0,mixed,5,prop_perceivers_majority_negative,0.9436666666666668,0.005271837490989357,300,0.028346357962959753
shared,1000.0,0.6,0.4,30,1.0,mixed,5,hit_rate_true_differences,0.5458999999999999,0.005186872418418428,300,0.028346357962959753
shared,1000.0,0.6,0.4,30,1.0,mixed,5,jaccard_with_society_top5,0.39901785714285715,0.005018254670934751,300,0.028346357962959753
shared,1000.0,0.6,0.4,30,1.0,mixed,5,society_share_negative_top5,0.5206666666666666,0.012596059737933542,300,0.028346357962959753
shared,1000.0,0.6,0.4,30,2.0,negative,5,jaccard_mean_pairwise,0.9351875522138677,0.0025789674452257835,300,0.028346357962959753
shared,1000.0,0.6,0.4,30,2.0,negative,5,share_negative_mean,0.9997333333333334,9.317074546885738e-05,300,0.028346357962959753
shared,1000.0,0.6,0.4,30,2.0,negative,5,share_negative_sd_across_perceivers,0.0011925695879998876,0.00041667224076539074,300,0.028346357962959753
shared,1000.0,0.6,0.4,30,2.0,negative,5,prop_perceivers_majority_negative,1.0,0.0,300,0.028346357962959753
shared,1000.0,0.6,0.4,30,2.0,negative,5,hit_rate_true_differences,0.98,0.0008219399517488707,300,0.028346357962959753
shared,1000.0,0.6,0.4,30,2.0,negative,5,jaccard_with_society_top5,0.9667301587301586,0.0013631427847195577,300,0.028346357962959753
shared,1000.0,0.6,0.4,30,2.0,negative,5,society_share_negative_top5,1.0,0.0,300,0.028346357962959753
shared,1000.0,0.6,0.4,30,2.0,positive,5,jaccard_mean_pairwise,0.35965824282929587,0.0030822939032457627,300,0.028346357962959753
shared,1000.0,0.6,0.4,30,2.0,positive,5,share_negative_mean,0.28116666666666673,0.002483146461809886,300,0.028346357962959753
shared,1000.0,0.6,0.4,30,2.0,positive,5,share_negative_sd_across_perceivers,0.1695068865227922,0.0016911482311678556,300,0.028346357962959753
shared,1000.0,0.6,0.4,30,2.0,positive,5,prop_perceivers_majority_negative,0.09516666666666666,0.004204223160348903,300,0.028346357962959753
shared,1000.0,0.6,0.4,30,2.0,positive,5,hit_rate_true_differences,0.7012333333333334,0.002473141491476705,300,0.028346357962959753
shared,1000.0,0.6,0.4,30,2.0,positive,5,jaccard_with_society_top5,0.5665376984126983,0.0029774424948460485,300,0.028346357962959753
shared,1000.0,0.6,0.4,30,2.0,positive,5,society_share_negative_top5,0.0,0.0,300,0.028346357962959753
shared,1000.0,0.6,0.4,30,2.0,mixed,5,jaccard_mean_pairwise,0.5413725981620727,0.0071140812352046,300,0.028346357962959753
shared,1000.0,0.6,0.4,30,2.0,mixed,5,share_negative_mean,0.6778666666666667,0.009926617409001403,300,0.028346357962959753
shared,1000.0,0.6,0.4,30,2.0,mixed,5,share_negative_sd_across_perceivers,0.1318125217961208,0.0018839655851043274,300,0.028346357962959753
shared,1000.0,0.6,0.4,30,2.0,mixed,5,prop_perceivers_majority_negative,0.7985,0.0158893978942047,300,0.028346357962959753
shared,1000.0,0.6,0.4,30,2.0,mixed,5,hit_rate_true_differences,0.7968333333333334,0.0037587381161685524,300,0.028346357962959753
shared,1000.0,0.6,0.4,30,2.0,mixed,5,jaccard_with_society_top5,0.6872334656084655,0.005168844448354522,300,0.028346357962959753
shared,1000.0,0.6,0.4,30,2.0,mixed,5,society_share_negative_top5,0.4873333333333333,0.012841485632573021,300,0.028346357962959753
shared,1000.0,0.6,0.4,100,0.0,none,0,jaccard_mean_pairwise,0.05550201893622938,0.0005671217210123326,300,0.028346357962959753
shared,1000.0,0.6,0.4,100,0.0,none,0,share_negative_mean,0.8138333333333334,0.002645312352696675,300,0.028346357962959753
shared,1000.0,0.6,0.4,100,0.0,none,0,share_negative_sd_across_perceivers,0.16968870413303302,0.001644796786696714,300,0.028346357962959753
shared,1000.0,0.6,0.4,100,0.0,none,0,prop_perceivers_majority_negative,0.9538333333333333,0.002839229225305926,300,0.028346357962959753
shared,1000.0,0.6,0.4,100,0.0,none,0,jaccard_with_society_top5,0.10404166666666669,0.0016407118318581123,300,0.028346357962959753
shared,1000.0,0.6,0.4,100,0.0,none,0,society_share_negative_top5,0.8226666666666665,0.009541242207458618,300,0.028346357962959753
shared,1000.0,0.6,0.4,100,0.25,negative,5,jaccard_mean_pairwise,0.10889076858813686,0.0014775404445848887,300,0.028346357962959753
shared,1000.0,0.6,0.4,100,0.25,negative,5,share_negative_mean,0.8931333333333336,0.002108153378001759,300,0.028346357962959753
shared,1000.0,0.6,0.4,100,0.25,negative,5,share_negative_sd_across_perceivers,0.13844189912684354,0.0017225378914785287,300,0.028346357962959753
shared,1000.0,0.6,0.4,100,0.25,negative,5,prop_perceivers_majority_negative,0.9856666666666668,0.0015057180743289341,300,0.028346357962959753
shared,1000.0,0.6,0.4,100,0.25,negative,5,hit_rate_true_differences,0.3418333333333334,0.0034445628178794113,300,0.028346357962959753
shared,1000.0,0.6,0.4,100,0.25,negative,5,jaccard_with_society_top5,0.22470568783068784,0.0025971387736541014,300,0.028346357962959753
shared,1000.0,0.6,0.4,100,0.25,negative,5,society_share_negative_top5,0.996,0.0016192818095054722,300,0.028346357962959753
shared,1000.0,0.6,0.4,100,0.25,positive,5,jaccard_mean_pairwise,0.05858354218880526,0.0006665048926324045,300,0.028346357962959753
shared,1000.0,0.6,0.4,100,0.25,positive,5,share_negative_mean,0.7292666666666667,0.0030173017741492005,300,0.028346357962959753
shared,1000.0,0.6,0.4,100,0.25,positive,5,share_negative_sd_across_perceivers,0.18898337565878426,0.0016771862867468411,300,0.028346357962959753
shared,1000.0,0.6,0.4,100,0.25,positive,5,prop_perceivers_majority_negative,0.8818333333333334,0.004533403419354615,300,0.028346357962959753
shared,1000.0,0.6,0.4,100,0.25,positive,5,hit_rate_true_differences,0.13793333333333335,0.002392664995823086,300,0.028346357962959753
shared,1000.0,0.6,0.4,100,0.25,positive,5,jaccard_with_society_top5,0.10514417989417989,0.0017480967440556003,300,0.028346357962959753
shared,1000.0,0.6,0.4,100,0.25,positive,5,society_share_negative_top5,0.2306666666666667,0.009652759765414994,300,0.028346357962959753
shared,1000.0,0.6,0.4,100,0.25,mixed,5,jaccard_mean_pairwise,0.0892637148426621,0.0015788294993702864,300,0.028346357962959753
shared,1000.0,0.6,0.4,100,0.25,mixed,5,share_negative_mean,0.8184000000000001,0.003462543641990196,300,0.028346357962959753
shared,1000.0,0.6,0.4,100,0.25,mixed,5,share_negative_sd_across_perceivers,0.16492453233287957,0.0018478508409232315,300,0.028346357962959753
shared,1000.0,0.6,0.4,100,0.25,mixed,5,prop_perceivers_majority_negative,0.9518333333333334,0.003341392153518825,300,0.028346357962959753
shared,1000.0,0.6,0.4,100,0.25,mixed,5,hit_rate_true_differences,0.2515666666666667,0.0041835848281254135,300,0.028346357962959753
shared,1000.0,0.6,0.4,100,0.25,mixed,5,jaccard_with_society_top5,0.17158531746031747,0.002912150682174632,300,0.028346357962959753
shared,1000.0,0.6,0.4,100,0.25,mixed,5,society_share_negative_top5,0.6506666666666666,0.011542112639239226,300,0.028346357962959753
shared,1000.0,0.6,0.4,100,0.5,negative,5,jaccard_mean_pairwise,0.34845676691729366,0.0037311583758566735,300,0.028346357962959753
shared,1000.0,0.6,0.4,100,0.5,negative,5,share_negative_mean,0.9677666666666667,0.001135244961345076,300,0.028346357962959753
shared,1000.0,0.6,0.4,100,0.5,negative,5,share_negative_sd_across_perceivers,0.07489860984774686,0.0016918180816151538,300,0.028346357962959753
shared,1000.0,0.6,0.4,100,0.5,negative,5,prop_perceivers_majority_negative,0.9995,0.0002877080459987895,300,0.028346357962959753
shared,1000.0,0.6,0.4,100,0.5,negative,5,hit_rate_true_differences,0.6826,0.003227480940586732,300,0.028346357962959753
shared,1000.0,0.6,0.4,100,0.5,negative,5,jaccard_with_society_top5,0.5441812169312169,0.0038067039001591025,300,0.028346357962959753
shared,1000.0,0.6,0.4,100,0.5,negative,5,society_share_negative_top5,1.0,0.0,300,0.028346357962959753
shared,1000.0,0.6,0.4,100,0.5,positive,5,jaccard_mean_pairwise,0.12617794486215522,0.001678149770464878,300,0.028346357962959753
shared,1000.0,0.6,0.4,100,0.5,positive,5,share_negative_mean,0.5368333333333334,0.003468430110609315,300,0.028346357962959753
shared,1000.0,0.6,0.4,100,0.5,positive,5,share_negative_sd_across_perceivers,0.19641460532323776,0.0018093464842921178,300,0.028346357962959753
shared,1000.0,0.6,0.4,100,0.5,positive,5,prop_perceivers_majority_negative,0.5695000000000001,0.007963423211977733,300,0.028346357962959753
shared,1000.0,0.6,0.4,100,0.5,positive,5,hit_rate_true_differences,0.3881,0.0034275703600394804,300,0.028346357962959753
shared,1000.0,0.6,0.4,100,0.5,positive,5,jaccard_with_society_top5,0.25888690476190473,0.002756182676205815,300,0.028346357962959753
shared,1000.0,0.6,0.4,100,0.5,positive,5,society_share_negative_top5,0.0020000000000000005,0.001150832183995157,300,0.028346357962959753
shared,1000.0,0.6,0.4,100,0.5,mixed,5,jaccard_mean_pairwise,0.23099074074074086,0.0039354805603099684,300,0.028346357962959753
shared,1000.0,0.6,0.4,100,0.5,mixed,5,share_negative_mean,0.7774333333333335,0.006315138742090066,300,0.028346357962959753
shared,1000.0,0.6,0.4,100,0.5,mixed,5,share_negative_sd_across_perceivers,0.1526524336378809,0.0020514185776286217,300,0.028346357962959753
shared,1000.0,0.6,0.4,100,0.5,mixed,5,prop_perceivers_majority_negative,0.9179999999999999,0.0074381882451389075,300,0.028346357962959753
shared,1000.0,0.6,0.4,100,0.5,mixed,5,hit_rate_true_differences,0.5233333333333333,0.00496775182117817,300,0.028346357962959753
shared,1000.0,0.6,0.4,100,0.5,mixed,5,jaccard_with_society_top5,0.3772936507936508,0.0047333624616693,300,0.028346357962959753
shared,1000.0,0.6,0.4,100,0.5,mixed,5,society_share_negative_top5,0.48866666666666675,0.012600307311052446,300,0.028346357962959753
shared,1000.0,0.6,0.4,100,1.0,negative,5,jaccard_mean_pairwise,0.9445486633249789,0.002555822096602682,300,0.028346357962959753
shared,1000.0,0.6,0.4,100,1.0,negative,5,share_negative_mean,0.9995,0.00012604081729907212,300,0.028346357962959753
shared,1000.0,0.6,0.4,100,1.0,negative,5,share_negative_sd_across_perceivers,0.0022360679774997894,0.0005636716708407129,300,0.028346357962959753
shared,1000.0,0.6,0.4,100,1.0,negative,5,prop_perceivers_majority_negative,1.0,0.0,300,0.028346357962959753
shared,1000.0,0.6,0.4,100,1.0,negative,5,hit_rate_true_differences,0.9829,0.0008053403138932733,300,0.028346357962959753
shared,1000.0,0.6,0.4,100,1.0,negative,5,jaccard_with_society_top5,0.9715317460317461,0.0013393988683989607,300,0.028346357962959753
shared,1000.0,0.6,0.4,100,1.0,negative,5,society_share_negative_top5,1.0,0.0,300,0.028346357962959753
shared,1000.0,0.6,0.4,100,1.0,positive,5,jaccard_mean_pairwise,0.5324975633528274,0.00397680738250364,300,0.028346357962959753
shared,1000.0,0.6,0.4,100,1.0,positive,5,share_negative_mean,0.17816666666666667,0.0022921796831269305,300,0.028346357962959753
shared,1000.0,0.6,0.4,100,1.0,positive,5,share_negative_sd_across_perceivers,0.1385661358597351,0.0012796339248388315,300,0.028346357962959753
shared,1000.0,0.6,0.4,100,1.0,positive,5,prop_perceivers_majority_negative,0.015,0.001694308131537203,300,0.028346357962959753
shared,1000.0,0.6,0.4,100,1.0,positive,5,hit_rate_true_differences,0.8123,0.002275145627299066,300,0.028346357962959753
shared,1000.0,0.6,0.4,100,1.0,positive,5,jaccard_with_society_top5,0.7078042328042328,0.0032047359832907685,300,0.028346357962959753
shared,1000.0,0.6,0.4,100,1.0,positive,5,society_share_negative_top5,0.0,0.0,300,0.028346357962959753
shared,1000.0,0.6,0.4,100,1.0,mixed,5,jaccard_mean_pairwise,0.6852397660818722,0.006395045590770679,300,0.028346357962959753
shared,1000.0,0.6,0.4,100,1.0,mixed,5,share_negative_mean,0.6229333333333334,0.010491074226425888,300,0.028346357962959753
shared,1000.0,0.6,0.4,100,1.0,mixed,5,share_negative_sd_across_perceivers,0.11175858993635344,0.0017532963531183194,300,0.028346357962959753
shared,1000.0,0.6,0.4,100,1.0,mixed,5,prop_perceivers_majority_negative,0.7195,0.019376693294582796,300,0.028346357962959753
shared,1000.0,0.6,0.4,100,1.0,mixed,5,hit_rate_true_differences,0.8796666666666666,0.002866728888904973,300,0.028346357962959753
shared,1000.0,0.6,0.4,100,1.0,mixed,5,jaccard_with_society_top5,0.8065853174603175,0.004395005237336138,300,0.028346357962959753
shared,1000.0,0.6,0.4,100,1.0,mixed,5,society_share_negative_top5,0.5120000000000001,0.012420000412898955,300,0.028346357962959753
shared,1000.0,0.6,0.4,100,2.0,negative,5,jaccard_mean_pairwise,1.0,0.0,300,0.028346357962959753
shared,1000.0,0.6,0.4,100,2.0,negative,5,share_negative_mean,1.0,0.0,300,0.028346357962959753
shared,1000.0,0.6,0.4,100,2.0,negative,5,share_negative_sd_across_perceivers,0.0,0.0,300,0.028346357962959753
shared,1000.0,0.6,0.4,100,2.0,negative,5,prop_perceivers_majority_negative,1.0,0.0,300,0.028346357962959753
shared,1000.0,0.6,0.4,100,2.0,negative,5,hit_rate_true_differences,1.0,0.0,300,0.028346357962959753
shared,1000.0,0.6,0.4,100,2.0,negative,5,jaccard_with_society_top5,1.0,0.0,300,0.028346357962959753
shared,1000.0,0.6,0.4,100,2.0,negative,5,society_share_negative_top5,1.0,0.0,300,0.028346357962959753
shared,1000.0,0.6,0.4,100,2.0,positive,5,jaccard_mean_pairwise,0.977856307435255,0.0016187625717006963,300,0.028346357962959753
shared,1000.0,0.6,0.4,100,2.0,positive,5,share_negative_mean,0.006733333333333333,0.0004974703754328454,300,0.028346357962959753
shared,1000.0,0.6,0.4,100,2.0,positive,5,share_negative_sd_across_perceivers,0.02441777175906281,0.0015558417506023679,300,0.028346357962959753
shared,1000.0,0.6,0.4,100,2.0,positive,5,prop_perceivers_majority_negative,0.0,0.0,300,0.028346357962959753
shared,1000.0,0.6,0.4,100,2.0,positive,5,hit_rate_true_differences,0.9932666666666667,0.0004974703754328444,300,0.028346357962959753
shared,1000.0,0.6,0.4,100,2.0,positive,5,jaccard_with_society_top5,0.9888095238095237,0.0008255137106322547,300,0.028346357962959753
shared,1000.0,0.6,0.4,100,2.0,positive,5,society_share_negative_top5,0.0,0.0,300,0.028346357962959753
shared,1000.0,0.6,0.4,100,2.0,mixed,5,jaccard_mean_pairwise,0.9898237259816206,0.0010093325749138801,300,0.028346357962959753
shared,1000.0,0.6,0.4,100,2.0,mixed,5,share_negative_mean,0.49973333333333336,0.013549191383338204,300,0.028346357962959753
shared,1000.0,0.6,0.4,100,2.0,mixed,5,share_negative_sd_across_perceivers,0.012860941279439904,0.0012143401512528353,300,0.028346357962959753
shared,1000.0,0.6,0.4,100,2.0,mixed,5,prop_perceivers_majority_negative,0.5458333333333333,0.028477198856292987,300,0.028346357962959753
shared,1000.0,0.6,0.4,100,2.0,mixed,5,hit_rate_true_differences,0.9969333333333334,0.0003056266597448355,300,0.028346357962959753
shared,1000.0,0.6,0.4,100,2.0,mixed,5,jaccard_with_society_top5,0.994888888888889,0.0005093777662413955,300,0.028346357962959753
shared,1000.0,0.6,0.4,100,2.0,mixed,5,society_share_negative_top5,0.49666666666666665,0.01360235842011862,300,0.028346357962959753
shared,1000.0,0.7,0.3,10,0.0,none,0,jaccard_mean_pairwise,0.058933166248955636,0.0003845482614936433,300,0.028346357962959753
shared,1000.0,0.7,0.3,10,0.0,none,0,share_negative_mean,0.9870000000000001,0.0007383430785700096,300,0.028346357962959753
shared,1000.0,0.7,0.3,10,0.0,none,0,share_negative_sd_across_perceivers,0.041499134323423344,0.0019182959888559112,300,0.028346357962959753
shared,1000.0,0.7,0.3,10,0.0,none,0,prop_perceivers_majority_negative,0.9998333333333332,0.0001666666666666668,300,0.028346357962959753
shared,1000.0,0.7,0.3,10,0.0,none,0,jaccard_with_society_top5,0.07697156084656086,0.0013233927121478859,300,0.028346357962959753
shared,1000.0,0.7,0.3,10,0.0,none,0,society_share_negative_top5,0.9793333333333332,0.003882135666337137,300,0.028346357962959753
shared,1000.0,0.7,0.3,10,0.25,negative,5,jaccard_mean_pairwise,0.06124519632414362,0.0003904770483284684,300,0.028346357962959753
shared,1000.0,0.7,0.3,10,0.25,negative,5,share_negative_mean,0.9899333333333334,0.0006352578867538884,300,0.028346357962959753
shared,1000.0,0.7,0.3,10,0.25,negative,5,share_negative_sd_across_perceivers,0.03488457001816548,0.0018465895552825335,300,0.028346357962959753
shared,1000.0,0.7,0.3,10,0.25,negative,5,prop_perceivers_majority_negative,0.9998333333333332,0.00016666666666666674,300,0.028346357962959753
shared,1000.0,0.7,0.3,10,0.25,negative,5,hit_rate_true_differences,0.1605,0.0019691743738440826,300,0.028346357962959753
shared,1000.0,0.7,0.3,10,0.25,negative,5,jaccard_with_society_top5,0.09652050264550265,0.0012973853295233152,300,0.028346357962959753
shared,1000.0,0.7,0.3,10,0.25,negative,5,society_share_negative_top5,1.0,0.0,300,0.028346357962959753
shared,1000.0,0.7,0.3,10,0.25,positive,5,jaccard_mean_pairwise,0.05771526037315503,0.0003443898622105748,300,0.028346357962959753
shared,1000.0,0.7,0.3,10,0.25,positive,5,share_negative_mean,0.9857333333333335,0.0007295228863914126,300,0.028346357962959753
shared,1000.0,0.7,0.3,10,0.25,positive,5,share_negative_sd_across_perceivers,0.045190328836696846,0.0019170828689588145,300,0.028346357962959753
shared,1000.0,0.7,0.3,10,0.25,positive,5,prop_perceivers_majority_negative,0.9995,0.00028770804599878943,300,0.028346357962959753
shared,1000.0,0.7,0.3,10,0.25,positive,5,hit_rate_true_differences,0.003,0.00035493023793635946,300,0.028346357962959753
shared,1000.0,0.7,0.3,10,0.25,positive,5,jaccard_with_society_top5,0.04890873015873016,0.0013324595405617918,300,0.028346357962959753
shared,1000.0,0.7,0.3,10,0.25,positive,5,society_share_negative_top5,0.6133333333333333,0.011187400674579686,300,0.028346357962959753
shared,1000.0,0.7,0.3,10,0.25,mixed,5,jaccard_mean_pairwise,0.05996539961013636,0.00037244514499637347,300,0.028346357962959753
shared,1000.0,0.7,0.3,10,0.25,mixed,5,share_negative_mean,0.9884000000000002,0.000703803965814731,300,0.028346357962959753
shared,1000.0,0.7,0.3,10,0.25,mixed,5,share_negative_sd_across_perceivers,0.03896695120001295,0.001957266166660161,300,0.028346357962959753
shared,1000.0,0.7,0.3,10,0.25,mixed,5,prop_perceivers_majority_negative,0.9995,0.00028770804599878954,300,0.028346357962959753
shared,1000.0,0.7,0.3,10,0.25,mixed,5,hit_rate_true_differences,0.07893333333333334,0.002420782064650519,300,0.028346357962959753
shared,1000.0,0.7,0.3,10,0.25,mixed,5,jaccard_with_society_top5,0.07808862433862433,0.0014658588646979133,300,0.028346357962959753
shared,1000.0,0.7,0.3,10,0.25,mixed,5,society_share_negative_top5,0.8646666666666666,0.008542285577273002,300,0.028346357962959753
shared,1000.0,0.7,0.3,10,0.5,negative,5,jaccard_mean_pairwise,0.07231599832915613,0.00054923000531272,300,0.028346357962959753
shared,1000.0,0.7,0.3,10,0.5,negative,5,share_negative_mean,0.9928000000000001,0.0005112775002620848,300,0.028346357962959753
shared,1000.0,0.7,0.3,10,0.5,negative,5,share_negative_sd_across_perceivers,0.025989673963678774,0.0016659084168602826,300,0.028346357962959753
shared,1000.0,0.7,0.3,10,0.5,negative,5,prop_perceivers_majority_negative,1.0,0.0,300,0.028346357962959753
shared,1000.0,0.7,0.3,10,0.5,negative,5,hit_rate_true_differences,0.2398333333333334,0.002224049323204764,300,0.028346357962959753
shared,1000.0,0.7,0.3,10,0.5,negative,5,jaccard_with_society_top5,0.14796428571428574,0.0015407435437426286,300,0.028346357962959753
shared,1000.0,0.7,0.3,10,0.5,negative,5,society_share_negative_top5,1.0,0.0,300,0.028346357962959753
shared,1000.0,0.7,0.3,10,0.5,positive,5,jaccard_mean_pairwise,0.05816409078251175,0.0003416289013587405,300,0.028346357962959753
shared,1000.0,0.7,0.3,10,0.5,positive,5,share_negative_mean,0.9847333333333332,0.0007411963172306828,300,0.028346357962959753
shared,1000.0,0.7,0.3,10,0.5,positive,5,share_negative_sd_across_perceivers,0.047760331170297314,0.0018847288612430621,300,0.028346357962959753
shared,1000.0,0.7,0.3,10,0.5,positive,5,prop_perceivers_majority_negative,1.0,0.0,300,0.028346357962959753
shared,1000.0,0.7,0.3,10,0.5,positive,5,hit_rate_true_differences,0.004433333333333333,0.00040071934574494267,300,0.028346357962959753
shared,1000.0,0.7,0.3,10,0.5,positive,5,jaccard_with_society_top5,0.01283796296296296,0.0007180168207744881,300,0.028346357962959753
shared,1000.0,0.7,0.3,10,0.5,positive,5,society_share_negative_top5,0.12866666666666668,0.0070934726434547625,300,0.028346357962959753
shared,1000.0,0.7,0.3,10,0.5,mixed,5,jaccard_mean_pairwise,0.06681516290726806,0.0005567247785935141,300,0.028346357962959753
shared,1000.0,0.7,0.3,10,0.5,mixed,5,share_negative_mean,0.9913333333333334,0.0005593700337289832,300,0.028346357962959753
shared,1000.0,0.7,0.3,10,0.5,mixed,5,share_negative_sd_across_perceivers,0.030352109324346628,0.0017157084287521302,300,0.028346357962959753
shared,1000.0,0.7,0.3,10,0.5,mixed,5,prop_perceivers_majority_negative,0.9998333333333332,0.0001666666666666668,300,0.028346357962959753
shared,1000.0,0.7,0.3,10,0.5,mixed,5,hit_rate_true_differences,0.12290000000000001,0.0035901776692480003,300,0.028346357962959753
shared,1000.0,0.7,0.3,10,0.5,mixed,5,jaccard_with_society_top5,0.07938095238095237,0.002194100939967351,300,0.028346357962959753
shared,1000.0,0.7,0.3,10,0.5,mixed,5,society_share_negative_top5,0.5693333333333334,0.012438417609458048,300,0.028346357962959753
shared,1000.0,0.7,0.3,10,1.0,negative,5,jaccard_mean_pairwise,0.13977937900306306,0.0012917383332185367,300,0.028346357962959753
shared,1000.0,0.7,0.3,10,1.0,negative,5,share_negative_mean,0.9981333333333333,0.0002532875626081559,300,0.028346357962959753
shared,1000.0,0.7,0.3,10,1.0,negative,5,share_negative_sd_across_perceivers,0.00806914693625039,0.001075909723023165,300,0.028346357962959753
shared,1000.0,0.7,0.3,10,1.0,negative,5,prop_perceivers_majority_negative,1.0,0.0,300,0.028346357962959753
shared,1000.0,0.7,0.3,10,1.0,negative,5,hit_rate_true_differences,0.4369333333333334,0.002423359624404435,300,0.028346357962959753
shared,1000.0,0.7,0.3,10,1.0,negative,5,jaccard_with_society_top5,0.2988161375661376,0.002067779624355264,300,0.028346357962959753
shared,1000.0,0.7,0.3,10,1.0,negative,5,society_share_negative_top5,1.0,0.0,300,0.028346357962959753
shared,1000.0,0.7,0.3,10,1.0,positive,5,jaccard_mean_pairwise,0.05639647730437197,0.0003476916359100002,300,0.028346357962959753
shared,1000.0,0.7,0.3,10,1.0,positive,5,share_negative_mean,0.9796666666666666,0.0009105272258751129,300,0.028346357962959753
shared,1000.0,0.7,0.3,10,1.0,positive,5,share_negative_sd_across_perceivers,0.058805909031770395,0.0019857839621903956,300,0.028346357962959753
shared,1000.0,0.7,0.3,10,1.0,positive,5,prop_perceivers_majority_negative,0.999,0.00046863734246365134,300,0.028346357962959753
shared,1000.0,0.7,0.3,10,1.0,positive,5,hit_rate_true_differences,0.009533333333333335,0.0005891500090678855,300,0.028346357962959753
shared,1000.0,0.7,0.3,10,1.0,positive,5,jaccard_with_society_top5,0.0053518518518518516,0.0003351614198401725,300,0.028346357962959753
shared,1000.0,0.7,0.3,10,1.0,positive,5,society_share_negative_top5,0.0,0.0,300,0.028346357962959753
shared,1000.0,0.7,0.3,10,1.0,mixed,5,jaccard_mean_pairwise,0.10551475912002216,0.0015838770366687165,300,0.028346357962959753
shared,1000.0,0.7,0.3,10,1.0,mixed,5,share_negative_mean,0.9924333333333334,0.0005599377520215803,300,0.028346357962959753
shared,1000.0,0.7,0.3,10,1.0,mixed,5,share_negative_sd_across_perceivers,0.027373030587410082,0.0017706109361975981,300,0.028346357962959753
shared,1000.0,0.7,0.3,10,1.0,mixed,5,prop_perceivers_majority_negative,0.9998333333333332,0.00016666666666666674,300,0.028346357962959753
shared,1000.0,0.7,0.3,10,1.0,mixed,5,hit_rate_true_differences,0.23230000000000003,0.005922871979543763,300,0.028346357962959753
shared,1000.0,0.7,0.3,10,1.0,mixed,5,jaccard_with_society_top5,0.1433478835978836,0.004109844820946467,300,0.028346357962959753
shared,1000.0,0.7,0.3,10,1.0,mixed,5,society_share_negative_top5,0.47600000000000003,0.01278725675584964,300,0.028346357962959753
shared,1000.0,0.7,0.3,10,2.0,negative,5,jaccard_mean_pairwise,0.4290082846003905,0.003164199737212148,300,0.028346357962959753
shared,1000.0,0.7,0.3,10,2.0,negative,5,share_negative_mean,0.9999000000000001,5.754160919975792e-05,300,0.028346357962959753
shared,1000.0,0.7,0.3,10,2.0,negative,5,share_negative_sd_across_perceivers,0.00044721359549995785,0.0002573338994107717,300,0.028346357962959753
shared,1000.0,0.7,0.3,10,2.0,negative,5,prop_perceivers_majority_negative,1.0,0.0,300,0.028346357962959753
shared,1000.0,0.7,0.3,10,2.0,negative,5,hit_rate_true_differences,0.7542666666666668,0.0020892533502429294,300,0.028346357962959753
shared,1000.0,0.7,0.3,10,2.0,negative,5,jaccard_with_society_top5,0.6305681216931216,0.0027533592698283415,300,0.028346357962959753
shared,1000.0,0.7,0.3,10,2.0,negative,5,society_share_negative_top5,1.0,0.0,300,0.028346357962959753
shared,1000.0,0.7,0.3,10,2.0,positive,5,jaccard_mean_pairwise,0.05636006683375096,0.0003620715058684621,300,0.028346357962959753
shared,1000.0,0.7,0.3,10,2.0,positive,5,share_negative_mean,0.9730333333333334,0.0011050692289369106,300,0.028346357962959753
shared,1000.0,0.7,0.3,10,2.0,positive,5,share_negative_sd_across_perceivers,0.07084183590159411,0.0021005884053302165,300,0.028346357962959753
shared,1000.0,0.7,0.3,10,2.0,positive,5,prop_perceivers_majority_negative,0.9975,0.0006302040864953607,300,0.028346357962959753
shared,1000.0,0.7,0.3,10,2.0,positive,5,hit_rate_true_differences,0.01753333333333333,0.0008563141222019939,300,0.028346357962959753
shared,1000.0,0.7,0.3,10,2.0,positive,5,jaccard_with_society_top5,0.009962301587301586,0.0004990805289887161,300,0.028346357962959753
shared,1000.0,0.7,0.3,10,2.0,positive,5,society_share_negative_top5,0.0,0.0,300,0.028346357962959753
shared,1000.0,0.7,0.3,10,2.0,mixed,5,jaccard_mean_pairwise,0.2597126148705098,0.005375395725974296,300,0.028346357962959753
shared,1000.0,0.7,0.3,10,2.0,mixed,5,share_negative_mean,0.9944,0.0005040748117398305,300,0.028346357962959753
shared,1000.0,0.7,0.3,10,2.0,mixed,5,share_negative_sd_across_perceivers,0.02040521523846493,0.001625407569722451,300,0.028346357962959753
shared,1000.0,0.7,0.3,10,2.0,mixed,5,prop_perceivers_majority_negative,0.9998333333333332,0.00016666666666666677,300,0.028346357962959753
shared,1000.0,0.7,0.3,10,2.0,mixed,5,hit_rate_true_differences,0.4187666666666667,0.009543565347353405,300,0.028346357962959753
shared,1000.0,0.7,0.3,10,2.0,mixed,5,jaccard_with_society_top5,0.2856970899470899,0.008190428373518731,300,0.028346357962959753
shared,1000.0,0.7,0.3,10,2.0,mixed,5,society_share_negative_top5,0.4926666666666667,0.01253928794243546,300,0.028346357962959753
shared,1000.0,0.7,0.3,30,0.0,none,0,jaccard_mean_pairwise,0.06138380673906981,0.00043525904767455063,300,0.028346357962959753
shared,1000.0,0.7,0.3,30,0.0,none,0,share_negative_mean,0.981,0.0008687565916915855,300,0.028346357962959753
shared,1000.0,0.7,0.3,30,0.0,none,0,share_negative_sd_across_perceivers,0.05525581096987158,0.0019673944790742763,300,0.028346357962959753
shared,1000.0,0.7,0.3,30,0.0,none,0,prop_perceivers_majority_negative,0.9995,0.0002877080459987895,300,0.028346357962959753
shared,1000.0,0.7,0.3,30,0.0,none,0,jaccard_with_society_top5,0.0910138888888889,0.0013412857191784566,300,0.028346357962959753
shared,1000.0,0.7,0.3,30,0.0,none,0,society_share_negative_top5,0.9666666666666667,0.004706155586970109,300,0.028346357962959753
shared,1000.0,0.7,0.3,30,0.25,negative,5,jaccard_mean_pairwise,0.07290782511835132,0.0005995407859425839,300,0.028346357962959753
shared,1000.0,0.7,0.3,30,0.25,negative,5,share_negative_mean,0.9904000000000001,0.0005641856632822987,300,0.028346357962959753
shared,1000.0,0.7,0.3,30,0.25,negative,5,share_negative_sd_across_perceivers,0.03431149969941734,0.0017610448326569109,300,0.028346357962959753
shared,1000.0,0.7,0.3,30,0.25,negative,5,prop_perceivers_majority_negative,0.9996666666666666,0.00023530777934850568,300,0.028346357962959753
shared,1000.0,0.7,0.3,30,0.25,negative,5,hit_rate_true_differences,0.2228,0.00261342047041496,300,0.028346357962959753
shared,1000.0,0.7,0.3,30,0.25,negative,5,jaccard_with_society_top5,0.13761243386243385,0.0017517312661550725,300,0.028346357962959753
shared,1000.0,0.7,0.3,30,0.25,negative,5,society_share_negative_top5,1.0,0.0,300,0.028346357962959753
shared,1000.0,0.7,0.3,30,0.25,positive,5,jaccard_mean_pairwise,0.06080945419103305,0.0004863976620633592,300,0.028346357962959753
shared,1000.0,0.7,0.3,30,0.25,positive,5,share_negative_mean,0.9773333333333335,0.0010109030294585197,300,0.028346357962959753
shared,1000.0,0.7,0.3,30,0.25,positive,5,share_negative_sd_across_perceivers,0.060091008307998565,0.0019531722485304917,300,0.028346357962959753
shared,1000.0,0.7,0.3,30,0.25,positive,5,prop_perceivers_majority_negative,0.9991666666666666,0.0003701767733834512,300,0.028346357962959753
shared,1000.0,0.7,0.3,30,0.25,positive,5,hit_rate_true_differences,0.007033333333333334,0.0005157461141442792,300,0.028346357962959753
shared,1000.0,0.7,0.3,30,0.25,positive,5,jaccard_with_society_top5,0.05910449735449736,0.0014991009360452948,300,0.028346357962959753
shared,1000.0,0.7,0.3,30,0.25,positive,5,society_share_negative_top5,0.598,0.010870064648503857,300,0.028346357962959753
shared,1000.0,0.7,0.3,30,0.25,mixed,5,jaccard_mean_pairwise,0.0666728627123363,0.0005344798870616929,300,0.028346357962959753
shared,1000.0,0.7,0.3,30,0.25,mixed,5,share_negative_mean,0.9837333333333333,0.000859199458018038,300,0.028346357962959753
shared,1000.0,0.7,0.3,30,0.25,mixed,5,share_negative_sd_across_perceivers,0.04997950909484768,0.0019453420526567193,300,0.028346357962959753
shared,1000.0,0.7,0.3,30,0.25,mixed,5,prop_perceivers_majority_negative,0.9990000000000001,0.0004048204523763684,300,0.028346357962959753
shared,1000.0,0.7,0.3,30,0.25,mixed,5,hit_rate_true_differences,0.1165,0.0030161678788415665,300,0.028346357962959753
shared,1000.0,0.7,0.3,30,0.25,mixed,5,jaccard_with_society_top5,0.10663558201058201,0.00178868297467391,300,0.028346357962959753
shared,1000.0,0.7,0.3,30,0.25,mixed,5,society_share_negative_top5,0.8673333333333333,0.00893421184052883,300,0.028346357962959753
shared,1000.0,0.7,0.3,30,0.5,negative,5,jaccard_mean_pairwise,0.12195558340295166,0.001280671305866904,300,0.028346357962959753
shared,1000.0,0.7,0.3,30,0.5,negative,5,share_negative_mean,0.9956999999999999,0.0003680828029571272,300,0.028346357962959753
shared,1000.0,0.7,0.3,30,0.5,negative,5,share_negative_sd_across_perceivers,0.01743001991479752,0.0013945157317033832,300,0.028346357962959753
shared,1000.0,0.7,0.3,30,0.5,negative,5,prop_perceivers_majority_negative,1.0,0.0,300,0.028346357962959753
shared,1000.0,0.7,0.3,30,0.5,negative,5,hit_rate_true_differences,0.3885,0.0028324150915492803,300,0.028346357962959753
shared,1000.0,0.7,0.3,30,0.5,negative,5,jaccard_with_society_top5,0.2588075396825397,0.0022724575156678846,300,0.028346357962959753
shared,1000.0,0.7,0.3,30,0.5,negative,5,society_share_negative_top5,1.0,0.0,300,0.028346357962959753
shared,1000.0,0.7,0.3,30,0.5,positive,5,jaccard_mean_pairwise,0.05936494012809793,0.00040813633048465117,300,0.028346357962959753
shared,1000.0,0.7,0.3,30,0.5,positive,5,share_negative_mean,0.9686666666666668,0.0011247031897159644,300,0.028346357962959753
shared,1000.0,0.7,0.3,30,0.5,positive,5,share_negative_sd_across_perceivers,0.07475626328463227,0.0017842229198725137,300,0.028346357962959753
shared,1000.0,0.7,0.3,30,0.5,positive,5,prop_perceivers_majority_negative,0.9988333333333335,0.00043651179736428863,300,0.028346357962959753
shared,1000.0,0.7,0.3,30,0.5,positive,5,hit_rate_true_differences,0.017666666666666667,0.0008324967930522104,300,0.028346357962959753
shared,1000.0,0.7,0.3,30,0.5,positive,5,jaccard_with_society_top5,0.022742063492063494,0.0009902091728374455,300,0.028346357962959753
shared,1000.0,0.7,0.3,30,0.5,positive,5,society_share_negative_top5,0.126,0.007433990452430158,300,0.028346357962959753
shared,1000.0,0.7,0.3,30,0.5,mixed,5,jaccard_mean_pairwise,0.09587322472848775,0.0013022135399765316,300,0.028346357962959753
shared,1000.0,0.7,0.3,30,0.5,mixed,5,share_negative_mean,0.9868000000000001,0.000741567233698924,300,0.028346357962959753
shared,1000.0,0.7,0.3,30,0.5,mixed,5,share_negative_sd_across_perceivers,0.04204180611235927,0.00185952312330233,300,0.028346357962959753
shared,1000.0,0.7,0.3,30,0.5,mixed,5,prop_perceivers_majority_negative,1.0,0.0,300,0.028346357962959753
shared,1000.0,0.7,0.3,30,0.5,mixed,5,hit_rate_true_differences,0.2147,0.004935337731951897,300,0.028346357962959753
shared,1000.0,0.7,0.3,30,0.5,mixed,5,jaccard_with_society_top5,0.14014550264550263,0.0033008140587933326,300,0.028346357962959753
shared,1000.0,0.7,0.3,30,0.5,mixed,5,society_share_negative_top5,0.5806666666666667,0.012134450559268232,300,0.028346357962959753
shared,1000.0,0.7,0.3,30,1.0,negative,5,jaccard_mean_pairwise,0.39061521860206116,0.003342089050728463,300,0.028346357962959753
shared,1000.0,0.7,0.3,30,1.0,negative,5,share_negative_mean,0.9997333333333334,0.00010445306225664238,300,0.028346357962959753
shared,1000.0,0.7,0.3,30,1.0,negative,5,share_negative_sd_across_perceivers,0.0010996228614169464,0.0004147062808357348,300,0.028346357962959753
shared,1000.0,0.7,0.3,30,1.0,negative,5,prop_perceivers_majority_negative,1.0,0.0,300,0.028346357962959753
shared,1000.0,0.7,0.3,30,1.0,negative,5,hit_rate_true_differences,0.7234333333333334,0.002440287249084694,300,0.028346357962959753
shared,1000.0,0.7,0.3,30,1.0,negative,5,jaccard_with_society_top5,0.5931798941798941,0.0030594170187297183,300,0.028346357962959753
shared,1000.0,0.7,0.3,30,1.0,negative,5,society_share_negative_top5,1.0,0.0,300,0.028346357962959753
shared,1000.0,0.7,0.3,30,1.0,positive,5,jaccard_mean_pairwise,0.05771087440824275,0.0003952421117396131,300,0.028346357962959753
shared,1000.0,0.7,0.3,30,1.0,positive,5,share_negative_mean,0.9268333333333334,0.0017047761180821802,300,0.028346357962959753
shared,1000.0,0.7,0.3,30,1.0,positive,5,share_negative_sd_across_perceivers,0.1182849733155407,0.0017593583440065114,300,0.028346357962959753
shared,1000.0,0.7,0.3,30,1.0,positive,5,prop_perceivers_majority_negative,0.9941666666666666,0.0010143434354199581,300,0.028346357962959753
shared,1000.0,0.7,0.3,30,1.0,positive,5,hit_rate_true_differences,0.06313333333333333,0.0015273597955301355,300,0.028346357962959753
shared,1000.0,0.7,0.3,30,1.0,positive,5,jaccard_with_society_top5,0.03649074074074074,0.000908607639510421,300,0.028346357962959753
shared,1000.0,0.7,0.3,30,1.0,positive,5,society_share_negative_top5,0.0006666666666666668,0.0006666666666666665,300,0.028346357962959753
shared,1000.0,0.7,0.3,30,1.0,mixed,5,jaccard_mean_pairwise,0.24864313561682,0.005161524580397795,300,0.028346357962959753
shared,1000.0,0.7,0.3,30,1.0,mixed,5,share_negative_mean,0.9829999999999999,0.001321716393631816,300,0.028346357962959753
shared,1000.0,0.7,0.3,30,1.0,mixed,5,share_negative_sd_across_perceivers,0.042511614532214186,0.002416322066235212,300,0.028346357962959753
shared,1000.0,0.7,0.3,30,1.0,mixed,5,prop_perceivers_majority_negative,0.9993333333333334,0.00033165687677074867,300,0.028346357962959753
shared,1000.0,0.7,0.3,30,1.0,mixed,5,hit_rate_true_differences,0.42473333333333335,0.008977165797730401,300,0.028346357962959753
shared,1000.0,0.7,0.3,30,1.0,mixed,5,jaccard_with_society_top5,0.29060780423280425,0.007459612217967165,300,0.028346357962959753
shared,1000.0,0.7,0.3,30,1.0,mixed,5,society_share_negative_top5,0.5086666666666667,0.012713052425343334,300,0.028346357962959753
shared,1000.0,0.7,0.3,30,2.0,negative,5,jaccard_mean_pairwise,0.955155388471178,0.00205345519200529,300,0.028346357962959753
shared,1000.0,0.7,0.3,30,2.0,negative,5,share_negative_mean,1.0,0.0,300,0.028346357962959753
shared,1000.0,0.7,0.3,30,2.0,negative,5,share_negative_sd_across_perceivers,0.0,0.0,300,0.028346357962959753
shared,1000.0,0.7,0.3,30,2.0,negative,5,prop_perceivers_majority_negative,1.0,0.0,300,0.028346357962959753
shared,1000.0,0.7,0.3,30,2.0,negative,5,hit_rate_true_differences,0.9863333333333333,0.0006367303136980466,300,0.028346357962959753
shared,1000.0,0.7,0.3,30,2.0,negative,5,jaccard_with_society_top5,0.9772380952380952,0.0010591383366604925,300,0.028346357962959753
shared,1000.0,0.7,0.3,30,2.0,negative,5,society_share_negative_top5,1.0,0.0,300,0.028346357962959753
shared,1000.0,0.7,0.3,30,2.0,positive,5,jaccard_mean_pairwise,0.06361535783904197,0.0005409118362199969,300,0.028346357962959753
shared,1000.0,0.7,0.3,30,2.0,positive,5,share_negative_mean,0.8129333333333334,0.0026740811082161414,300,0.028346357962959753
shared,1000.0,0.7,0.3,30,2.0,positive,5,share_negative_sd_across_perceivers,0.18035311148604943,0.0016716825029844053,300,0.028346357962959753
shared,1000.0,0.7,0.3,30,2.0,positive,5,prop_perceivers_majority_negative,0.9385,0.003233439067792712,300,0.028346357962959753
shared,1000.0,0.7,0.3,30,2.0,positive,5,hit_rate_true_differences,0.18363333333333334,0.002610628449108364,300,0.028346357962959753
shared,1000.0,0.7,0.3,30,2.0,positive,5,jaccard_with_society_top5,0.1133234126984127,0.0017869611800598048,300,0.028346357962959753
shared,1000.0,0.7,0.3,30,2.0,positive,5,society_share_negative_top5,0.0,0.0,300,0.028346357962959753
shared,1000.0,0.7,0.3,30,2.0,mixed,5,jaccard_mean_pairwise,0.3975348092453361,0.011802578269419581,300,0.028346357962959753
shared,1000.0,0.7,0.3,30,2.0,mixed,5,share_negative_mean,0.9585666666666668,0.002749447429366938,300,0.028346357962959753
shared,1000.0,0.7,0.3,30,2.0,mixed,5,share_negative_sd_across_perceivers,0.07060910810839095,0.003161982344343362,300,0.028346357962959753
shared,1000.0,0.7,0.3,30,2.0,mixed,5,prop_perceivers_majority_negative,0.9954999999999999,0.001089245082384276,300,0.028346357962959753
shared,1000.0,0.7,0.3,30,2.0,mixed,5,hit_rate_true_differences,0.5455000000000001,0.010980790463228246,300,0.028346357962959753
shared,1000.0,0.7,0.3,30,2.0,mixed,5,jaccard_with_society_top5,0.40527579365079364,0.011492393610133232,300,0.028346357962959753
shared,1000.0,0.7,0.3,30,2.0,mixed,5,society_share_negative_top5,0.5066666666666667,0.013198876116248301,300,0.028346357962959753
shared,1000.0,0.7,0.3,100,0.0,none,0,jaccard_mean_pairwise,0.07535742133110543,0.0006524237892743423,300,0.028346357962959753
shared,1000.0,0.7,0.3,100,0.0,none,0,share_negative_mean,0.9792333333333333,0.0009568369636997683,300,0.028346357962959753
shared,1000.0,0.7,0.3,100,0.0,none,0,share_negative_sd_across_perceivers,0.05811857021055344,0.0018757886707745839,300,0.028346357962959753
shared,1000.0,0.7,0.3,100,0.0,none,0,prop_perceivers_majority_negative,0.9993333333333332,0.00033165687677074867,300,0.028346357962959753
shared,1000.0,0.7,0.3,100,0.0,none,0,jaccard_with_society_top5,0.12783333333333333,0.0017037098518387797,300,0.028346357962959753
shared,1000.0,0.7,0.3,100,0.0,none,0,society_share_negative_top5,0.9646666666666666,0.005156920717781442,300,0.028346357962959753
shared,1000.0,0.7,0.3,100,0.25,negative,5,jaccard_mean_pairwise,0.12192940685045936,0.0014344873543614624,300,0.028346357962959753
shared,1000.0,0.7,0.3,100,0.25,negative,5,share_negative_mean,0.9931333333333333,0.0005135257135638547,300,0.028346357962959753
shared,1000.0,0.7,0.3,100,0.25,negative,5,share_negative_sd_across_perceivers,0.02501201034142315,0.0016353765652855643,300,0.028346357962959753
shared,1000.0,0.7,0.3,100,0.25,negative,5,prop_perceivers_majority_negative,1.0,0.0,300,0.028346357962959753
shared,1000.0,0.7,0.3,100,0.25,negative,5,hit_rate_true_differences,0.35396666666666665,0.0033194465473779344,300,0.028346357962959753
shared,1000.0,0.7,0.3,100,0.25,negative,5,jaccard_with_society_top5,0.2364662698412698,0.0025868294886580746,300,0.028346357962959753
shared,1000.0,0.7,0.3,100,0.25,negative,5,society_share_negative_top5,1.0,0.0,300,0.028346357962959753
shared,1000.0,0.7,0.3,100,0.25,positive,5,jaccard_mean_pairwise,0.07394750765803387,0.0006450315052012467,300,0.028346357962959753
shared,1000.0,0.7,0.3,100,0.25,positive,5,share_negative_mean,0.9579333333333333,0.001258720602362707,300,0.028346357962959753
shared,1000.0,0.7,0.3,100,0.25,positive,5,share_negative_sd_across_perceivers,0.08938288611598715,0.0017801786529033907,300,0.028346357962959753
shared,1000.0,0.7,0.3,100,0.25,positive,5,prop_perceivers_majority_negative,0.9976666666666665,0.0006099021858695893,300,0.028346357962959753
shared,1000.0,0.7,0.3,100,0.25,positive,5,hit_rate_true_differences,0.0238,0.0010009360167857865,300,0.028346357962959753
shared,1000.0,0.7,0.3,100,0.25,positive,5,jaccard_with_society_top5,0.09597420634920635,0.001937420953141746,300,0.028346357962959753
shared,1000.0,0.7,0.3,100,0.25,positive,5,society_share_negative_top5,0.612,0.010365021359432592,300,0.028346357962959753
shared,1000.0,0.7,0.3,100,0.25,mixed,5,jaccard_mean_pairwise,0.10248649401280967,0.0013844525996470714,300,0.028346357962959753
shared,1000.0,0.7,0.3,100,0.25,mixed,5,share_negative_mean,0.9802666666666668,0.0009418941675245661,300,0.028346357962959753
shared,1000.0,0.7,0.3,100,0.25,mixed,5,share_negative_sd_across_perceivers,0.05526674886743289,0.0019411398068771306,300,0.028346357962959753
shared,1000.0,0.7,0.3,100,0.25,mixed,5,prop_perceivers_majority_negative,0.9995,0.00028770804599878954,300,0.028346357962959753
shared,1000.0,0.7,0.3,100,0.25,mixed,5,hit_rate_true_differences,0.20586666666666667,0.005151089186450113,300,0.028346357962959753
shared,1000.0,0.7,0.3,100,0.25,mixed,5,jaccard_with_society_top5,0.17887764550264548,0.0031356953153161868,300,0.028346357962959753
shared,1000.0,0.7,0.3,100,0.25,mixed,5,society_share_negative_top5,0.866,0.009115388143318115,300,0.028346357962959753
shared,1000.0,0.7,0.3,100,0.5,negative,5,jaccard_mean_pairwise,0.3359539125591761,0.0033756338448656,300,0.028346357962959753
shared,1000.0,0.7,0.3,100,0.5,negative,5,share_negative_mean,0.9991333333333333,0.00016270657623983998,300,0.028346357962959753
shared,1000.0,0.7,0.3,100,0.5,negative,5,share_negative_sd_across_perceivers,0.003875851160999635,0.0007276459297170678,300,0.028346357962959753
shared,1000.0,0.7,0.3,100,0.5,negative,5,prop_perceivers_majority_negative,1.0,0.0,300,0.028346357962959753
shared,1000.0,0.7,0.3,100,0.5,negative,5,hit_rate_true_differences,0.6692,0.0030242571897260676,300,0.028346357962959753
shared,1000.0,0.7,0.3,100,0.5,negative,5,jaccard_with_society_top5,0.5282149470899471,0.0034616344080963097,300,0.028346357962959753
shared,1000.0,0.7,0.3,100,0.5,negative,5,society_share_negative_top5,1.0,0.0,300,0.028346357962959753
shared,1000.0,0.7,0.3,100,0.5,positive,5,jaccard_mean_pairwise,0.07025139236981333,0.0005930264491996364,300,0.028346357962959753
shared,1000.0,0.7,0.3,100,0.5,positive,5,share_negative_mean,0.8934333333333332,0.00212791518622387,300,0.028346357962959753
shared,1000.0,0.7,0.3,100,0.5,positive,5,share_negative_sd_across_perceivers,0.1369676032861568,0.0016294845377439748,300,0.028346357962959753
shared,1000.0,0.7,0.3,100,0.5,positive,5,prop_perceivers_majority_negative,0.9871666666666667,0.001523109485442565,300,0.028346357962959753
shared,1000.0,0.7,0.3,100,0.5,positive,5,hit_rate_true_differences,0.0962,0.002042655495077892,300,0.028346357962959753
shared,1000.0,0.7,0.3,100,0.5,positive,5,jaccard_with_society_top5,0.076739417989418,0.0016206682802833831,300,0.028346357962959753
shared,1000.0,0.7,0.3,100,0.5,positive,5,society_share_negative_top5,0.142,0.007894793170015565,300,0.028346357962959753
shared,1000.0,0.7,0.3,100,0.5,mixed,5,jaccard_mean_pairwise,0.2219434697855752,0.004245385436879887,300,0.028346357962959753
shared,1000.0,0.7,0.3,100,0.5,mixed,5,share_negative_mean,0.9698333333333333,0.001655677259286772,300,0.028346357962959753
shared,1000.0,0.7,0.3,100,0.5,mixed,5,share_negative_sd_across_perceivers,0.06498765063774804,0.002371950991046294,300,0.028346357962959753
shared,1000.0,0.7,0.3,100,0.5,mixed,5,prop_perceivers_majority_negative,0.9991666666666666,0.0003701767733834512,300,0.028346357962959753
shared,1000.0,0.7,0.3,100,0.5,mixed,5,hit_rate_true_differences,0.40073333333333333,0.007521236131077637,300,0.028346357962959753
shared,1000.0,0.7,0.3,100,0.5,mixed,5,jaccard_with_society_top5,0.2835707671957671,0.0060641593592582295,300,0.028346357962959753
shared,1000.0,0.7,0.3,100,0.5,mixed,5,society_share_negative_top5,0.584,0.01235087185887986,300,0.028346357962959753
shared,1000.0,0.7,0.3,100,1.0,negative,5,jaccard_mean_pairwise,0.9379949874686717,0.0026979935849263067,300,0.028346357962959753
shared,1000.0,0.7,0.3,100,1.0,negative,5,share_negative_mean,1.0,0.0,300,0.028346357962959753
shared,1000.0,0.7,0.3,100,1.0,negative,5,share_negative_sd_across_perceivers,0.0,0.0,300,0.028346357962959753
shared,1000.0,0.7,0.3,100,1.0,negative,5,prop_perceivers_majority_negative,1.0,0.0,300,0.028346357962959753
shared,1000.0,0.7,0.3,100,1.0,negative,5,hit_rate_true_differences,0.9808333333333333,0.0008622626289727095,300,0.028346357962959753
shared,1000.0,0.7,0.3,100,1.0,negative,5,jaccard_with_society_top5,0.9681190476190477,0.001432930520933949,300,0.028346357962959753
shared,1000.0,0.7,0.3,100,1.0,negative,5,society_share_negative_top5,1.0,0.0,300,0.028346357962959753
shared,1000.0,0.7,0.3,100,1.0,positive,5,jaccard_mean_pairwise,0.12519019771651335,0.0015426568666611956,300,0.028346357962959753
shared,1000.0,0.7,0.3,100,1.0,positive,5,share_negative_mean,0.6275,0.003444778576713807,300,0.028346357962959753
shared,1000.0,0.7,0.3,100,1.0,positive,5,share_negative_sd_across_perceivers,0.19511634869947272,0.001708152288263085,300,0.028346357962959753
shared,1000.0,0.7,0.3,100,1.0,positive,5,prop_perceivers_majority_negative,0.7411666666666666,0.006464974378897936,300,0.028346357962959753
shared,1000.0,0.7,0.3,100,1.0,positive,5,hit_rate_true_differences,0.3710333333333333,0.0034447052202263868,300,0.028346357962959753
shared,1000.0,0.7,0.3,100,1.0,positive,5,jaccard_with_society_top5,0.24754232804232804,0.0027233354438980966,300,0.028346357962959753
shared,1000.0,0.7,0.3,100,1.0,positive,5,society_share_negative_top5,0.0,0.0,300,0.028346357962959753
shared,1000.0,0.7,0.3,100,1.0,mixed,5,jaccard_mean_pairwise,0.4032287663603459,0.009463680510501232,300,0.028346357962959753
shared,1000.0,0.7,0.3,100,1.0,mixed,5,share_negative_mean,0.8824666666666667,0.005420114758795569,300,0.028346357962959753
shared,1000.0,0.7,0.3,100,1.0,mixed,5,share_negative_sd_across_perceivers,0.11645469089312087,0.003032258097601297,300,0.028346357962959753
shared,1000.0,0.7,0.3,100,1.0,mixed,5,prop_perceivers_majority_negative,0.9783333333333334,0.0030858519647853013,300,0.028346357962959753
shared,1000.0,0.7,0.3,100,1.0,mixed,5,hit_rate_true_differences,0.6093666666666667,0.007423620492148394,300,0.028346357962959753
shared,1000.0,0.7,0.3,100,1.0,mixed,5,jaccard_with_society_top5,0.46281415343915344,0.008096927977763792,300,0.028346357962959753
shared,1000.0,0.7,0.3,100,1.0,mixed,5,society_share_negative_top5,0.4946666666666667,0.012071630630204527,300,0.028346357962959753
shared,1000.0,0.7,0.3,100,2.0,negative,5,jaccard_mean_pairwise,1.0,0.0,300,0.028346357962959753
shared,1000.0,0.7,0.3,100,2.0,negative,5,share_negative_mean,1.0,0.0,300,0.028346357962959753
shared,1000.0,0.7,0.3,100,2.0,negative,5,share_negative_sd_across_perceivers,0.0,0.0,300,0.028346357962959753
shared,1000.0,0.7,0.3,100,2.0,negative,5,prop_perceivers_majority_negative,1.0,0.0,300,0.028346357962959753
shared,1000.0,0.7,0.3,100,2.0,negative,5,hit_rate_true_differences,1.0,0.0,300,0.028346357962959753
shared,1000.0,0.7,0.3,100,2.0,negative,5,jaccard_with_society_top5,1.0,0.0,300,0.028346357962959753
shared,1000.0,0.7,0.3,100,2.0,negative,5,society_share_negative_top5,1.0,0.0,300,0.028346357962959753
shared,1000.0,0.7,0.3,100,2.0,positive,5,jaccard_mean_pairwise,0.4170811055416324,0.0034000048818601794,300,0.028346357962959753
shared,1000.0,0.7,0.3,100,2.0,positive,5,share_negative_mean,0.26343333333333335,0.0024747637448282738,300,0.028346357962959753
shared,1000.0,0.7,0.3,100,2.0,positive,5,share_negative_sd_across_perceivers,0.1734333816211327,0.0016533672619148093,300,0.028346357962959753
shared,1000.0,0.7,0.3,100,2.0,positive,5,prop_perceivers_majority_negative,0.09300000000000001,0.00400710072088174,300,0.028346357962959753
shared,1000.0,0.7,0.3,100,2.0,positive,5,hit_rate_true_differences,0.7365333333333335,0.0024757343350925508,300,0.028346357962959753
shared,1000.0,0.7,0.3,100,2.0,positive,5,jaccard_with_society_top5,0.6135912698412698,0.0030522575981634685,300,0.028346357962959753
shared,1000.0,0.7,0.3,100,2.0,positive,5,society_share_negative_top5,0.0,0.0,300,0.028346357962959753
shared,1000.0,0.7,0.3,100,2.0,mixed,5,jaccard_mean_pairwise,0.5824582289055982,0.007545664824719617,300,0.028346357962959753
shared,1000.0,0.7,0.3,100,2.0,mixed,5,share_negative_mean,0.681,0.010649634534530448,300,0.028346357962959753
shared,1000.0,0.7,0.3,100,2.0,mixed,5,share_negative_sd_across_perceivers,0.13320079573798116,0.00232792774795682,300,0.028346357962959753
shared,1000.0,0.7,0.3,100,2.0,mixed,5,prop_perceivers_majority_negative,0.7765000000000001,0.016292964811265537,300,0.028346357962959753
shared,1000.0,0.7,0.3,100,2.0,mixed,5,hit_rate_true_differences,0.8156666666666669,0.003759738994870569,300,0.028346357962959753
shared,1000.0,0.7,0.3,100,2.0,mixed,5,jaccard_with_society_top5,0.7152493386243386,0.0053032699426327915,300,0.028346357962959753
shared,1000.0,0.7,0.3,100,2.0,mixed,5,society_share_negative_top5,0.49666666666666665,0.013437441935957792,300,0.028346357962959753
shared,1000.0,0.8,0.2,10,0.0,none,0,jaccard_mean_pairwise,0.059683583959899665,0.00034846090281758364,300,0.028346357962959753
shared,1000.0,0.8,0.2,10,0.0,none,0,share_negative_mean,0.9998666666666668,6.633137535414974e-05,300,0.028346357962959753
shared,1000.0,0.8,0.2,10,0.0,none,0,share_negative_sd_across_perceivers,0.0005962847939999438,0.0002966429286658657,300,0.028346357962959753
shared,1000.0,0.8,0.2,10,0.0,none,0,prop_perceivers_majority_negative,1.0,0.0,300,0.028346357962959753
shared,1000.0,0.8,0.2,10,0.0,none,0,jaccard_with_society_top5,0.07599669312169312,0.0011993716816270578,300,0.028346357962959753
shared,1000.0,0.8,0.2,10,0.0,none,0,society_share_negative_top5,1.0,0.0,300,0.028346357962959753
shared,1000.0,0.8,0.2,10,0.25,negative,5,jaccard_mean_pairwise,0.06194200779727087,0.00040623898035353664,300,0.028346357962959753
shared,1000.0,0.8,0.2,10,0.25,negative,5,share_negative_mean,0.9998666666666668,6.633137535414974e-05,300,0.028346357962959753
shared,1000.0,0.8,0.2,10,0.25,negative,5,share_negative_sd_across_perceivers,0.0005962847939999438,0.0002966429286658657,300,0.028346357962959753
shared,1000.0,0.8,0.2,10,0.25,negative,5,prop_perceivers_majority_negative,1.0,0.0,300,0.028346357962959753
shared,1000.0,0.8,0.2,10,0.25,negative,5,hit_rate_true_differences,0.15286666666666668,0.0020897762135733094,300,0.028346357962959753
shared,1000.0,0.8,0.2,10,0.25,negative,5,jaccard_with_society_top5,0.09341137566137567,0.0013505077173699054,300,0.028346357962959753
shared,1000.0,0.8,0.2,10,0.25,negative,5,society_share_negative_top5,1.0,0.0,300,0.028346357962959753
shared,1000.0,0.8,0.2,10,0.25,positive,5,jaccard_mean_pairwise,0.05960059871901969,0.0003571447677463204,300,0.028346357962959753
shared,1000.0,0.8,0.2,10,0.25,positive,5,share_negative_mean,0.9998333333333335,7.40353546766902e-05,300,0.028346357962959753
shared,1000.0,0.8,0.2,10,0.25,positive,5,share_negative_sd_across_perceivers,0.0007453559924999297,0.00033109617159077226,300,0.028346357962959753
shared,1000.0,0.8,0.2,10,0.25,positive,5,prop_perceivers_majority_negative,1.0,0.0,300,0.028346357962959753
shared,1000.0,0.8,0.2,10,0.25,positive,5,hit_rate_true_differences,3.3333333333333335e-05,3.333333333333333e-05,300,0.028346357962959753
shared,1000.0,0.8,0.2,10,0.25,positive,5,jaccard_with_society_top5,0.07757010582010582,0.00113752961651238,300,0.028346357962959753
shared,1000.0,0.8,0.2,10,0.25,positive,5,society_share_negative_top5,0.98,0.003950643090051558,300,0.028346357962959753
shared,1000.0,0.8,0.2,10,0.25,mixed,5,jaccard_mean_pairwise,0.06119660261765517,0.00039663943466888737,300,0.028346357962959753
shared,1000.0,0.8,0.2,10,0.25,mixed,5,share_negative_mean,0.9999333333333333,4.706155586970113e-05,300,0.028346357962959753
shared,1000.0,0.8,0.2,10,0.25,mixed,5,share_negative_sd_across_perceivers,0.0002981423969999719,0.00021046567610311171,300,0.028346357962959753
shared,1000.0,0.8,0.2,10,0.25,mixed,5,prop_perceivers_majority_negative,1.0,0.0,300,0.028346357962959753
shared,1000.0,0.8,0.2,10,0.25,mixed,5,hit_rate_true_differences,0.0796,0.002355174099513442,300,0.028346357962959753
shared,1000.0,0.8,0.2,10,0.25,mixed,5,jaccard_with_society_top5,0.08736309523809523,0.00133541557170885,300,0.028346357962959753
shared,1000.0,0.8,0.2,10,0.25,mixed,5,society_share_negative_top5,1.0,0.0,300,0.028346357962959753
shared,1000.0,0.8,0.2,10,0.5,negative,5,jaccard_mean_pairwise,0.07158465608465599,0.0005349137356977545,300,0.028346357962959753
shared,1000.0,0.8,0.2,10,0.5,negative,5,share_negative_mean,1.0,0.0,300,0.028346357962959753
shared,1000.0,0.8,0.2,10,0.5,negative,5,share_negative_sd_across_perceivers,0.0,0.0,300,0.028346357962959753
shared,1000.0,0.8,0.2,10,0.5,negative,5,prop_perceivers_majority_negative,1.0,0.0,300,0.028346357962959753
shared,1000.0,0.8,0.2,10,0.5,negative,5,hit_rate_true_differences,0.2316,0.0023506255245667497,300,0.028346357962959753
shared,1000.0,0.8,0.2,10,0.5,negative,5,jaccard_with_society_top5,0.14213756613756615,0.001630223066232494,300,0.028346357962959753
shared,1000.0,0.8,0.2,10,0.5,negative,5,society_share_negative_top5,1.0,0.0,300,0.028346357962959753
shared,1000.0,0.8,0.2,10,0.5,positive,5,jaccard_mean_pairwise,0.059898078529657395,0.0003574470715859505,300,0.028346357962959753
shared,1000.0,0.8,0.2,10,0.5,positive,5,share_negative_mean,0.9999333333333333,4.7061555869701135e-05,300,0.028346357962959753
shared,1000.0,0.8,0.2,10,0.5,positive,5,share_negative_sd_across_perceivers,0.0002981423969999719,0.00021046567610311171,300,0.028346357962959753
shared,1000.0,0.8,0.2,10,0.5,positive,5,prop_perceivers_majority_negative,1.0,0.0,300,0.028346357962959753
shared,1000.0,0.8,0.2,10,0.5,positive,5,hit_rate_true_differences,0.0,0.0,300,0.028346357962959753
shared,1000.0,0.8,0.2,10,0.5,positive,5,jaccard_with_society_top5,0.05970502645502646,0.0013288940049574636,300,0.028346357962959753
shared,1000.0,0.8,0.2,10,0.5,positive,5,society_share_negative_top5,0.7493333333333333,0.011884743162127178,300,0.028346357962959753
shared,1000.0,0.8,0.2,10,0.5,mixed,5,jaccard_mean_pairwise,0.06651928432191581,0.0005121257299090486,300,0.028346357962959753
shared,1000.0,0.8,0.2,10,0.5,mixed,5,share_negative_mean,0.9999666666666667,3.333333333333335e-05,300,0.028346357962959753
shared,1000.0,0.8,0.2,10,0.5,mixed,5,share_negative_sd_across_perceivers,0.00014907119849998595,0.00014907119849998592,300,0.028346357962959753
shared,1000.0,0.8,0.2,10,0.5,mixed,5,prop_perceivers_majority_negative,1.0,0.0,300,0.028346357962959753
shared,1000.0,0.8,0.2,10,0.5,mixed,5,hit_rate_true_differences,0.1148,0.0033323655228236077,300,0.028346357962959753
shared,1000.0,0.8,0.2,10,0.5,mixed,5,jaccard_with_society_top5,0.10600595238095238,0.00172541053750244,300,0.028346357962959753
shared,1000.0,0.8,0.2,10,0.5,mixed,5,society_share_negative_top5,0.9460000000000001,0.0062332942844507445,300,0.028346357962959753
shared,1000.0,0.8,0.2,10,1.0,negative,5,jaccard_mean_pairwise,0.12573712057922568,0.0012037670136830349,300,0.028346357962959753
shared,1000.0,0.8,0.2,10,1.0,negative,5,share_negative_mean,1.0,0.0,300,0.028346357962959753
shared,1000.0,0.8,0.2,10,1.0,negative,5,share_negative_sd_across_perceivers,0.0,0.0,300,0.028346357962959753
shared,1000.0,0.8,0.2,10,1.0,negative,5,prop_perceivers_majority_negative,1.0,0.0,300,0.028346357962959753
shared,1000.0,0.8,0.2,10,1.0,negative,5,hit_rate_true_differences,0.4057333333333334,0.0025566898424674023,300,0.028346357962959753
shared,1000.0,0.8,0.2,10,1.0,negative,5,jaccard_with_society_top5,0.2728888888888889,0.0020966179366478056,300,0.028346357962959753
shared,1000.0,0.8,0.2,10,1.0,negative,5,society_share_negative_top5,1.0,0.0,300,0.028346357962959753
shared,1000.0,0.8,0.2,10,1.0,positive,5,jaccard_mean_pairwise,0.060206697298802465,0.00037471693306532724,300,0.028346357962959753
shared,1000.0,0.8,0.2,10,1.0,positive,5,share_negative_mean,0.9998333333333335,7.403535467669022e-05,300,0.028346357962959753
shared,1000.0,0.8,0.2,10,1.0,positive,5,share_negative_sd_across_perceivers,0.0007453559924999297,0.00033109617159077226,300,0.028346357962959753
shared,1000.0,0.8,0.2,10,1.0,positive,5,prop_perceivers_majority_negative,1.0,0.0,300,0.028346357962959753
shared,1000.0,0.8,0.2,10,1.0,positive,5,hit_rate_true_differences,9.999999999999999e-05,5.7541609199757856e-05,300,0.028346357962959753
shared,1000.0,0.8,0.2,10,1.0,positive,5,jaccard_with_society_top5,0.019052910052910058,0.0010229920301452339,300,0.028346357962959753
shared,1000.0,0.8,0.2,10,1.0,positive,5,society_share_negative_top5,0.21666666666666667,0.009605755118727844,300,0.028346357962959753
shared,1000.0,0.8,0.2,10,1.0,mixed,5,jaccard_mean_pairwise,0.1009784182678918,0.0013206633153532384,300,0.028346357962959753
shared,1000.0,0.8,0.2,10,1.0,mixed,5,share_negative_mean,1.0,0.0,300,0.028346357962959753
shared,1000.0,0.8,0.2,10,1.0,mixed,5,share_negative_sd_across_perceivers,0.0,0.0,300,0.028346357962959753
shared,1000.0,0.8,0.2,10,1.0,mixed,5,prop_perceivers_majority_negative,1.0,0.0,300,0.028346357962959753
shared,1000.0,0.8,0.2,10,1.0,mixed,5,hit_rate_true_differences,0.22480000000000003,0.005274291363476713,300,0.028346357962959753
shared,1000.0,0.8,0.2,10,1.0,mixed,5,jaccard_with_society_top5,0.1522929894179894,0.0035665113222470503,300,0.028346357962959753
shared,1000.0,0.8,0.2,10,1.0,mixed,5,society_share_negative_top5,0.6533333333333333,0.013097127373885806,300,0.028346357962959753
shared,1000.0,0.8,0.2,10,2.0,negative,5,jaccard_mean_pairwise,0.4146056808688393,0.0028716306176155707,300,0.028346357962959753
shared,1000.0,0.8,0.2,10,2.0,negative,5,share_negative_mean,1.0,0.0,300,0.028346357962959753
shared,1000.0,0.8,0.2,10,2.0,negative,5,share_negative_sd_across_perceivers,0.0,0.0,300,0.028346357962959753
shared,1000.0,0.8,0.2,10,2.0,negative,5,prop_perceivers_majority_negative,1.0,0.0,300,0.028346357962959753
shared,1000.0,0.8,0.2,10,2.0,negative,5,hit_rate_true_differences,0.7445,0.002007302721077921,300,0.028346357962959753
shared,1000.0,0.8,0.2,10,2.0,negative,5,jaccard_with_society_top5,0.6180165343915344,0.0025548097450050385,300,0.028346357962959753
shared,1000.0,0.8,0.2,10,2.0,negative,5,society_share_negative_top5,1.0,0.0,300,0.028346357962959753
shared,1000.0,0.8,0.2,10,2.0,positive,5,jaccard_mean_pairwise,0.05947716513505978,0.0003429355985004739,300,0.028346357962959753
shared,1000.0,0.8,0.2,10,2.0,positive,5,share_negative_mean,0.9998333333333335,8.781166292509621e-05,300,0.028346357962959753
shared,1000.0,0.8,0.2,10,2.0,positive,5,share_negative_sd_across_perceivers,0.0007453559924999297,0.00039270569503562717,300,0.028346357962959753
shared,1000.0,0.8,0.2,10,2.0,positive,5,prop_perceivers_majority_negative,1.0,0.0,300,0.028346357962959753
shared,1000.0,0.8,0.2,10,2.0,positive,5,hit_rate_true_differences,3.3333333333333335e-05,3.333333333333333e-05,300,0.028346357962959753
shared,1000.0,0.8,0.2,10,2.0,positive,5,jaccard_with_society_top5,0.002263888888888889,0.0004287476578001556,300,0.028346357962959753
shared,1000.0,0.8,0.2,10,2.0,positive,5,society_share_negative_top5,0.024000000000000004,0.003988836149036121,300,0.028346357962959753
shared,1000.0,0.8,0.2,10,2.0,mixed,5,jaccard_mean_pairwise,0.25956516290726833,0.005331799646363559,300,0.028346357962959753
shared,1000.0,0.8,0.2,10,2.0,mixed,5,share_negative_mean,1.0,0.0,300,0.028346357962959753
shared,1000.0,0.8,0.2,10,2.0,mixed,5,share_negative_sd_across_perceivers,0.0,0.0,300,0.028346357962959753
shared,1000.0,0.8,0.2,10,2.0,mixed,5,prop_perceivers_majority_negative,1.0,0.0,300,0.028346357962959753
shared,1000.0,0.8,0.2,10,2.0,mixed,5,hit_rate_true_differences,0.41750000000000004,0.009986292165521776,300,0.028346357962959753
shared,1000.0,0.8,0.2,10,2.0,mixed,5,jaccard_with_society_top5,0.28754695767195765,0.00838822034942906,300,0.028346357962959753
shared,1000.0,0.8,0.2,10,2.0,mixed,5,society_share_negative_top5,0.5173333333333333,0.013434620855555088,300,0.028346357962959753
shared,1000.0,0.8,0.2,30,0.0,none,0,jaccard_mean_pairwise,0.06348015873015864,0.00037688276946504603,300,0.028346357962959753
shared,1000.0,0.8,0.2,30,0.0,none,0,share_negative_mean,0.9998666666666668,6.633137535414974e-05,300,0.028346357962959753
shared,1000.0,0.8,0.2,30,0.0,none,0,share_negative_sd_across_perceivers,0.0005962847939999438,0.0002966429286658657,300,0.028346357962959753
shared,1000.0,0.8,0.2,30,0.0,none,0,prop_perceivers_majority_negative,1.0,0.0,300,0.028346357962959753
shared,1000.0,0.8,0.2,30,0.0,none,0,jaccard_with_society_top5,0.09577380952380951,0.0012703466364118476,300,0.028346357962959753
shared,1000.0,0.8,0.2,30,0.0,none,0,society_share_negative_top5,0.9993333333333334,0.0006666666666666664,300,0.028346357962959753
shared,1000.0,0.8,0.2,30,0.25,negative,5,jaccard_mean_pairwise,0.07161292119186845,0.0005625641819740629,300,0.028346357962959753
shared,1000.0,0.8,0.2,30,0.25,negative,5,share_negative_mean,0.9999333333333333,4.706155586970113e-05,300,0.028346357962959753
shared,1000.0,0.8,0.2,30,0.25,negative,5,share_negative_sd_across_perceivers,0.0002981423969999719,0.00021046567610311171,300,0.028346357962959753
shared,1000.0,0.8,0.2,30,0.25,negative,5,prop_perceivers_majority_negative,1.0,0.0,300,0.028346357962959753
shared,1000.0,0.8,0.2,30,0.25,negative,5,hit_rate_true_differences,0.20233333333333334,0.0023862451126495784,300,0.028346357962959753
shared,1000.0,0.8,0.2,30,0.25,negative,5,jaccard_with_society_top5,0.1276580687830688,0.0015908745516451364,300,0.028346357962959753
shared,1000.0,0.8,0.2,30,0.25,negative,5,society_share_negative_top5,1.0,0.0,300,0.028346357962959753
shared,1000.0,0.8,0.2,30,0.25,positive,5,jaccard_mean_pairwise,0.06407664995822882,0.0004252755161632814,300,0.028346357962959753
shared,1000.0,0.8,0.2,30,0.25,positive,5,share_negative_mean,0.9998333333333335,7.403535467669022e-05,300,0.028346357962959753
shared,1000.0,0.8,0.2,30,0.25,positive,5,share_negative_sd_across_perceivers,0.0007453559924999297,0.0003310961715907722,300,0.028346357962959753
shared,1000.0,0.8,0.2,30,0.25,positive,5,prop_perceivers_majority_negative,1.0,0.0,300,0.028346357962959753
shared,1000.0,0.8,0.2,30,0.25,positive,5,hit_rate_true_differences,6.666666666666667e-05,4.7061555869701094e-05,300,0.028346357962959753
shared,1000.0,0.8,0.2,30,0.25,positive,5,jaccard_with_society_top5,0.09594510582010582,0.0014247106133152654,300,0.028346357962959753
shared,1000.0,0.8,0.2,30,0.25,positive,5,society_share_negative_top5,0.9826666666666667,0.0035175411161108374,300,0.028346357962959753
shared,1000.0,0.8,0.2,30,0.25,mixed,5,jaccard_mean_pairwise,0.06793260930103026,0.0005167647967976428,300,0.028346357962959753
shared,1000.0,0.8,0.2,30,0.25,mixed,5,share_negative_mean,0.9998666666666668,6.633137535414974e-05,300,0.028346357962959753
shared,1000.0,0.8,0.2,30,0.25,mixed,5,share_negative_sd_across_perceivers,0.0005962847939999438,0.0002966429286658657,300,0.028346357962959753
shared,1000.0,0.8,0.2,30,0.25,mixed,5,prop_perceivers_majority_negative,1.0,0.0,300,0.028346357962959753
shared,1000.0,0.8,0.2,30,0.25,mixed,5,hit_rate_true_differences,0.10766666666666666,0.0031192691785258096,300,0.028346357962959753
shared,1000.0,0.8,0.2,30,0.25,mixed,5,jaccard_with_society_top5,0.11485780423280424,0.0015313807337257461,300,0.028346357962959753
shared,1000.0,0.8,0.2,30,0.25,mixed,5,society_share_negative_top5,0.9966666666666667,0.0014807070935338026,300,0.028346357962959753
shared,1000.0,0.8,0.2,30,0.5,negative,5,jaccard_mean_pairwise,0.1104321915900862,0.001120462259208464,300,0.028346357962959753
shared,1000.0,0.8,0.2,30,0.5,negative,5,share_negative_mean,1.0,0.0,300,0.028346357962959753
shared,1000.0,0.8,0.2,30,0.5,negative,5,share_negative_sd_across_perceivers,0.0,0.0,300,0.028346357962959753
shared,1000.0,0.8,0.2,30,0.5,negative,5,prop_perceivers_majority_negative,1.0,0.0,300,0.028346357962959753
shared,1000.0,0.8,0.2,30,0.5,negative,5,hit_rate_true_differences,0.3574333333333333,0.002825516135931804,300,0.028346357962959753
shared,1000.0,0.8,0.2,30,0.5,negative,5,jaccard_with_society_top5,0.23429894179894176,0.0022118458983625164,300,0.028346357962959753
shared,1000.0,0.8,0.2,30,0.5,negative,5,society_share_negative_top5,1.0,0.0,300,0.028346357962959753
shared,1000.0,0.8,0.2,30,0.5,positive,5,jaccard_mean_pairwise,0.06348538011695898,0.00038862012349721365,300,0.028346357962959753
shared,1000.0,0.8,0.2,30,0.5,positive,5,share_negative_mean,0.9997,9.8653137160315e-05,300,0.028346357962959753
shared,1000.0,0.8,0.2,30,0.5,positive,5,share_negative_sd_across_perceivers,0.0013416407864998735,0.0004411902417681493,300,0.028346357962959753
shared,1000.0,0.8,0.2,30,0.5,positive,5,prop_perceivers_majority_negative,1.0,0.0,300,0.028346357962959753
shared,1000.0,0.8,0.2,30,0.5,positive,5,hit_rate_true_differences,0.0001666666666666667,7.403535467669014e-05,300,0.028346357962959753
shared,1000.0,0.8,0.2,30,0.5,positive,5,jaccard_with_society_top5,0.07103902116402115,0.001736225414634456,300,0.028346357962959753
shared,1000.0,0.8,0.2,30,0.5,positive,5,society_share_negative_top5,0.7413333333333333,0.012602961317288436,300,0.028346357962959753
shared,1000.0,0.8,0.2,30,0.5,mixed,5,jaccard_mean_pairwise,0.09008124477861307,0.0010142286984009298,300,0.028346357962959753
shared,1000.0,0.8,0.2,30,0.5,mixed,5,share_negative_mean,0.9999333333333333,4.7061555869701135e-05,300,0.028346357962959753
shared,1000.0,0.8,0.2,30,0.5,mixed,5,share_negative_sd_across_perceivers,0.0002981423969999719,0.00021046567610311171,300,0.028346357962959753
shared,1000.0,0.8,0.2,30,0.5,mixed,5,prop_perceivers_majority_negative,1.0,0.0,300,0.028346357962959753
shared,1000.0,0.8,0.2,30,0.5,mixed,5,hit_rate_true_differences,0.19083333333333335,0.004826408755897504,300,0.028346357962959753
shared,1000.0,0.8,0.2,30,0.5,mixed,5,jaccard_with_society_top5,0.16270039682539683,0.0026137574519164495,300,0.028346357962959753
shared,1000.0,0.8,0.2,30,0.5,mixed,5,society_share_negative_top5,0.9453333333333334,0.006596734662888934,300,0.028346357962959753
shared,1000.0,0.8,0.2,30,1.0,negative,5,jaccard_mean_pairwise,0.3413307574491789,0.002687325597908848,300,0.028346357962959753
shared,1000.0,0.8,0.2,30,1.0,negative,5,share_negative_mean,1.0,0.0,300,0.028346357962959753
shared,1000.0,0.8,0.2,30,1.0,negative,5,share_negative_sd_across_perceivers,0.0,0.0,300,0.028346357962959753
shared,1000.0,0.8,0.2,30,1.0,negative,5,prop_perceivers_majority_negative,1.0,0.0,300,0.028346357962959753
shared,1000.0,0.8,0.2,30,1.0,negative,5,hit_rate_true_differences,0.6850333333333333,0.002269716454395111,300,0.028346357962959753
shared,1000.0,0.8,0.2,30,1.0,negative,5,jaccard_with_society_top5,0.5462493386243386,0.0026941296630805293,300,0.028346357962959753
shared,1000.0,0.8,0.2,30,1.0,negative,5,society_share_negative_top5,1.0,0.0,300,0.028346357962959753
shared,1000.0,0.8,0.2,30,1.0,positive,5,jaccard_mean_pairwise,0.063152603731551,0.0003962628097027622,300,0.028346357962959753
shared,1000.0,0.8,0.2,30,1.0,positive,5,share_negative_mean,0.9994666666666667,0.0001382590699372675,300,0.028346357962959753
shared,1000.0,0.8,0.2,30,1.0,positive,5,share_negative_sd_across_perceivers,0.002385139175999775,0.0006183133577712557,300,0.028346357962959753
shared,1000.0,0.8,0.2,30,1.0,positive,5,prop_perceivers_majority_negative,1.0,0.0,300,0.028346357962959753
shared,1000.0,0.8,0.2,30,1.0,positive,5,hit_rate_true_differences,0.0005,0.00013459547551454137,300,0.028346357962959753
shared,1000.0,0.8,0.2,30,1.0,positive,5,jaccard_with_society_top5,0.023583333333333335,0.001237367523764966,300,0.028346357962959753
shared,1000.0,0.8,0.2,30,1.0,positive,5,society_share_negative_top5,0.21533333333333332,0.00961317997765539,300,0.028346357962959753
shared,1000.0,0.8,0.2,30,1.0,mixed,5,jaccard_mean_pairwise,0.214618351434141,0.004295352846736422,300,0.028346357962959753
shared,1000.0,0.8,0.2,30,1.0,mixed,5,share_negative_mean,0.9999000000000001,5.754160919975793e-05,300,0.028346357962959753
shared,1000.0,0.8,0.2,30,1.0,mixed,5,share_negative_sd_across_perceivers,0.00044721359549995785,0.0002573338994107717,300,0.028346357962959753
shared,1000.0,0.8,0.2,30,1.0,mixed,5,prop_perceivers_majority_negative,1.0,0.0,300,0.028346357962959753
shared,1000.0,0.8,0.2,30,1.0,mixed,5,hit_rate_true_differences,0.37020000000000003,0.009079598456883352,300,0.028346357962959753
shared,1000.0,0.8,0.2,30,1.0,mixed,5,jaccard_with_society_top5,0.26566666666666666,0.007053184504688431,300,0.028346357962959753
shared,1000.0,0.8,0.2,30,1.0,mixed,5,society_share_negative_top5,0.66,0.013405601251996727,300,0.028346357962959753
shared,1000.0,0.8,0.2,30,2.0,negative,5,jaccard_mean_pairwise,0.9463711361737676,0.0022845963722840385,300,0.028346357962959753
shared,1000.0,0.8,0.2,30,2.0,negative,5,share_negative_mean,1.0,0.0,300,0.028346357962959753
shared,1000.0,0.8,0.2,30,2.0,negative,5,share_negative_sd_across_perceivers,0.0,0.0,300,0.028346357962959753
shared,1000.0,0.8,0.2,30,2.0,negative,5,prop_perceivers_majority_negative,1.0,0.0,300,0.028346357962959753
shared,1000.0,0.8,0.2,30,2.0,negative,5,hit_rate_true_differences,0.9836000000000001,0.0007123062235273586,300,0.028346357962959753
shared,1000.0,0.8,0.2,30,2.0,negative,5,jaccard_with_society_top5,0.9727142857142856,0.0011807084552014767,300,0.028346357962959753
shared,1000.0,0.8,0.2,30,2.0,negative,5,society_share_negative_top5,1.0,0.0,300,0.028346357962959753
shared,1000.0,0.8,0.2,30,2.0,positive,5,jaccard_mean_pairwise,0.0635475494291283,0.0004208304722903489,300,0.028346357962959753
shared,1000.0,0.8,0.2,30,2.0,positive,5,share_negative_mean,0.9989333333333333,0.00023747714005260766,300,0.028346357962959753
shared,1000.0,0.8,0.2,30,2.0,positive,5,share_negative_sd_across_perceivers,0.0043368656806874566,0.0009014035544649048,300,0.028346357962959753
shared,1000.0,0.8,0.2,30,2.0,positive,5,prop_perceivers_majority_negative,1.0,0.0,300,0.028346357962959753
shared,1000.0,0.8,0.2,30,2.0,positive,5,hit_rate_true_differences,0.001,0.0002337231971529622,300,0.028346357962959753
shared,1000.0,0.8,0.2,30,2.0,positive,5,jaccard_with_society_top5,0.002351851851851852,0.000424408512066539,300,0.028346357962959753
shared,1000.0,0.8,0.2,30,2.0,positive,5,society_share_negative_top5,0.014,0.0029511065891177925,300,0.028346357962959753
shared,1000.0,0.8,0.2,30,2.0,mixed,5,jaccard_mean_pairwise,0.399897660818714,0.01104500803411404,300,0.028346357962959753
shared,1000.0,0.8,0.2,30,2.0,mixed,5,share_negative_mean,0.9998666666666668,8.142177693922249e-05,300,0.028346357962959753
shared,1000.0,0.8,0.2,30,2.0,mixed,5,share_negative_sd_across_perceivers,0.0005962847939999438,0.00036412925616985354,300,0.028346357962959753
shared,1000.0,0.8,0.2,30,2.0,mixed,5,prop_perceivers_majority_negative,1.0,0.0,300,0.028346357962959753
shared,1000.0,0.8,0.2,30,2.0,mixed,5,hit_rate_true_differences,0.5087,0.012595850124415766,300,0.028346357962959753
shared,1000.0,0.8,0.2,30,2.0,mixed,5,jaccard_with_society_top5,0.37288029100529096,0.012077211411052642,300,0.028346357962959753
shared,1000.0,0.8,0.2,30,2.0,mixed,5,society_share_negative_top5,0.5226666666666666,0.012760492727800976,300,0.028346357962959753
shared,1000.0,0.8,0.2,100,0.0,none,0,jaccard_mean_pairwise,0.07950765803397371,0.0006449600737413366,300,0.028346357962959753
shared,1000.0,0.8,0.2,100,0.0,none,0,share_negative_mean,0.9997666666666667,8.730235947285772e-05,300,0.028346357962959753
shared,1000.0,0.8,0.2,100,0.0,none,0,share_negative_sd_across_perceivers,0.0010434983894999016,0.0003904280207548647,300,0.028346357962959753
shared,1000.0,0.8,0.2,100,0.0,none,0,prop_perceivers_majority_negative,1.0,0.0,300,0.028346357962959753
shared,1000.0,0.8,0.2,100,0.0,none,0,jaccard_with_society_top5,0.1353128306878307,0.0016404891154377169,300,0.028346357962959753
shared,1000.0,0.8,0.2,100,0.0,none,0,society_share_negative_top5,1.0,0.0,300,0.028346357962959753
shared,1000.0,0.8,0.2,100,0.25,negative,5,jaccard_mean_pairwise,0.11067502088554707,0.0012392811748900684,300,0.028346357962959753
shared,1000.0,0.8,0.2,100,0.25,negative,5,share_negative_mean,0.9999333333333333,4.706155586970113e-05,300,0.028346357962959753
shared,1000.0,0.8,0.2,100,0.25,negative,5,share_negative_sd_across_perceivers,0.0002981423969999719,0.00021046567610311171,300,0.028346357962959753
shared,1000.0,0.8,0.2,100,0.25,negative,5,prop_perceivers_majority_negative,1.0,0.0,300,0.028346357962959753
shared,1000.0,0.8,0.2,100,0.25,negative,5,hit_rate_true_differences,0.31626666666666664,0.003529804089211263,300,0.028346357962959753
shared,1000.0,0.8,0.2,100,0.25,negative,5,jaccard_with_society_top5,0.21192460317460315,0.002503674330149802,300,0.028346357962959753
shared,1000.0,0.8,0.2,100,0.25,negative,5,society_share_negative_top5,1.0,0.0,300,0.028346357962959753
shared,1000.0,0.8,0.2,100,0.25,positive,5,jaccard_mean_pairwise,0.07832163742690047,0.0006298201394347676,300,0.028346357962959753
shared,1000.0,0.8,0.2,100,0.25,positive,5,share_negative_mean,0.9995333333333334,0.00012198043717391784,300,0.028346357962959753
shared,1000.0,0.8,0.2,100,0.25,positive,5,share_negative_sd_across_perceivers,0.0020869967789998033,0.0005455130988920447,300,0.028346357962959753
shared,1000.0,0.8,0.2,100,0.25,positive,5,prop_perceivers_majority_negative,1.0,0.0,300,0.028346357962959753
shared,1000.0,0.8,0.2,100,0.25,positive,5,hit_rate_true_differences,0.0004,0.00011332611951597255,300,0.028346357962959753
shared,1000.0,0.8,0.2,100,0.25,positive,5,jaccard_with_society_top5,0.13272619047619047,0.0017540624098201624,300,0.028346357962959753
shared,1000.0,0.8,0.2,100,0.25,positive,5,society_share_negative_top5,0.9713333333333333,0.004666666666666665,300,0.028346357962959753
shared,1000.0,0.8,0.2,100,0.25,mixed,5,jaccard_mean_pairwise,0.0974015594541909,0.0011480214900132235,300,0.028346357962959753
shared,1000.0,0.8,0.2,100,0.25,mixed,5,share_negative_mean,0.9998,8.096409047527368e-05,300,0.028346357962959753
shared,1000.0,0.8,0.2,100,0.25,mixed,5,share_negative_sd_across_perceivers,0.0008944271909999157,0.00036208242007831014,300,0.028346357962959753
shared,1000.0,0.8,0.2,100,0.25,mixed,5,prop_perceivers_majority_negative,1.0,0.0,300,0.028346357962959753
shared,1000.0,0.8,0.2,100,0.25,mixed,5,hit_rate_true_differences,0.16940000000000002,0.004764103044114252,300,0.028346357962959753
shared,1000.0,0.8,0.2,100,0.25,mixed,5,jaccard_with_society_top5,0.17908002645502644,0.0023605594321711235,300,0.028346357962959753
shared,1000.0,0.8,0.2,100,0.25,mixed,5,society_share_negative_top5,0.9986666666666667,0.0009412311173940218,300,0.028346357962959753
shared,1000.0,0.8,0.2,100,0.5,negative,5,jaccard_mean_pairwise,0.2796866471734895,0.0029541476194879152,300,0.028346357962959753
shared,1000.0,0.8,0.2,100,0.5,negative,5,share_negative_mean,1.0,0.0,300,0.028346357962959753
shared,1000.0,0.8,0.2,100,0.5,negative,5,share_negative_sd_across_perceivers,0.0,0.0,300,0.028346357962959753
shared,1000.0,0.8,0.2,100,0.5,negative,5,prop_perceivers_majority_negative,1.0,0.0,300,0.028346357962959753
shared,1000.0,0.8,0.2,100,0.5,negative,5,hit_rate_true_differences,0.6105,0.0032303345516364245,300,0.028346357962959753
shared,1000.0,0.8,0.2,100,0.5,negative,5,jaccard_with_society_top5,0.46339417989417986,0.003432934742911793,300,0.028346357962959753
shared,1000.0,0.8,0.2,100,0.5,negative,5,society_share_negative_top5,1.0,0.0,300,0.028346357962959753
shared,1000.0,0.8,0.2,100,0.5,positive,5,jaccard_mean_pairwise,0.07783611807296008,0.0005698169697767667,300,0.028346357962959753
shared,1000.0,0.8,0.2,100,0.5,positive,5,share_negative_mean,0.9982,0.0002758992594005872,300,0.028346357962959753
shared,1000.0,0.8,0.2,100,0.5,positive,5,share_negative_sd_across_perceivers,0.007557084540453915,0.0011253835421009058,300,0.028346357962959753
shared,1000.0,0.8,0.2,100,0.5,positive,5,prop_perceivers_majority_negative,0.9998333333333332,0.0001666666666666668,300,0.028346357962959753
shared,1000.0,0.8,0.2,100,0.5,positive,5,hit_rate_true_differences,0.0016333333333333332,0.0002691840486085113,300,0.028346357962959753
shared,1000.0,0.8,0.2,100,0.5,positive,5,jaccard_with_society_top5,0.10351322751322752,0.0021752031730921735,300,0.028346357962959753
shared,1000.0,0.8,0.2,100,0.5,positive,5,society_share_negative_top5,0.7453333333333332,0.011900491669234847,300,0.028346357962959753
shared,1000.0,0.8,0.2,100,0.5,mixed,5,jaccard_mean_pairwise,0.19661445279866338,0.003671730676897658,300,0.028346357962959753
shared,1000.0,0.8,0.2,100,0.5,mixed,5,share_negative_mean,0.9997666666666667,8.730235947285772e-05,300,0.028346357962959753
shared,1000.0,0.8,0.2,100,0.5,mixed,5,share_negative_sd_across_perceivers,0.0010434983894999016,0.00039042802075486474,300,0.028346357962959753
shared,1000.0,0.8,0.2,100,0.5,mixed,5,prop_perceivers_majority_negative,1.0,0.0,300,0.028346357962959753
shared,1000.0,0.8,0.2,100,0.5,mixed,5,hit_rate_true_differences,0.3405,0.008887771088208108,300,0.028346357962959753
shared,1000.0,0.8,0.2,100,0.5,mixed,5,jaccard_with_society_top5,0.2925416666666667,0.0055563607516970525,300,0.028346357962959753
shared,1000.0,0.8,0.2,100,0.5,mixed,5,society_share_negative_top5,0.9326666666666665,0.007161044954877901,300,0.028346357962959753
shared,1000.0,0.8,0.2,100,1.0,negative,5,jaccard_mean_pairwise,0.8935091896407683,0.0032475337746593,300,0.028346357962959753
shared,1000.0,0.8,0.2,100,1.0,negative,5,share_negative_mean,1.0,0.0,300,0.028346357962959753
shared,1000.0,0.8,0.2,100,1.0,negative,5,share_negative_sd_across_perceivers,0.0,0.0,300,0.028346357962959753
shared,1000.0,0.8,0.2,100,1.0,negative,5,prop_perceivers_majority_negative,1.0,0.0,300,0.028346357962959753
shared,1000.0,0.8,0.2,100,1.0,negative,5,hit_rate_true_differences,0.9662999999999999,0.001084979026147274,300,0.028346357962959753
shared,1000.0,0.8,0.2,100,1.0,negative,5,jaccard_with_society_top5,0.9441190476190475,0.0017863243282088706,300,0.028346357962959753
shared,1000.0,0.8,0.2,100,1.0,negative,5,society_share_negative_top5,1.0,0.0,300,0.028346357962959753
shared,1000.0,0.8,0.2,100,1.0,positive,5,jaccard_mean_pairwise,0.07608444722918396,0.0005989552841381267,300,0.028346357962959753
shared,1000.0,0.8,0.2,100,1.0,positive,5,share_negative_mean,0.9895,0.0006595917794333832,300,0.028346357962959753
shared,1000.0,0.8,0.2,100,1.0,positive,5,share_negative_sd_across_perceivers,0.03559068397600419,0.001903903339489508,300,0.028346357962959753
shared,1000.0,0.8,0.2,100,1.0,positive,5,prop_perceivers_majority_negative,0.9995,0.0002877080459987895,300,0.028346357962959753
shared,1000.0,0.8,0.2,100,1.0,positive,5,hit_rate_true_differences,0.01046666666666667,0.0006605179099217429,300,0.028346357962959753
shared,1000.0,0.8,0.2,100,1.0,positive,5,jaccard_with_society_top5,0.04180092592592593,0.0019178382708004266,300,0.028346357962959753
shared,1000.0,0.8,0.2,100,1.0,positive,5,society_share_negative_top5,0.22199999999999998,0.010157510909208025,300,0.028346357962959753
shared,1000.0,0.8,0.2,100,1.0,mixed,5,jaccard_mean_pairwise,0.3965416318574219,0.00994049501279413,300,0.028346357962959753
shared,1000.0,0.8,0.2,100,1.0,mixed,5,share_negative_mean,0.9989666666666669,0.00020527238522692712,300,0.028346357962959753
shared,1000.0,0.8,0.2,100,1.0,mixed,5,share_negative_sd_across_perceivers,0.00415647352058486,0.0007884653876933117,300,0.028346357962959753
shared,1000.0,0.8,0.2,100,1.0,mixed,5,prop_perceivers_majority_negative,1.0,0.0,300,0.028346357962959753
shared,1000.0,0.8,0.2,100,1.0,mixed,5,hit_rate_true_differences,0.5033000000000001,0.011653312790646936,300,0.028346357962959753
shared,1000.0,0.8,0.2,100,1.0,mixed,5,jaccard_with_society_top5,0.39586772486772487,0.010916473110655007,300,0.028346357962959753
shared,1000.0,0.8,0.2,100,1.0,mixed,5,society_share_negative_top5,0.6806666666666666,0.012673705724717212,300,0.028346357962959753
shared,1000.0,0.8,0.2,100,2.0,negative,5,jaccard_mean_pairwise,1.0,0.0,300,0.028346357962959753
shared,1000.0,0.8,0.2,100,2.0,negative,5,share_negative_mean,1.0,0.0,300,0.028346357962959753
shared,1000.0,0.8,0.2,100,2.0,negative,5,share_negative_sd_across_perceivers,0.0,0.0,300,0.028346357962959753
shared,1000.0,0.8,0.2,100,2.0,negative,5,prop_perceivers_majority_negative,1.0,0.0,300,0.028346357962959753
shared,1000.0,0.8,0.2,100,2.0,negative,5,hit_rate_true_differences,1.0,0.0,300,0.028346357962959753
shared,1000.0,0.8,0.2,100,2.0,negative,5,jaccard_with_society_top5,1.0,0.0,300,0.028346357962959753
shared,1000.0,0.8,0.2,100,2.0,negative,5,society_share_negative_top5,1.0,0.0,300,0.028346357962959753
shared,1000.0,0.8,0.2,100,2.0,positive,5,jaccard_mean_pairwise,0.07299422166527418,0.000606127321633869,300,0.028346357962959753
shared,1000.0,0.8,0.2,100,2.0,positive,5,share_negative_mean,0.9463666666666668,0.0017941427887265971,300,0.028346357962959753
shared,1000.0,0.8,0.2,100,2.0,positive,5,share_negative_sd_across_perceivers,0.10828047493008872,0.002443449580798862,300,0.028346357962959753
shared,1000.0,0.8,0.2,100,2.0,positive,5,prop_perceivers_majority_negative,0.9908333333333333,0.0012144231081847267,300,0.028346357962959753
shared,1000.0,0.8,0.2,100,2.0,positive,5,hit_rate_true_differences,0.05363333333333333,0.0017941427887265971,300,0.028346357962959753
shared,1000.0,0.8,0.2,100,2.0,positive,5,jaccard_with_society_top5,0.03578835978835979,0.0013097899191044124,300,0.028346357962959753
shared,1000.0,0.8,0.2,100,2.0,positive,5,society_share_negative_top5,0.018666666666666668,0.0034946473908641237,300,0.028346357962959753
shared,1000.0,0.8,0.2,100,2.0,mixed,5,jaccard_mean_pairwise,0.40839571150097526,0.011510660240348188,300,0.028346357962959753
shared,1000.0,0.8,0.2,100,2.0,mixed,5,share_negative_mean,0.9917333333333332,0.0008584205938911006,300,0.028346357962959753
shared,1000.0,0.8,0.2,100,2.0,mixed,5,share_negative_sd_across_perceivers,0.02423951621691715,0.002150111154452112,300,0.028346357962959753
shared,1000.0,0.8,0.2,100,2.0,mixed,5,prop_perceivers_majority_negative,0.9996666666666666,0.00023530777934850568,300,0.028346357962959753
shared,1000.0,0.8,0.2,100,2.0,mixed,5,hit_rate_true_differences,0.5142666666666665,0.012067045455599272,300,0.028346357962959753
shared,1000.0,0.8,0.2,100,2.0,mixed,5,jaccard_with_society_top5,0.38041269841269837,0.012222569675783144,300,0.028346357962959753
shared,1000.0,0.8,0.2,100,2.0,mixed,5,society_share_negative_top5,0.5220000000000001,0.013006644387245943,300,0.028346357962959753
shared,1000.0,0.9,0.1,10,0.0,none,0,jaccard_mean_pairwise,0.0598727373990531,0.00034433449001448587,300,0.028346357962959753
shared,1000.0,0.9,0.1,10,0.0,none,0,share_negative_mean,1.0,0.0,300,0.028346357962959753
shared,1000.0,0.9,0.1,10,0.0,none,0,share_negative_sd_across_perceivers,0.0,0.0,300,0.028346357962959753
shared,1000.0,0.9,0.1,10,0.0,none,0,prop_perceivers_majority_negative,1.0,0.0,300,0.028346357962959753
shared,1000.0,0.9,0.1,10,0.0,none,0,jaccard_with_society_top5,0.08006679894179894,0.0012619759663022416,300,0.028346357962959753
shared,1000.0,0.9,0.1,10,0.0,none,0,society_share_negative_top5,1.0,0.0,300,0.028346357962959753
shared,1000.0,0.9,0.1,10,0.25,negative,5,jaccard_mean_pairwise,0.061084864940128,0.0004052267400285685,300,0.028346357962959753
shared,1000.0,0.9,0.1,10,0.25,negative,5,share_negative_mean,1.0,0.0,300,0.028346357962959753
shared,1000.0,0.9,0.1,10,0.25,negative,5,share_negative_sd_across_perceivers,0.0,0.0,300,0.028346357962959753
shared,1000.0,0.9,0.1,10,0.25,negative,5,prop_perceivers_majority_negative,1.0,0.0,300,0.028346357962959753
shared,1000.0,0.9,0.1,10,0.25,negative,5,hit_rate_true_differences,0.14060000000000003,0.0018580986673877276,300,0.028346357962959753
shared,1000.0,0.9,0.1,10,0.25,negative,5,jaccard_with_society_top5,0.08469444444444445,0.001109122146693265,300,0.028346357962959753
shared,1000.0,0.9,0.1,10,0.25,negative,5,society_share_negative_top5,1.0,0.0,300,0.028346357962959753
shared,1000.0,0.9,0.1,10,0.25,positive,5,jaccard_mean_pairwise,0.0600029239766081,0.00035109718979311864,300,0.028346357962959753
shared,1000.0,0.9,0.1,10,0.25,positive,5,share_negative_mean,1.0,0.0,300,0.028346357962959753
shared,1000.0,0.9,0.1,10,0.25,positive,5,share_negative_sd_across_perceivers,0.0,0.0,300,0.028346357962959753
shared,1000.0,0.9,0.1,10,0.25,positive,5,prop_perceivers_majority_negative,1.0,0.0,300,0.028346357962959753
shared,1000.0,0.9,0.1,10,0.25,positive,5,hit_rate_true_differences,0.0,0.0,300,0.028346357962959753
shared,1000.0,0.9,0.1,10,0.25,positive,5,jaccard_with_society_top5,0.07934457671957672,0.0011714490875907766,300,0.028346357962959753
shared,1000.0,0.9,0.1,10,0.25,positive,5,society_share_negative_top5,1.0,0.0,300,0.028346357962959753
shared,1000.0,0.9,0.1,10,0.25,mixed,5,jaccard_mean_pairwise,0.061481690336953415,0.0003786730098417257,300,0.028346357962959753
shared,1000.0,0.9,0.1,10,0.25,mixed,5,share_negative_mean,1.0,0.0,300,0.028346357962959753
shared,1000.0,0.9,0.1,10,0.25,mixed,5,share_negative_sd_across_perceivers,0.0,0.0,300,0.028346357962959753
shared,1000.0,0.9,0.1,10,0.25,mixed,5,prop_perceivers_majority_negative,1.0,0.0,300,0.028346357962959753
shared,1000.0,0.9,0.1,10,0.25,mixed,5,hit_rate_true_differences,0.074,0.0023628488370043667,300,0.028346357962959753
shared,1000.0,0.9,0.1,10,0.25,mixed,5,jaccard_with_society_top5,0.0859834656084656,0.0012115431779874401,300,0.028346357962959753
shared,1000.0,0.9,0.1,10,0.25,mixed,5,society_share_negative_top5,1.0,0.0,300,0.028346357962959753
shared,1000.0,0.9,0.1,10,0.5,negative,5,jaccard_mean_pairwise,0.06572813979392918,0.0004651667221864806,300,0.028346357962959753
shared,1000.0,0.9,0.1,10,0.5,negative,5,share_negative_mean,1.0,0.0,300,0.028346357962959753
shared,1000.0,0.9,0.1,10,0.5,negative,5,share_negative_sd_across_perceivers,0.0,0.0,300,0.028346357962959753
shared,1000.0,0.9,0.1,10,0.5,negative,5,prop_perceivers_majority_negative,1.0,0.0,300,0.028346357962959753
shared,1000.0,0.9,0.1,10,0.5,negative,5,hit_rate_true_differences,0.19050000000000003,0.0023425324317882844,300,0.028346357962959753
shared,1000.0,0.9,0.1,10,0.5,negative,5,jaccard_with_society_top5,0.1149232804232804,0.0015467953483206595,300,0.028346357962959753
shared,1000.0,0.9,0.1,10,0.5,negative,5,society_share_negative_top5,1.0,0.0,300,0.028346357962959753
shared,1000.0,0.9,0.1,10,0.5,positive,5,jaccard_mean_pairwise,0.059446184906711136,0.0003536968032721497,300,0.028346357962959753
shared,1000.0,0.9,0.1,10,0.5,positive,5,share_negative_mean,1.0,0.0,300,0.028346357962959753
shared,1000.0,0.9,0.1,10,0.5,positive,5,share_negative_sd_across_perceivers,0.0,0.0,300,0.028346357962959753
shared,1000.0,0.9,0.1,10,0.5,positive,5,prop_perceivers_majority_negative,1.0,0.0,300,0.028346357962959753
shared,1000.0,0.9,0.1,10,0.5,positive,5,hit_rate_true_differences,0.0,0.0,300,0.028346357962959753
shared,1000.0,0.9,0.1,10,0.5,positive,5,jaccard_with_society_top5,0.07906481481481481,0.0011849813440520526,300,0.028346357962959753
shared,1000.0,0.9,0.1,10,0.5,positive,5,society_share_negative_top5,1.0,0.0,300,0.028346357962959753
shared,1000.0,0.9,0.1,10,0.5,mixed,5,jaccard_mean_pairwise,0.0632486076301865,0.00042728261246947967,300,0.028346357962959753
shared,1000.0,0.9,0.1,10,0.5,mixed,5,share_negative_mean,1.0,0.0,300,0.028346357962959753
shared,1000.0,0.9,0.1,10,0.5,mixed,5,share_negative_sd_across_perceivers,0.0,0.0,300,0.028346357962959753
shared,1000.0,0.9,0.1,10,0.5,mixed,5,prop_perceivers_majority_negative,1.0,0.0,300,0.028346357962959753
shared,1000.0,0.9,0.1,10,0.5,mixed,5,hit_rate_true_differences,0.10003333333333334,0.0031066147765294334,300,0.028346357962959753
shared,1000.0,0.9,0.1,10,0.5,mixed,5,jaccard_with_society_top5,0.10028108465608465,0.0015044931139832904,300,0.028346357962959753
shared,1000.0,0.9,0.1,10,0.5,mixed,5,society_share_negative_top5,1.0,0.0,300,0.028346357962959753
shared,1000.0,0.9,0.1,10,1.0,negative,5,jaccard_mean_pairwise,0.09767703982177654,0.0009378628357948794,300,0.028346357962959753
shared,1000.0,0.9,0.1,10,1.0,negative,5,share_negative_mean,1.0,0.0,300,0.028346357962959753
shared,1000.0,0.9,0.1,10,1.0,negative,5,share_negative_sd_across_perceivers,0.0,0.0,300,0.028346357962959753
shared,1000.0,0.9,0.1,10,1.0,negative,5,prop_perceivers_majority_negative,1.0,0.0,300,0.028346357962959753
shared,1000.0,0.9,0.1,10,1.0,negative,5,hit_rate_true_differences,0.3338666666666667,0.0025496511372324025,300,0.028346357962959753
shared,1000.0,0.9,0.1,10,1.0,negative,5,jaccard_with_society_top5,0.21610978835978836,0.0019497376782000642,300,0.028346357962959753
shared,1000.0,0.9,0.1,10,1.0,negative,5,society_share_negative_top5,1.0,0.0,300,0.028346357962959753
shared,1000.0,0.9,0.1,10,1.0,positive,5,jaccard_mean_pairwise,0.05978815093288768,0.00035378843281053617,300,0.028346357962959753
shared,1000.0,0.9,0.1,10,1.0,positive,5,share_negative_mean,1.0,0.0,300,0.028346357962959753
shared,1000.0,0.9,0.1,10,1.0,positive,5,share_negative_sd_across_perceivers,0.0,0.0,300,0.028346357962959753
shared,1000.0,0.9,0.1,10,1.0,positive,5,prop_perceivers_majority_negative,1.0,0.0,300,0.028346357962959753
shared,1000.0,0.9,0.1,10,1.0,positive,5,hit_rate_true_differences,0.0,0.0,300,0.028346357962959753
shared,1000.0,0.9,0.1,10,1.0,positive,5,jaccard_with_society_top5,0.07870238095238095,0.0012560570322923735,300,0.028346357962959753
shared,1000.0,0.9,0.1,10,1.0,positive,5,society_share_negative_top5,0.9933333333333333,0.002643151615876648,300,0.028346357962959753
shared,1000.0,0.9,0.1,10,1.0,mixed,5,jaccard_mean_pairwise,0.08270419103313827,0.0008658142608043804,300,0.028346357962959753
shared,1000.0,0.9,0.1,10,1.0,mixed,5,share_negative_mean,1.0,0.0,300,0.028346357962959753
shared,1000.0,0.9,0.1,10,1.0,mixed,5,share_negative_sd_across_perceivers,0.0,0.0,300,0.028346357962959753
shared,1000.0,0.9,0.1,10,1.0,mixed,5,prop_perceivers_majority_negative,1.0,0.0,300,0.028346357962959753
shared,1000.0,0.9,0.1,10,1.0,mixed,5,hit_rate_true_differences,0.1861666666666667,0.004381591758670665,300,0.028346357962959753
shared,1000.0,0.9,0.1,10,1.0,mixed,5,jaccard_with_society_top5,0.15166931216931218,0.0022655390345589746,300,0.028346357962959753
shared,1000.0,0.9,0.1,10,1.0,mixed,5,society_share_negative_top5,1.0,0.0,300,0.028346357962959753
shared,1000.0,0.9,0.1,10,2.0,negative,5,jaccard_mean_pairwise,0.3076193260930106,0.0023783923377718994,300,0.028346357962959753
shared,1000.0,0.9,0.1,10,2.0,negative,5,share_negative_mean,1.0,0.0,300,0.028346357962959753
shared,1000.0,0.9,0.1,10,2.0,negative,5,share_negative_sd_across_perceivers,0.0,0.0,300,0.028346357962959753
shared,1000.0,0.9,0.1,10,2.0,negative,5,prop_perceivers_majority_negative,1.0,0.0,300,0.028346357962959753
shared,1000.0,0.9,0.1,10,2.0,negative,5,hit_rate_true_differences,0.6575333333333334,0.002147759888369724,300,0.028346357962959753
shared,1000.0,0.9,0.1,10,2.0,negative,5,jaccard_with_society_top5,0.5142414021164021,0.002484501783625983,300,0.028346357962959753
shared,1000.0,0.9,0.1,10,2.0,negative,5,society_share_negative_top5,1.0,0.0,300,0.028346357962959753
shared,1000.0,0.9,0.1,10,2.0,positive,5,jaccard_mean_pairwise,0.05961598440545802,0.0003338600498197503,300,0.028346357962959753
shared,1000.0,0.9,0.1,10,2.0,positive,5,share_negative_mean,1.0,0.0,300,0.028346357962959753
shared,1000.0,0.9,0.1,10,2.0,positive,5,share_negative_sd_across_perceivers,0.0,0.0,300,0.028346357962959753
shared,1000.0,0.9,0.1,10,2.0,positive,5,prop_perceivers_majority_negative,1.0,0.0,300,0.028346357962959753
shared,1000.0,0.9,0.1,10,2.0,positive,5,hit_rate_true_differences,0.0,0.0,300,0.028346357962959753
shared,1000.0,0.9,0.1,10,2.0,positive,5,jaccard_with_society_top5,0.07802910052910053,0.0011672768622458583,300,0.028346357962959753
shared,1000.0,0.9,0.1,10,2.0,positive,5,society_share_negative_top5,0.9800000000000002,0.004170288281141494,300,0.028346357962959753
shared,1000.0,0.9,0.1,10,2.0,mixed,5,jaccard_mean_pairwise,0.21290545808966874,0.004034975497497112,300,0.028346357962959753
shared,1000.0,0.9,0.1,10,2.0,mixed,5,share_negative_mean,1.0,0.0,300,0.028346357962959753
shared,1000.0,0.9,0.1,10,2.0,mixed,5,share_negative_sd_across_perceivers,0.0,0.0,300,0.028346357962959753
shared,1000.0,0.9,0.1,10,2.0,mixed,5,prop_perceivers_majority_negative,1.0,0.0,300,0.028346357962959753
shared,1000.0,0.9,0.1,10,2.0,mixed,5,hit_rate_true_differences,0.37700000000000006,0.009328454689262957,300,0.028346357962959753
shared,1000.0,0.9,0.1,10,2.0,mixed,5,jaccard_with_society_top5,0.294521164021164,0.0064589816967934735,300,0.028346357962959753
shared,1000.0,0.9,0.1,10,2.0,mixed,5,society_share_negative_top5,0.9973333333333335,0.0016284355387844547,300,0.028346357962959753
shared,1000.0,0.9,0.1,30,0.0,none,0,jaccard_mean_pairwise,0.06442140072403221,0.00040839359795387,300,0.028346357962959753
shared,1000.0,0.9,0.1,30,0.0,none,0,share_negative_mean,1.0,0.0,300,0.028346357962959753
shared,1000.0,0.9,0.1,30,0.0,none,0,share_negative_sd_across_perceivers,0.0,0.0,300,0.028346357962959753
shared,1000.0,0.9,0.1,30,0.0,none,0,prop_perceivers_majority_negative,1.0,0.0,300,0.028346357962959753
shared,1000.0,0.9,0.1,30,0.0,none,0,jaccard_with_society_top5,0.09659589947089947,0.0013919313662589178,300,0.028346357962959753
shared,1000.0,0.9,0.1,30,0.0,none,0,society_share_negative_top5,1.0,0.0,300,0.028346357962959753
shared,1000.0,0.9,0.1,30,0.25,negative,5,jaccard_mean_pairwise,0.0681598440545808,0.0004770820381710381,300,0.028346357962959753
shared,1000.0,0.9,0.1,30,0.25,negative,5,share_negative_mean,1.0,0.0,300,0.028346357962959753
shared,1000.0,0.9,0.1,30,0.25,negative,5,share_negative_sd_across_perceivers,0.0,0.0,300,0.028346357962959753
shared,1000.0,0.9,0.1,30,0.25,negative,5,prop_perceivers_majority_negative,1.0,0.0,300,0.028346357962959753
shared,1000.0,0.9,0.1,30,0.25,negative,5,hit_rate_true_differences,0.17970000000000003,0.002279453571400272,300,0.028346357962959753
shared,1000.0,0.9,0.1,30,0.25,negative,5,jaccard_with_society_top5,0.11489087301587302,0.001458608071851851,300,0.028346357962959753
shared,1000.0,0.9,0.1,30,0.25,negative,5,society_share_negative_top5,1.0,0.0,300,0.028346357962959753
shared,1000.0,0.9,0.1,30,0.25,positive,5,jaccard_mean_pairwise,0.06457901698691164,0.00043923224543162995,300,0.028346357962959753
shared,1000.0,0.9,0.1,30,0.25,positive,5,share_negative_mean,1.0,0.0,300,0.028346357962959753
shared,1000.0,0.9,0.1,30,0.25,positive,5,share_negative_sd_across_perceivers,0.0,0.0,300,0.028346357962959753
shared,1000.0,0.9,0.1,30,0.25,positive,5,prop_perceivers_majority_negative,1.0,0.0,300,0.028346357962959753
shared,1000.0,0.9,0.1,30,0.25,positive,5,hit_rate_true_differences,0.0,0.0,300,0.028346357962959753
shared,1000.0,0.9,0.1,30,0.25,positive,5,jaccard_with_society_top5,0.09422619047619048,0.0013531841255910132,300,0.028346357962959753
shared,1000.0,0.9,0.1,30,0.25,positive,5,society_share_negative_top5,1.0,0.0,300,0.028346357962959753
shared,1000.0,0.9,0.1,30,0.25,mixed,5,jaccard_mean_pairwise,0.06632156780840984,0.00047839923653321913,300,0.028346357962959753
shared,1000.0,0.9,0.1,30,0.25,mixed,5,share_negative_mean,1.0,0.0,300,0.028346357962959753
shared,1000.0,0.9,0.1,30,0.25,mixed,5,share_negative_sd_across_perceivers,0.0,0.0,300,0.028346357962959753
shared,1000.0,0.9,0.1,30,0.25,mixed,5,prop_perceivers_majority_negative,1.0,0.0,300,0.028346357962959753
shared,1000.0,0.9,0.1,30,0.25,mixed,5,hit_rate_true_differences,0.09423333333333335,0.002879450249978858,300,0.028346357962959753
shared,1000.0,0.9,0.1,30,0.25,mixed,5,jaccard_with_society_top5,0.10436706349206348,0.001460332464593609,300,0.028346357962959753
shared,1000.0,0.9,0.1,30,0.25,mixed,5,society_share_negative_top5,1.0,0.0,300,0.028346357962959753
shared,1000.0,0.9,0.1,30,0.5,negative,5,jaccard_mean_pairwise,0.0877805625174045,0.0008084137830376049,300,0.028346357962959753
shared,1000.0,0.9,0.1,30,0.5,negative,5,share_negative_mean,1.0,0.0,300,0.028346357962959753
shared,1000.0,0.9,0.1,30,0.5,negative,5,share_negative_sd_across_perceivers,0.0,0.0,300,0.028346357962959753
shared,1000.0,0.9,0.1,30,0.5,negative,5,prop_perceivers_majority_negative,1.0,0.0,300,0.028346357962959753
shared,1000.0,0.9,0.1,30,0.5,negative,5,hit_rate_true_differences,0.2876,0.0026716898063593912,300,0.028346357962959753
shared,1000.0,0.9,0.1,30,0.5,negative,5,jaccard_with_society_top5,0.182005291005291,0.0019695909137940077,300,0.028346357962959753
shared,1000.0,0.9,0.1,30,0.5,negative,5,society_share_negative_top5,1.0,0.0,300,0.028346357962959753
shared,1000.0,0.9,0.1,30,0.5,positive,5,jaccard_mean_pairwise,0.06364181286549699,0.0004042098280129683,300,0.028346357962959753
shared,1000.0,0.9,0.1,30,0.5,positive,5,share_negative_mean,1.0,0.0,300,0.028346357962959753
shared,1000.0,0.9,0.1,30,0.5,positive,5,share_negative_sd_across_perceivers,0.0,0.0,300,0.028346357962959753
shared,1000.0,0.9,0.1,30,0.5,positive,5,prop_perceivers_majority_negative,1.0,0.0,300,0.028346357962959753
shared,1000.0,0.9,0.1,30,0.5,positive,5,hit_rate_true_differences,0.0,0.0,300,0.028346357962959753
shared,1000.0,0.9,0.1,30,0.5,positive,5,jaccard_with_society_top5,0.09591534391534391,0.0012746567576033326,300,0.028346357962959753
shared,1000.0,0.9,0.1,30,0.5,positive,5,society_share_negative_top5,1.0,0.0,300,0.028346357962959753
shared,1000.0,0.9,0.1,30,0.5,mixed,5,jaccard_mean_pairwise,0.07767362851573367,0.0008068770059188657,300,0.028346357962959753
shared,1000.0,0.9,0.1,30,0.5,mixed,5,share_negative_mean,1.0,0.0,300,0.028346357962959753
shared,1000.0,0.9,0.1,30,0.5,mixed,5,share_negative_sd_across_perceivers,0.0,0.0,300,0.028346357962959753
shared,1000.0,0.9,0.1,30,0.5,mixed,5,prop_perceivers_majority_negative,1.0,0.0,300,0.028346357962959753
shared,1000.0,0.9,0.1,30,0.5,mixed,5,hit_rate_true_differences,0.15603333333333336,0.0041627691916553775,300,0.028346357962959753
shared,1000.0,0.9,0.1,30,0.5,mixed,5,jaccard_with_society_top5,0.14265740740740743,0.0019831364414712306,300,0.028346357962959753
shared,1000.0,0.9,0.1,30,0.5,mixed,5,society_share_negative_top5,1.0,0.0,300,0.028346357962959753
shared,1000.0,0.9,0.1,30,1.0,negative,5,jaccard_mean_pairwise,0.22536494012809816,0.0021794717545939855,300,0.028346357962959753
shared,1000.0,0.9,0.1,30,1.0,negative,5,share_negative_mean,1.0,0.0,300,0.028346357962959753
shared,1000.0,0.9,0.1,30,1.0,negative,5,share_negative_sd_across_perceivers,0.0,0.0,300,0.028346357962959753
shared,1000.0,0.9,0.1,30,1.0,negative,5,prop_perceivers_majority_negative,1.0,0.0,300,0.028346357962959753
shared,1000.0,0.9,0.1,30,1.0,negative,5,hit_rate_true_differences,0.5628333333333334,0.0027644253590865153,300,0.028346357962959753
shared,1000.0,0.9,0.1,30,1.0,negative,5,jaccard_with_society_top5,0.4149914021164021,0.0027792063386748353,300,0.028346357962959753
shared,1000.0,0.9,0.1,30,1.0,negative,5,society_share_negative_top5,1.0,0.0,300,0.028346357962959753
shared,1000.0,0.9,0.1,30,1.0,positive,5,jaccard_mean_pairwise,0.06359245335561116,0.00039322659207099357,300,0.028346357962959753
shared,1000.0,0.9,0.1,30,1.0,positive,5,share_negative_mean,1.0,0.0,300,0.028346357962959753
shared,1000.0,0.9,0.1,30,1.0,positive,5,share_negative_sd_across_perceivers,0.0,0.0,300,0.028346357962959753
shared,1000.0,0.9,0.1,30,1.0,positive,5,prop_perceivers_majority_negative,1.0,0.0,300,0.028346357962959753
shared,1000.0,0.9,0.1,30,1.0,positive,5,hit_rate_true_differences,0.0,0.0,300,0.028346357962959753
shared,1000.0,0.9,0.1,30,1.0,positive,5,jaccard_with_society_top5,0.09508267195767195,0.0012911990375930797,300,0.028346357962959753
shared,1000.0,0.9,0.1,30,1.0,positive,5,society_share_negative_top5,0.9973333333333333,0.001326627507082993,300,0.028346357962959753
shared,1000.0,0.9,0.1,30,1.0,mixed,5,jaccard_mean_pairwise,0.16007651072124748,0.002833185576600327,300,0.028346357962959753
shared,1000.0,0.9,0.1,30,1.0,mixed,5,share_negative_mean,1.0,0.0,300,0.028346357962959753
shared,1000.0,0.9,0.1,30,1.0,mixed,5,share_negative_sd_across_perceivers,0.0,0.0,300,0.028346357962959753
shared,1000.0,0.9,0.1,30,1.0,mixed,5,prop_perceivers_majority_negative,1.0,0.0,300,0.028346357962959753
shared,1000.0,0.9,0.1,30,1.0,mixed,5,hit_rate_true_differences,0.31270000000000003,0.007577259441684689,300,0.028346357962959753
shared,1000.0,0.9,0.1,30,1.0,mixed,5,jaccard_with_society_top5,0.25455555555555553,0.0046238835116805595,300,0.028346357962959753
shared,1000.0,0.9,0.1,30,1.0,mixed,5,society_share_negative_top5,0.9993333333333334,0.0006666666666666664,300,0.028346357962959753
shared,1000.0,0.9,0.1,30,2.0,negative,5,jaccard_mean_pairwise,0.8406175160122527,0.0034193739368340633,300,0.028346357962959753
shared,1000.0,0.9,0.1,30,2.0,negative,5,share_negative_mean,1.0,0.0,300,0.028346357962959753
shared,1000.0,0.9,0.1,30,2.0,negative,5,share_negative_sd_across_perceivers,0.0,0.0,300,0.028346357962959753
shared,1000.0,0.9,0.1,30,2.0,negative,5,prop_perceivers_majority_negative,1.0,0.0,300,0.028346357962959753
shared,1000.0,0.9,0.1,30,2.0,negative,5,hit_rate_true_differences,0.9486000000000001,0.0011918152685448681,300,0.028346357962959753
shared,1000.0,0.9,0.1,30,2.0,negative,5,jaccard_with_society_top5,0.9153630952380952,0.001925613173851748,300,0.028346357962959753
shared,1000.0,0.9,0.1,30,2.0,negative,5,society_share_negative_top5,1.0,0.0,300,0.028346357962959753
shared,1000.0,0.9,0.1,30,2.0,positive,5,jaccard_mean_pairwise,0.06308597883597875,0.00038117469476226304,300,0.028346357962959753
shared,1000.0,0.9,0.1,30,2.0,positive,5,share_negative_mean,1.0,0.0,300,0.028346357962959753
shared,1000.0,0.9,0.1,30,2.0,positive,5,share_negative_sd_across_perceivers,0.0,0.0,300,0.028346357962959753
shared,1000.0,0.9,0.1,30,2.0,positive,5,prop_perceivers_majority_negative,1.0,0.0,300,0.028346357962959753
shared,1000.0,0.9,0.1,30,2.0,positive,5,hit_rate_true_differences,0.0,0.0,300,0.028346357962959753
shared,1000.0,0.9,0.1,30,2.0,positive,5,jaccard_with_society_top5,0.09345568783068783,0.0014358475878634223,300,0.028346357962959753
shared,1000.0,0.9,0.1,30,2.0,positive,5,society_share_negative_top5,0.9820000000000001,0.004253400502015565,300,0.028346357962959753
shared,1000.0,0.9,0.1,30,2.0,mixed,5,jaccard_mean_pairwise,0.37343309663046553,0.010208241708571358,300,0.028346357962959753
shared,1000.0,0.9,0.1,30,2.0,mixed,5,share_negative_mean,1.0,0.0,300,0.028346357962959753
shared,1000.0,0.9,0.1,30,2.0,mixed,5,share_negative_sd_across_perceivers,0.0,0.0,300,0.028346357962959753
shared,1000.0,0.9,0.1,30,2.0,mixed,5,prop_perceivers_majority_negative,1.0,0.0,300,0.028346357962959753
shared,1000.0,0.9,0.1,30,2.0,mixed,5,hit_rate_true_differences,0.4844,0.012498023032069708,300,0.028346357962959753
shared,1000.0,0.9,0.1,30,2.0,mixed,5,jaccard_with_society_top5,0.3970568783068783,0.010261084080137959,300,0.028346357962959753
shared,1000.0,0.9,0.1,30,2.0,mixed,5,society_share_negative_top5,0.9973333333333333,0.0016284355387844547,300,0.028346357962959753
shared,1000.0,0.9,0.1,100,0.0,none,0,jaccard_mean_pairwise,0.07917794486215528,0.0006601430664201775,300,0.028346357962959753
shared,1000.0,0.9,0.1,100,0.0,none,0,share_negative_mean,1.0,0.0,300,0.028346357962959753
shared,1000.0,0.9,0.1,100,0.0,none,0,share_negative_sd_across_perceivers,0.0,0.0,300,0.028346357962959753
shared,1000.0,0.9,0.1,100,0.0,none,0,prop_perceivers_majority_negative,1.0,0.0,300,0.028346357962959753
shared,1000.0,0.9,0.1,100,0.0,none,0,jaccard_with_society_top5,0.1365978835978836,0.0017356378260465395,300,0.028346357962959753
shared,1000.0,0.9,0.1,100,0.0,none,0,society_share_negative_top5,1.0,0.0,300,0.028346357962959753
shared,1000.0,0.9,0.1,100,0.25,negative,5,jaccard_mean_pairwise,0.0963176691729322,0.0009545534349790637,300,0.028346357962959753
shared,1000.0,0.9,0.1,100,0.25,negative,5,share_negative_mean,1.0,0.0,300,0.028346357962959753
shared,1000.0,0.9,0.1,100,0.25,negative,5,share_negative_sd_across_perceivers,0.0,0.0,300,0.028346357962959753
shared,1000.0,0.9,0.1,100,0.25,negative,5,prop_perceivers_majority_negative,1.0,0.0,300,0.028346357962959753
shared,1000.0,0.9,0.1,100,0.25,negative,5,hit_rate_true_differences,0.2576333333333333,0.0032877931501000286,300,0.028346357962959753
shared,1000.0,0.9,0.1,100,0.25,negative,5,jaccard_with_society_top5,0.17895634920634917,0.0022537684483819177,300,0.028346357962959753
shared,1000.0,0.9,0.1,100,0.25,negative,5,society_share_negative_top5,1.0,0.0,300,0.028346357962959753
shared,1000.0,0.9,0.1,100,0.25,positive,5,jaccard_mean_pairwise,0.0789797410192146,0.000689231384189668,300,0.028346357962959753
shared,1000.0,0.9,0.1,100,0.25,positive,5,share_negative_mean,1.0,0.0,300,0.028346357962959753
shared,1000.0,0.9,0.1,100,0.25,positive,5,share_negative_sd_across_perceivers,0.0,0.0,300,0.028346357962959753
shared,1000.0,0.9,0.1,100,0.25,positive,5,prop_perceivers_majority_negative,1.0,0.0,300,0.028346357962959753
shared,1000.0,0.9,0.1,100,0.25,positive,5,hit_rate_true_differences,0.0,0.0,300,0.028346357962959753
shared,1000.0,0.9,0.1,100,0.25,positive,5,jaccard_with_society_top5,0.13725727513227512,0.0017945640360917164,300,0.028346357962959753
shared,1000.0,0.9,0.1,100,0.25,positive,5,society_share_negative_top5,1.0,0.0,300,0.028346357962959753
shared,1000.0,0.9,0.1,100,0.25,mixed,5,jaccard_mean_pairwise,0.08922786131996646,0.0009374003766218092,300,0.028346357962959753
shared,1000.0,0.9,0.1,100,0.25,mixed,5,share_negative_mean,1.0,0.0,300,0.028346357962959753
shared,1000.0,0.9,0.1,100,0.25,mixed,5,share_negative_sd_across_perceivers,0.0,0.0,300,0.028346357962959753
shared,1000.0,0.9,0.1,100,0.25,mixed,5,prop_perceivers_majority_negative,1.0,0.0,300,0.028346357962959753
shared,1000.0,0.9,0.1,100,0.25,mixed,5,hit_rate_true_differences,0.1421666666666667,0.004286677485504864,300,0.028346357962959753
shared,1000.0,0.9,0.1,100,0.25,mixed,5,jaccard_with_society_top5,0.16228373015873016,0.002135501282495332,300,0.028346357962959753
shared,1000.0,0.9,0.1,100,0.25,mixed,5,society_share_negative_top5,1.0,0.0,300,0.028346357962959753
shared,1000.0,0.9,0.1,100,0.5,negative,5,jaccard_mean_pairwise,0.19373649401280982,0.00221343476387557,300,0.028346357962959753
shared,1000.0,0.9,0.1,100,0.5,negative,5,share_negative_mean,1.0,0.0,300,0.028346357962959753
shared,1000.0,0.9,0.1,100,0.5,negative,5,share_negative_sd_across_perceivers,0.0,0.0,300,0.028346357962959753
shared,1000.0,0.9,0.1,100,0.5,negative,5,prop_perceivers_majority_negative,1.0,0.0,300,0.028346357962959753
shared,1000.0,0.9,0.1,100,0.5,negative,5,hit_rate_true_differences,0.49843333333333334,0.0032788700004908566,300,0.028346357962959753
shared,1000.0,0.9,0.1,100,0.5,negative,5,jaccard_with_society_top5,0.353656746031746,0.003049964204766304,300,0.028346357962959753
shared,1000.0,0.9,0.1,100,0.5,negative,5,society_share_negative_top5,1.0,0.0,300,0.028346357962959753
shared,1000.0,0.9,0.1,100,0.5,positive,5,jaccard_mean_pairwise,0.07863492063492053,0.0006077444770812038,300,0.028346357962959753
shared,1000.0,0.9,0.1,100,0.5,positive,5,share_negative_mean,1.0,0.0,300,0.028346357962959753
shared,1000.0,0.9,0.1,100,0.5,positive,5,share_negative_sd_across_perceivers,0.0,0.0,300,0.028346357962959753
shared,1000.0,0.9,0.1,100,0.5,positive,5,prop_perceivers_majority_negative,1.0,0.0,300,0.028346357962959753
shared,1000.0,0.9,0.1,100,0.5,positive,5,hit_rate_true_differences,0.0,0.0,300,0.028346357962959753
shared,1000.0,0.9,0.1,100,0.5,positive,5,jaccard_with_society_top5,0.13594841269841268,0.0016630794699900558,300,0.028346357962959753
shared,1000.0,0.9,0.1,100,0.5,positive,5,society_share_negative_top5,1.0,0.0,300,0.028346357962959753
shared,1000.0,0.9,0.1,100,0.5,mixed,5,jaccard_mean_pairwise,0.14418469785575036,0.00221253577906749,300,0.028346357962959753
shared,1000.0,0.9,0.1,100,0.5,mixed,5,share_negative_mean,1.0,0.0,300,0.028346357962959753
shared,1000.0,0.9,0.1,100,0.5,mixed,5,share_negative_sd_across_perceivers,0.0,0.0,300,0.028346357962959753
shared,1000.0,0.9,0.1,100,0.5,mixed,5,prop_perceivers_majority_negative,1.0,0.0,300,0.028346357962959753
shared,1000.0,0.9,0.1,100,0.5,mixed,5,hit_rate_true_differences,0.273,0.00682272744659197,300,0.028346357962959753
shared,1000.0,0.9,0.1,100,0.5,mixed,5,jaccard_with_society_top5,0.24954497354497354,0.0034638219869355643,300,0.028346357962959753
shared,1000.0,0.9,0.1,100,0.5,mixed,5,society_share_negative_top5,1.0,0.0,300,0.028346357962959753
shared,1000.0,0.9,0.1,100,1.0,negative,5,jaccard_mean_pairwise,0.6768124477861329,0.004342466174956336,300,0.028346357962959753
shared,1000.0,0.9,0.1,100,1.0,negative,5,share_negative_mean,1.0,0.0,300,0.028346357962959753
shared,1000.0,0.9,0.1,100,1.0,negative,5,share_negative_sd_across_perceivers,0.0,0.0,300,0.028346357962959753
shared,1000.0,0.9,0.1,100,1.0,negative,5,prop_perceivers_majority_negative,1.0,0.0,300,0.028346357962959753
shared,1000.0,0.9,0.1,100,1.0,negative,5,hit_rate_true_differences,0.8837333333333334,0.0019221720650839044,300,0.028346357962959753
shared,1000.0,0.9,0.1,100,1.0,negative,5,jaccard_with_society_top5,0.8128273809523809,0.00296997828732732,300,0.028346357962959753
shared,1000.0,0.9,0.1,100,1.0,negative,5,society_share_negative_top5,1.0,0.0,300,0.028346357962959753
shared,1000.0,0.9,0.1,100,1.0,positive,5,jaccard_mean_pairwise,0.07917982456140339,0.0006528216626914065,300,0.028346357962959753
shared,1000.0,0.9,0.1,100,1.0,positive,5,share_negative_mean,1.0,0.0,300,0.028346357962959753
shared,1000.0,0.9,0.1,100,1.0,positive,5,share_negative_sd_across_perceivers,0.0,0.0,300,0.028346357962959753
shared,1000.0,0.9,0.1,100,1.0,positive,5,prop_perceivers_majority_negative,1.0,0.0,300,0.028346357962959753
shared,1000.0,0.9,0.1,100,1.0,positive,5,hit_rate_true_differences,0.0,0.0,300,0.028346357962959753
shared,1000.0,0.9,0.1,100,1.0,positive,5,jaccard_with_society_top5,0.13687433862433862,0.001757660968490782,300,0.028346357962959753
shared,1000.0,0.9,0.1,100,1.0,positive,5,society_share_negative_top5,1.0,0.0,300,0.028346357962959753
shared,1000.0,0.9,0.1,100,1.0,mixed,5,jaccard_mean_pairwise,0.36102339181286597,0.008333182044019779,300,0.028346357962959753
shared,1000.0,0.9,0.1,100,1.0,mixed,5,share_negative_mean,1.0,0.0,300,0.028346357962959753
shared,1000.0,0.9,0.1,100,1.0,mixed,5,share_negative_sd_across_perceivers,0.0,0.0,300,0.028346357962959753
shared,1000.0,0.9,0.1,100,1.0,mixed,5,prop_perceivers_majority_negative,1.0,0.0,300,0.028346357962959753
shared,1000.0,0.9,0.1,100,1.0,mixed,5,hit_rate_true_differences,0.4837,0.011572076971760803,300,0.028346357962959753
shared,1000.0,0.9,0.1,100,1.0,mixed,5,jaccard_with_society_top5,0.41893253968253963,0.008920459515896286,300,0.028346357962959753
shared,1000.0,0.9,0.1,100,1.0,mixed,5,society_share_negative_top5,1.0,0.0,300,0.028346357962959753
shared,1000.0,0.9,0.1,100,2.0,negative,5,jaccard_mean_pairwise,1.0,0.0,300,0.028346357962959753
shared,1000.0,0.9,0.1,100,2.0,negative,5,share_negative_mean,1.0,0.0,300,0.028346357962959753
shared,1000.0,0.9,0.1,100,2.0,negative,5,share_negative_sd_across_perceivers,0.0,0.0,300,0.028346357962959753
shared,1000.0,0.9,0.1,100,2.0,negative,5,prop_perceivers_majority_negative,1.0,0.0,300,0.028346357962959753
shared,1000.0,0.9,0.1,100,2.0,negative,5,hit_rate_true_differences,1.0,0.0,300,0.028346357962959753
shared,1000.0,0.9,0.1,100,2.0,negative,5,jaccard_with_society_top5,1.0,0.0,300,0.028346357962959753
shared,1000.0,0.9,0.1,100,2.0,negative,5,society_share_negative_top5,1.0,0.0,300,0.028346357962959753
shared,1000.0,0.9,0.1,100,2.0,positive,5,jaccard_mean_pairwise,0.07864550264550253,0.0006243164244938733,300,0.028346357962959753
shared,1000.0,0.9,0.1,100,2.0,positive,5,share_negative_mean,1.0,0.0,300,0.028346357962959753
shared,1000.0,0.9,0.1,100,2.0,positive,5,share_negative_sd_across_perceivers,0.0,0.0,300,0.028346357962959753
shared,1000.0,0.9,0.1,100,2.0,positive,5,prop_perceivers_majority_negative,1.0,0.0,300,0.028346357962959753
shared,1000.0,0.9,0.1,100,2.0,positive,5,hit_rate_true_differences,0.0,0.0,300,0.028346357962959753
shared,1000.0,0.9,0.1,100,2.0,positive,5,jaccard_with_society_top5,0.13374404761904762,0.001808852317863456,300,0.028346357962959753
shared,1000.0,0.9,0.1,100,2.0,positive,5,society_share_negative_top5,0.98,0.00427588191011551,300,0.028346357962959753
shared,1000.0,0.9,0.1,100,2.0,mixed,5,jaccard_mean_pairwise,0.41144033695349547,0.011498637366221873,300,0.028346357962959753
shared,1000.0,0.9,0.1,100,2.0,mixed,5,share_negative_mean,1.0,0.0,300,0.028346357962959753
shared,1000.0,0.9,0.1,100,2.0,mixed,5,share_negative_sd_across_perceivers,0.0,0.0,300,0.028346357962959753
shared,1000.0,0.9,0.1,100,2.0,mixed,5,prop_perceivers_majority_negative,1.0,0.0,300,0.028346357962959753
shared,1000.0,0.9,0.1,100,2.0,mixed,5,hit_rate_true_differences,0.506,0.013300908175965376,300,0.028346357962959753
shared,1000.0,0.9,0.1,100,2.0,mixed,5,jaccard_with_society_top5,0.4478154761904761,0.010800643054809727,300,0.028346357962959753
shared,1000.0,0.9,0.1,100,2.0,mixed,5,society_share_negative_top5,0.9953333333333332,0.0025721834758662024,300,0.028346357962959753
